norm_title,Genres,Year,$Worldwide
toy story 3,"Animation, Family, Comedy",2010,1066969703.0
alice in wonderland,"Family, Fantasy, Adventure",2010,1025467110.0
harry potter and the deathly hallows part 1,"Adventure, Fantasy",2010,960283305.0
inception,"Action, Science Fiction, Adventure",2010,828258695.0
shrek forever after,"Comedy, Adventure, Fantasy, Animation, Family",2010,752600867.0
the twilight saga eclipse,"Adventure, Fantasy, Drama, Romance",2010,698491347.0
iron man 2,"Adventure, Action, Science Fiction",2010,623933331.0
tangled,"Animation, Family",2010,591794936.0
despicable me,"Animation, Family, Comedy",2010,543239815.0
how to train your dragon,"Fantasy, Adventure, Animation, Family",2010,494878759.0
clash of the titans,"Adventure, Fantasy, Action",2010,493214993.0
the chronicles of narnia the voyage of the dawn treader,"Adventure, Family, Fantasy",2010,415686217.0
the kings speech,"Drama, History",2010,412018551.0
tron legacy,"Adventure, Action, Science Fiction",2010,400062763.0
the karate kid,"Action, Adventure, Drama, Family",2010,359126022.0
black swan,"Drama, Thriller, Horror",2010,329398046.0
megamind,"Animation, Action, Comedy, Family, Science Fiction",2010,321885765.0
robin hood,"Action, Adventure, History",2010,321669741.0
the last airbender,"Action, Adventure, Fantasy",2010,319713881.0
little fockers,"Comedy, Romance",2010,310650585.0
resident evil afterlife,"Action, Adventure, Horror, Science Fiction",2010,300228084.0
shutter island,"Drama, Thriller, Mystery",2010,294804195.0
salt,"Action, Mystery, Thriller",2010,293503354.0
sex and the city 2,"Comedy, Drama, Romance",2010,290745055.0
the tourist,"Action, Thriller, Romance",2010,278780441.0
the expendables,"Thriller, Adventure, Action",2010,274470394.0
grown ups,Comedy,2010,271430189.0
knight and day 2010 rerelease,,2010,261930436.0
true grit,"Drama, Adventure, Western",2010,252276927.0
gullivers travels,"Family, Comedy, Adventure, Fantasy",2010,237382724.0
percy jackson the olympians the lightning thief,"Adventure, Fantasy, Family",2010,226497209.0
the social network,Drama,2010,224920315.0
valentines day,"Comedy, Romance",2010,216485654.0
the sorcerers apprentice,"Fantasy, Adventure, Action",2010,215283742.0
due date,"Comedy, Drama",2010,211780824.0
eat pray love,"Drama, Romance",2010,204594016.0
yogi bear,"Comedy, Family, Animation, Adventure",2010,203509374.0
red,"Action, Adventure, Comedy, Crime, Thriller",2010,199006387.0
paranormal activity 2,"Horror, Mystery",2010,177512032.0
the ateam,"Thriller, Action, Adventure, Comedy, Crime",2010,177238796.0
jackass 3d,"Comedy, Documentary, Action",2010,171685792.0
the other guys,"Action, Comedy, Crime",2010,170458922.0
unstoppable,"Action, Thriller",2010,167805466.0
step up 3d,"Drama, Romance",2010,159291809.0
the book of eli,"Action, Thriller, Science Fiction",2010,157107755.0
the town,"Crime, Drama, Thriller",2010,154026136.0
date night,"Comedy, Action, Adventure",2010,152263880.0
the secret world of arrietty,"Fantasy, Animation, Family",2010,148979794.0
legend of the guardians the owls of gahoole,"Animation, Adventure, Family, Fantasy",2010,140073390.0
the wolfman,"Horror, Thriller",2010,139789765.0
the bounty hunter,"Action, Comedy, Romance",2010,136333522.0
saw 3d,"Horror, Crime",2010,136150434.0
wall street money never sleeps,"Drama, Crime",2010,134748021.0
the adjustment bureau,,2010,127869379.0
predators,"Science Fiction, Action, Thriller",2010,127233108.0
a nightmare on elm street,Horror,2010,115694863.0
dear john,"Drama, Romance, War",2010,114991723.0
cats dogs the revenge of kitty galore,"Family, Adventure, Comedy, Fantasy, Action, Animation",2010,112483764.0
tooth fairy,"Comedy, Family, Fantasy",2010,112462508.0
sanctum,,2010,108609310.0
harmony,"Drama, Music",2010,107056263.0
hereafter,"Drama, Fantasy",2010,106956330.0
life as we know it,"Comedy, Romance, Drama",2010,105734416.0
let the bullets fly,"Action, Comedy",2010,104723314.0
love other drugs,"Drama, Comedy, Romance",2010,102820008.0
aftershock,Drama,2010,100293273.0
umizaru 3 the last message,"Action, Drama",2010,98663381.0
killers,"Action, Comedy, Thriller, Romance",2010,98159963.0
kickass,"Action, Crime",2010,96188903.0
nanny mcphee returns,"Comedy, Fantasy, Family",2010,93251121.0
get him to the greek,"Adventure, Comedy, Music",2010,91720255.0
burlesque,"Drama, Romance",2010,89519773.0
the last song,"Drama, Family, Romance",2010,89137047.0
dinner for schmucks,Comedy,2010,86855739.0
bayside shakedown 3 set the guys loose,"Action, Drama, Comedy",2010,85347374.0
marmaduke,"Family, Comedy",2010,83761844.0
piranha 3d,"Comedy, Horror",2010,83188165.0
oceans,"Documentary, Family",2010,83090556.0
blades of blood 2010 rerelease,,2010,82177196.0
edge of darkness,"Crime, Drama, Mystery, Thriller",2010,81126522.0
vampires suck,"Comedy, Fantasy",2010,80547866.0
letters to juliet,"Comedy, Drama, Romance",2010,79293444.0
the backup plan,"Comedy, Romance",2010,77477008.0
diary of a wimpy kid,"Comedy, Family",2010,76196538.0
if you are the one 2,"Comedy, Romance, Fantasy",2010,76085443.0
easy a,Comedy,2010,75026216.0
hubble,Documentary,2010,74249729.0
pokémon zoroark master of illusions,"Family, Animation, Adventure, Fantasy",2010,71143529.0
a turtles tale sammys adventures,"Animation, Family",2010,70627617.0
the last exorcism,"Horror, Thriller, Mystery",2010,69432527.0
takers,"Action, Crime, Drama, Thriller",2010,69055695.0
bestseller,"Horror, Thriller, Mystery",2010,68813389.0
legion,"Horror, Action, Fantasy",2010,67918658.0
the american,"Crime, Drama, Thriller",2010,67876281.0
the next three days,"Romance, Drama, Thriller, Crime",2010,67448651.0
skyline,"Science Fiction, Action, Thriller",2010,66984887.0
hot tub time machine,"Science Fiction, Comedy, Adventure",2010,64735752.0
elite squad 2 the enemy within,"Drama, Action, Crime",2010,63618850.0
devil,"Horror, Mystery, Thriller",2010,62695489.0
127 hours,"Adventure, Drama, Thriller",2010,60738797.0
why did i get married too,"Comedy, Romance",2010,60673972.0
the ghost writer,"Thriller, Mystery",2010,60331447.0
secretariat,Drama,2010,60321861.0
morning glory,"Drama, Comedy, Romance",2010,60040976.0
remember me,"Drama, Romance",2010,56032889.0
cop out,"Action, Comedy, Crime",2010,55611001.0
veda atatürk,"History, Drama",2010,55024621.0
the crazies,"Mystery, Horror, Action",2010,54806823.0
little white lies,"Comedy, Drama",2010,53319615.0
from paris with love,"Action, Crime, Thriller",2010,52830951.0
detective dee the mystery of the phantom flame,"Action, Adventure, Drama, Mystery",2010,51899269.0
conference of animals,,2010,51883642.0
daybreakers,"Action, Fantasy, Science Fiction",2010,51416464.0
alpha and omega,"Animation, Family, Comedy, Adventure, Romance",2010,50507267.0
the switch,"Comedy, Romance, Drama",2010,49830607.0
space battleship yamato,"Science Fiction, Action, Adventure, Drama",2010,49827298.0
shes out of my league,"Romance, Comedy",2010,49779728.0
death at a funeral,Comedy,2010,49050886.0
how do you know,"Comedy, Drama, Romance",2010,48668907.0
charlie st cloud,"Drama, Romance",2010,48190704.0
heartbreaker,"Romance, Comedy",2010,48023509.0
scott pilgrim vs the world,"Action, Comedy, Romance",2010,47664559.0
streetdance 2,,2010,46960833.0
welcome to the south,Comedy,2010,45896492.0
machete,"Action, Comedy, Thriller",2010,45491656.0
confessions,"Drama, Thriller, Mystery",2010,45203103.0
avatar 2010 special edition,,2010,44838548.0
the man from nowhere,"Action, Thriller, Crime",2010,44723232.0
of gods and men,"Drama, History",2010,43803417.0
boy,"Drama, Comedy",2010,43551154.0
when in rome,"Comedy, Fantasy, Romance",2010,43053376.0
my name is khan,"Drama, Romance",2010,42345360.0
going the distance,"Comedy, Drama, Romance",2010,42059111.0
nodame cantabile the movie ii 2010 rerelease,,2010,41054604.0
sp the motion picture i,,2010,39674739.0
kokkurisan gekijôban,,2010,37982240.0
for colored girls,Drama,2010,37981984.0
detective conan the lost ship in the sky,"Animation, Crime, Mystery, Action",2010,36407407.0
secret reunion,"Thriller, Action, Drama",2010,36298578.0
furry vengeance,"Family, Comedy",2010,36288132.0
you will meet a tall dark stranger,"Comedy, Drama, Romance",2010,35867322.0
faster,"Crime, Drama, Action, Thriller",2010,35626958.0
the kids are all right,"Comedy, Drama",2010,34705850.0
doraemon the movie nobitas great battle of the mermaid king,"Adventure, Family, Animation, Fantasy",2010,34702573.0
the extraordinary adventures of adèle blancsec,"Fantasy, Adventure, Action, Mystery",2010,34604339.0
camping 2,Comedy,2010,33857735.0
arthur 3 the war of the two worlds,"Animation, Adventure, Fantasy, Family",2010,33519334.0
dogwood tree,,2010,33016351.0
leap year,"Romance, Comedy",2010,32686500.0
potiche,Comedy,2010,32309881.0
you again,"Comedy, Romance",2010,32054369.0
raajneeti,"Drama, Thriller",2010,29459596.0
the losers,"Action, Adventure, Crime, Mystery, Thriller",2010,29397654.0
the santa claus gang,,2010,29181330.0
sacrifice,Science Fiction,2010,29093560.0
the lady shogun and her men,"Science Fiction, Drama, History",2010,27769952.0
legend of the fist the return of chen zhen,"Drama, Action, History, Thriller",2010,27390678.0
ramona and beezus,"Comedy, Family",2010,27293743.0
splice 2010 rerelease,,2010,27127620.0
let me in,"Drama, Horror, Mystery",2010,27093592.0
fair game,"Drama, Thriller",2010,25798915.0
the round up,"Drama, History, War",2010,25623521.0
christmas in south africa,,2010,25362517.0
biutiful,Drama,2010,25147786.0
six degrees of celebration,Comedy,2010,25030264.0
sarahs key,"Drama, War",2010,24792815.0
lottery ticket,Comedy,2010,24719879.0
liar game the final stage,"Thriller, Drama, TV Movie, Mystery",2010,24658706.0
the way back,"Drama, Adventure, History",2010,24172201.0
nasha russia yaytsa sudby,,2010,24022125.0
just call me nobody,Comedy,2010,23705022.0
act of vengeance,Drama,2010,23423390.0
under the hawthorn tree,"Drama, Romance",2010,23004431.0
recep ivedik 3,Comedy,2010,22588876.0
villain,"Crime, Drama",2010,22414467.0
a thousand words,,2010,22044277.0
me them and lara,"Comedy, Drama",2010,22039646.0
moss,"Drama, Thriller, Crime, Mystery",2010,21925534.0
22 bullets,"Drama, Crime, Thriller",2010,21695883.0
inazuma eleven go the movie the ultimate bonds gryphon,,2010,21645379.0
just wright,"Romance, Comedy",2010,21584424.0
my soul to take,"Horror, Mystery",2010,21500813.0
our family wedding,Comedy,2010,21409028.0
astral city a spiritual journey,Drama,2010,21218935.0
71 into the fire,War,2010,20967660.0
country strong,"Drama, Romance, Music",2010,20529194.0
beck,"Drama, Music",2010,20219060.0
how not to rescue a princess,"Animation, Family, Comedy, Adventure",2010,20157447.0
about her brother,"Comedy, Drama",2010,19969473.0
trick the movie psychic battle royale,"Action, Thriller, Science Fiction",2010,19795115.0
hello ghost,"Comedy, Drama, Romance, Family",2010,19774455.0
another year,"Drama, Comedy",2010,19722766.0
youth in revolt,"Comedy, Romance",2010,19651093.0
hot summer days,"Drama, Comedy, Romance",2010,19573451.0
buried,"Drama, Thriller, Mystery",2010,19439764.0
the servant,"Romance, Drama, History, Comedy",2010,19259164.0
norwegian wood,"Drama, Romance",2010,19115721.0
head over heels,Comedy,2010,18876082.0
13 assassins,"Adventure, Drama, Action",2010,18689058.0
green zone 2010 rerelease,,2010,18495045.0
harry potter and the deathly hallows part 2,"Fantasy, Adventure",2011,1341511219.0
transformers dark of the moon,"Action, Science Fiction, Adventure",2011,1123794079.0
pirates of the caribbean on stranger tides,"Adventure, Action, Fantasy",2011,1045713802.0
the twilight saga breaking dawn part 1,"Adventure, Fantasy, Romance",2011,712205856.0
mission impossible ghost protocol,"Action, Thriller, Adventure",2011,694713380.0
kung fu panda 2,"Animation, Family, Comedy",2011,665692281.0
fast five,"Action, Thriller, Crime",2011,626137675.0
the hangover part ii,Comedy,2011,586764305.0
the smurfs,"Animation, Family, Adventure, Comedy, Fantasy",2011,563749323.0
cars 2,"Animation, Family, Adventure, Comedy",2011,559852396.0
puss in boots,"Animation, Family, Fantasy, Adventure, Comedy",2011,554987477.0
sherlock holmes a game of shadows,"Adventure, Action, Crime, Mystery",2011,543848418.0
rio,"Animation, Adventure, Comedy, Family",2011,483866518.0
rise of the planet of the apes,"Thriller, Action, Drama, Science Fiction",2011,481800873.0
thor,"Adventure, Fantasy, Action",2011,449326618.0
the intouchables,"Drama, Comedy",2011,426588510.0
the adventures of tintin,"Adventure, Animation, Mystery",2011,373993951.0
captain america the first avenger,"Action, Adventure, Science Fiction",2011,370569774.0
xmen first class,"Action, Science Fiction, Adventure",2011,352616690.0
alvin and the chipmunks chipwrecked,"Comedy, Fantasy, Family, Music, Animation",2011,342695435.0
real steel,"Action, Science Fiction, Drama",2011,299268508.0
bridesmaids,"Comedy, Romance",2011,288383523.0
super 8,"Thriller, Science Fiction, Mystery",2011,260095986.0
rango,"Animation, Comedy, Family, Western, Adventure",2011,245724603.0
green lantern,"Adventure, Action, Thriller, Science Fiction",2011,237201172.0
the girl with the dragon tattoo,"Thriller, Crime, Mystery",2011,232617430.0
the green hornet,"Action, Crime, Comedy",2011,227817248.0
immortals,"Fantasy, Action, Drama",2011,226904017.0
the help,Drama,2011,216639112.0
bad teacher,Comedy,2011,216197492.0
just go with it,"Comedy, Romance",2011,214945591.0
battle los angeles,"Science Fiction, Action",2011,211819354.0
horrible bosses,"Comedy, Crime",2011,209838559.0
paranormal activity 3,"Horror, Mystery",2011,207039844.0
gnomeo juliet,"Animation, Family",2011,193967670.0
mr poppers penguins,"Comedy, Family",2011,187361754.0
the lion king 2011 3d release,,2011,186042001.0
hugo,"Adventure, Drama, Family",2011,185770160.0
hop,"Animation, Comedy, Family",2011,183953723.0
war horse,"War, History, Adventure",2011,177584879.0
the descendants,"Comedy, Drama",2011,177243185.0
cowboys aliens,"Action, Science Fiction, Thriller, Western",2011,174822325.0
in time,"Action, Thriller, Science Fiction",2011,173930596.0
zookeeper,"Comedy, Romance, Family",2011,169852759.0
the muppets,"Comedy, Family, Music",2011,165184237.0
limitless,"Thriller, Mystery, Science Fiction",2011,161849455.0
johnny english reborn,"Crime, Action, Comedy",2011,160078586.0
happy feet two,"Animation, Comedy, Family",2011,159196259.0
final destination 5,"Horror, Mystery",2011,157887643.0
tower heist,"Action, Comedy",2011,152930623.0
midnight in paris,"Fantasy, Comedy, Romance",2011,151672318.0
i am number four,"Action, Thriller, Science Fiction, Adventure",2011,149878437.0
jack and jill,"Comedy, Family",2011,149673788.0
friends with benefits,"Romance, Comedy",2011,149542245.0
no strings attached,"Comedy, Romance",2011,149228077.0
arthur christmas,"Drama, Animation, Family, Comedy",2011,147419472.0
source code,"Thriller, Science Fiction, Mystery",2011,147332697.0
crazy stupid love,"Comedy, Drama, Romance",2011,145051197.0
new years eve,"Comedy, Romance",2011,142044638.0
contagion,"Drama, Thriller, Science Fiction",2011,136515867.0
unknown,"Action, Mystery, Thriller",2011,135710029.0
the artist,"Drama, Comedy, Romance",2011,133432856.0
the three musketeers,"Adventure, Action, Thriller",2011,132274484.0
we bought a zoo,"Drama, Comedy, Family",2011,120081841.0
hankyu railways a 15minute miracle,"Romance, Drama",2011,118799256.0
water for elephants,"Drama, Romance",2011,117094902.0
the iron lady,"History, Drama",2011,115890699.0
moneyball,Drama,2011,110206216.0
insidious,"Horror, Thriller",2011,99557032.0
justin bieber never say never,"Music, Documentary, Family",2011,99036827.0
paul,"Adventure, Comedy, Science Fiction",2011,97984015.0
scream 4,"Horror, Mystery",2011,97138686.0
the rite,"Drama, Thriller, Horror",2011,96560591.0
dolphin tale,"Drama, Family",2011,95932565.0
nothing to declare,Comedy,2011,93811164.0
season of the witch,"Adventure, Fantasy, Action",2011,91627228.0
red riding hood,"Thriller, Drama, Fantasy, Mystery, Horror",2011,90260376.0
sucker punch,"Action, Fantasy, Thriller",2011,89792502.0
the inbetweeners,Comedy,2011,88823111.0
the lincoln lawyer,"Crime, Drama, Thriller",2011,86752352.0
hall pass,"Comedy, Romance",2011,86157237.0
spy kids 4 all the time in the world,"Family, Comedy, Action",2011,85564310.0
j edgar,"Drama, Crime, History",2011,84920539.0
big mommas like father like son,"Crime, Comedy, Action",2011,82686066.0
abduction,"Thriller, Action, Mystery",2011,82087155.0
tinker tailor soldier spy,"Drama, Thriller, Mystery",2011,81244605.0
priest,"Action, Fantasy, Horror, Thriller",2011,78309505.0
the ides of march,Drama,2011,76338111.0
drive,"Drama, Thriller, Crime",2011,76319533.0
the mechanic,"Action, Thriller, Crime",2011,76130093.0
the changeup,Comedy,2011,75450437.0
larry crowne,"Comedy, Romance, Drama",2011,75055070.0
diary of a wimpy kid rodrick rules,"Family, Comedy",2011,72526996.0
the dilemma,"Comedy, Drama",2011,69721966.0
something borrowed,"Comedy, Drama, Romance",2011,65100369.0
the darkest hour,"Horror, Action, Thriller, Science Fiction",2011,64626786.0
hanna,"Action, Thriller, Adventure",2011,63782078.0
footloose 2011 rerelease,,2011,63543328.0
conan the barbarian,"Adventure, Fantasy, Action",2011,63523283.0
colombiana,"Action, Thriller, Crime, Drama",2011,63458440.0
from up on poppy hill,"Animation, Drama",2011,61459425.0
what a beautiful day,Comedy,2011,60661950.0
one day,"Drama, Romance",2011,59389433.0
the tree of life,"Drama, Fantasy",2011,58386787.0
beginning of the great revival,"Drama, Action, History, War",2011,58309289.0
killer elite,"Action, Adventure, Thriller",2011,57084522.0
gekijouban tenpesuto 3d,,2011,57082491.0
silent hill revelation,,2011,55362705.0
extremely loud incredibly close,Drama,2011,55247881.0
madeas big happy family,"Comedy, Drama",2011,54161287.0
a ghost of a chance,"Mystery, Comedy, Drama, Fantasy",2011,53982636.0
sunny,"Drama, Comedy",2011,51116421.0
war of the arrows,"Drama, Action, History",2011,50587661.0
kokowääh,Comedy,2011,50447784.0
winnie the pooh,"Animation, Family, Comedy, Adventure",2011,49871429.0
arthur,"Comedy, Romance",2011,48147945.0
soul surfer,"Family, Drama",2011,47120948.0
the debt,"Drama, Thriller",2011,45636368.0
beastly,"Drama, Fantasy, Romance",2011,43202283.0
detective conan quarter of silence,"Animation, Action, Crime, Mystery",2011,42808575.0
shaolin,"Action, Drama",2011,42741494.0
born to be wild,"Documentary, Adventure",2011,41644475.0
shark night,"Thriller, Horror",2011,41363927.0
5050,"Crime, Drama",2011,41097853.0
fright night,"Horror, Comedy",2011,41002607.0
drive angry,"Fantasy, Thriller, Action, Crime",2011,40909909.0
30 minutes or less,"Action, Adventure, Comedy",2011,40662632.0
gantz,"Horror, Action, Science Fiction",2011,40568961.0
the roommate,"Thriller, Drama, Horror",2011,40492652.0
sp the motion picture ii,"Action, Drama, Thriller",2011,40255101.0
dream house,"Mystery, Drama, Thriller",2011,39984400.0
monte carlo,"Adventure, Comedy, Romance",2011,39782683.0
kaibutsukun the movie,"Comedy, Fantasy",2011,39766344.0
mars needs moms,"Adventure, Animation, Family",2011,39233678.0
the crown jewels,"Drama, Romance",2011,39000000.0
dont be afraid of the dark,"Fantasy, Horror, Thriller",2011,38269529.0
jumping the broom,Comedy,2011,38158601.0
one for the money,,2011,38080789.0
the eagle,"Adventure, Drama",2011,37989684.0
a very harold kumar christmas,Comedy,2011,36192775.0
raone,"Adventure, Action, Science Fiction",2011,35911689.0
courageous,Drama,2011,35185884.0
my week with marilyn,"Drama, Romance",2011,35057696.0
the sitter,Comedy,2011,34942188.0
jane eyre,"Drama, Romance",2011,34710627.0
the skin i live in,"Drama, Horror, Mystery, Thriller",2011,33678406.0
gantz perfect answer,"Action, Mystery, Science Fiction, Horror",2011,33672515.0
punch,"Drama, Comedy, Romance",2011,33556725.0
detective k secret of virtuous widow,"Mystery, Action, History, Comedy, Crime",2011,32358664.0
bodyguard,"Drama, Action, Romance",2011,31516209.0
the thing,"Horror, Science Fiction, Mystery",2011,31505287.0
i dont know how she does it,"Romance, Comedy",2011,31410151.0
alls well ends well 2011,Comedy,2011,31335572.0
vysotsky thank you for being alive,,2011,31016553.0
silenced,Drama,2011,30996130.0
african cats,"Documentary, Adventure",2011,30857747.0
a dangerous method,"Drama, Thriller",2011,30519436.0
whats your number,"Comedy, Romance",2011,30426096.0
doraemon nobita and the new steel troops winged angels,"Animation, Adventure, Family, Science Fiction",2011,30236973.0
eternal moment,"Romance, Drama",2011,30186159.0
the rum diary,"Comedy, Drama",2011,30134958.0
my own swordsman,"Action, Comedy",2011,30082188.0
carnage,"Comedy, Drama",2011,30035601.0
you are the apple of my eye,"Romance, Comedy",2011,29843025.0
torrente 4 lethal crisis,"Comedy, Crime, Action",2011,29737384.0
the sorcerer and the white snake,"Action, Fantasy",2011,29649716.0
unfair the answer,"Action, Thriller, Mystery",2011,29166054.0
dragon,"Action, Animation",2011,29140858.0
yolki 2,"Comedy, Romance",2011,28719002.0
your highness,"Comedy, Fantasy, Adventure, Action",2011,28013733.0
love strikes,"Comedy, Romance, Drama",2011,27707149.0
the women on the 6th floor,Comedy,2011,27533970.0
letters to santa,"Comedy, Romance",2011,26923513.0
a monster in paris,"Adventure, Animation, Comedy, Family, Fantasy",2011,26710392.0
ivan tsarevich the grey wolf,"Animation, Family",2011,26420475.0
apollo 18,"Horror, Thriller, Science Fiction",2011,26236153.0
our idiot brother,"Comedy, Drama",2011,25804448.0
eyyvah eyvah 2,Comedy,2011,24792348.0
ready,"Action, Comedy",2011,24663361.0
in his chart,Drama,2011,23384864.0
warrior,"Drama, Action",2011,23308615.0
hoodwinked too hood vs evil,"Comedy, Animation, Family",2011,23167844.0
young adult,"Comedy, Drama",2011,22939027.0
andalucia revenge of the goddess,"Drama, Crime, Mystery",2011,22929221.0
a separation,Drama,2011,22926076.0
qualunquemente,Comedy,2011,22862029.0
friends naki on the monster island,"Animation, Comedy, Family",2011,22537428.0
kamen rider ooo wonderful the shogun and the 21 core medals,"Action, Adventure, History, Science Fiction",2011,22313925.0
gooische vrouwen,Drama,2011,22194574.0
the immature,Comedy,2011,21858834.0
pleasant goat and big big wolf 3,"Animation, Adventure, Comedy",2011,21847806.0
quick,"Action, Crime, Thriller, Comedy",2011,21561934.0
kon the movie,"Animation, Family, Adventure, Comedy, Music",2011,21434003.0
red dog,"Drama, Comedy, Family",2011,21185162.0
vicky and the treasure of the gods,"Action, Adventure, Comedy, Family",2011,20796153.0
the front line,"Drama, Action, War",2011,20629645.0
polisse,"Drama, Thriller",2011,20590872.0
hollywoo,Comedy,2011,20587850.0
scabbard samurai,"Action, Drama, Comedy",2011,20251745.0
kaiji 2 the ultimate gambler,"Thriller, Drama, Mystery",2011,19971259.0
the avengers,"Science Fiction, Action, Adventure",2012,1518812988.0
skyfall,"Action, Adventure, Thriller",2012,1108561013.0
the dark knight rises,"Action, Crime, Drama, Thriller",2012,1084939099.0
the hobbit an unexpected journey,"Adventure, Fantasy, Action",2012,1017003568.0
ice age continental drift,"Animation, Comedy, Adventure, Family",2012,877244782.0
the twilight saga breaking dawn part 2,"Adventure, Fantasy, Drama, Romance",2012,829746820.0
the amazing spiderman,"Action, Adventure, Science Fiction",2012,757930663.0
madagascar 3 europes most wanted,"Animation, Family, Comedy, Adventure",2012,746921274.0
the hunger games,"Science Fiction, Adventure, Fantasy",2012,694394724.0
men in black³,"Action, Adventure, Comedy, Science Fiction",2012,654213485.0
life of pi,"Adventure, Drama",2012,609016565.0
ted,"Comedy, Fantasy",2012,549368315.0
brave,"Animation, Adventure, Comedy, Family, Action, Fantasy",2012,538983207.0
wreckit ralph,"Family, Animation, Comedy, Adventure",2012,471222889.0
les misérables,"History, Drama",2012,442299309.0
django unchained,"Drama, Western",2012,425368238.0
prometheus,"Science Fiction, Adventure, Mystery",2012,403354469.0
snow white and the huntsman,"Adventure, Fantasy, Drama",2012,396592829.0
taken 2,"Action, Crime, Thriller",2012,376141306.0
hotel transylvania,"Animation, Comedy, Family, Fantasy",2012,358375603.0
titanic 2012 3d release,,2012,350449521.0
the lorax,"Animation, Family",2012,348961366.0
journey 2 the mysterious island,"Adventure, Action, Science Fiction",2012,335260290.0
the expendables 2,"Action, Adventure, Thriller",2012,314975955.0
rise of the guardians,"Animation, Family, Fantasy",2012,306941670.0
battleship,"Thriller, Action, Adventure, Science Fiction",2012,303025485.0
wrath of the titans,"Fantasy, Adventure, Action",2012,301970083.0
john carter,"Action, Adventure, Science Fiction",2012,284139100.0
the bourne legacy,"Action, Thriller",2012,276144750.0
lincoln,"History, Drama",2012,275293450.0
were the millers,,2012,269994119.0
dark shadows,"Comedy, Fantasy",2012,245527149.0
resident evil retribution,"Action, Horror, Science Fiction",2012,240159255.0
silver linings playbook,"Drama, Comedy, Romance",2012,236412453.0
american reunion,Comedy,2012,234989584.0
argo,"Drama, Thriller",2012,232325503.0
jack reacher,"Crime, Drama, Thriller, Action",2012,218340595.0
safe house,"Action, Thriller",2012,208076205.0
21 jump street,"Action, Comedy, Crime",2012,201585328.0
total recall,"Action, Science Fiction, Thriller",2012,198467168.0
the impossible,"Drama, Thriller, History",2012,198087212.0
lost in thailand,"Comedy, Adventure, Drama",2012,197757387.0
the vow,"Drama, Romance",2012,196114570.0
mirror mirror,"Adventure, Comedy, Family, Fantasy",2012,183018522.0
the dictator,Comedy,2012,179379533.0
looper,"Action, Thriller, Science Fiction",2012,176506819.0
chinese zodiac,"Action, Adventure",2012,170525083.0
magic mike,"Drama, Comedy",2012,167221571.0
flight,Drama,2012,161772375.0
underworld awakening,"Fantasy, Action, Horror",2012,160112671.0
this means war,"Action, Comedy, Romance",2012,156491279.0
paranormal activity 4,Horror,2012,142802657.0
step up revolution,"Music, Drama, Romance",2012,140470746.0
the best exotic marigold hotel,"Drama, Comedy",2012,136836156.0
the wind rises,,2012,136483511.0
last vegas,,2012,134402450.0
zero dark thirty,"Thriller, Drama",2012,132820716.0
ghost rider spirit of vengeance,"Action, Fantasy, Thriller",2012,132563930.0
cloud atlas,"Drama, Science Fiction",2012,130482868.0
the woman in black,"Drama, Horror, Thriller",2012,128955898.0
chronicle,"Science Fiction, Drama, Thriller",2012,126636097.0
walking with dinosaurs 3d,,2012,126546518.0
the pirates band of misfits,"Animation, Adventure, Family, Comedy",2012,123054041.0
parental guidance,Comedy,2012,119772232.0
abraham lincoln vampire hunter,"Action, Fantasy, Horror",2012,116471580.0
pitch perfect,"Comedy, Music, Romance",2012,115350426.0
hope springs,"Drama, Comedy, Romance",2012,114281051.0
paranorman,"Family, Animation, Adventure, Comedy",2012,107139399.0
the campaign,Comedy,2012,104907746.0
star wars episode i the phantom menace 2012 3d release,,2012,102741546.0
project x,Comedy,2012,102731865.0
the devil inside,"Horror, Thriller",2012,101758490.0
the lucky one,"Drama, Romance",2012,99357138.0
contraband,"Thriller, Action, Drama, Crime",2012,96262212.0
think like a man,"Comedy, Romance",2012,96070507.0
masquerade,"Drama, History",2012,94268432.0
brave hearts umizaru,"Action, Drama",2012,91884352.0
this is 40,Comedy,2012,88215156.0
the thieves,"Action, Crime",2012,87126367.0
the possession,"Horror, Thriller, Drama",2012,85446075.0
what to expect when youre expecting,"Romance, Comedy, Drama",2012,84384002.0
savages,"Crime, Drama, Thriller",2012,82966152.0
sinister,"Horror, Thriller, Mystery",2012,82515113.0
act of valor,"Action, Thriller, War",2012,82497035.0
frankenweenie,"Animation, Comedy, Family",2012,81491068.0
the grey,"Drama, Thriller, Action, Adventure",2012,79781695.0
diary of a wimpy kid dog days,"Comedy, Family",2012,77229695.0
thermae romae,"Drama, Comedy, Science Fiction",2012,74285251.0
one piece film z,"Animation, Fantasy, Action, Adventure",2012,74223861.0
to rome with love,"Comedy, Romance, Drama",2012,73244881.0
here comes the boom,"Comedy, Action, Drama",2012,73100172.0
bayside shakedown the final,"Action, Crime",2012,72867395.0
the cabin in the woods,"Horror, Mystery",2012,69935600.0
finding nemo 2012 3d release,,2012,69328283.0
anna karenina,"Drama, Romance, History",2012,68929150.0
the watch,"Comedy, Action, Science Fiction",2012,68267862.0
moonrise kingdom,"Comedy, Drama, Romance",2012,68263166.0
the secret of the gods,,2012,67537798.0
madeas witness protection,"Drama, Comedy, Crime",2012,66899242.0
beauty and the beast 2012 3d release,,2012,62008601.0
astérix and obélix god save britannia,"Family, Adventure, Comedy",2012,61319383.0
evangelion 30 you can not redo,"Animation, Science Fiction, Action, Drama",2012,60488344.0
quartet,"Drama, Comedy, Romance",2012,59520298.0
rock of ages,"Comedy, Drama, Romance",2012,59418613.0
thats my boy,"Comedy, Drama",2012,57719093.0
the odd life of timothy green,"Fantasy, Drama, Comedy, Family",2012,56012642.0
lawless,"Crime, Drama, Western",2012,55404159.0
end of watch,"Crime, Drama, Thriller",2012,55078146.0
wolf children,"Animation, Family, Drama, Fantasy",2012,54984346.0
the three stooges,Comedy,2012,54819301.0
the fiveyear engagement,"Comedy, Romance",2012,54169363.0
red dawn,"Action, Thriller, War, Drama, Science Fiction",2012,50950296.0
red tails,"Drama, Action, Adventure, History, War",2012,50365498.0
monsters inc 2012 3d release,,2012,50207820.0
houba on the trail of the marsupilami,"Family, Adventure, Comedy",2012,50146474.0
tad the lost explorer,"Animation, Comedy, Adventure, Family",2012,49491464.0
a turtles tale 2 sammys escape from paradise,"Adventure, Animation, Family",2012,49261830.0
trouble with the curve,"Drama, Romance",2012,48963137.0
man on a ledge,"Action, Thriller, Crime",2012,47636031.0
a werewolf boy,"Romance, Fantasy",2012,46282588.0
doraemon nobita and the island of miracles animal adventure,"Family, Animation, Adventure",2012,46180706.0
gekijouban tenpesuto 3d 2012 rerelease,,2012,46008255.0
detective conan the eleventh striker,"Animation, Mystery, Action",2012,44369456.0
house at the end of the street,"Horror, Thriller",2012,44287131.0
the guilt trip,Comedy,2012,41863726.0
safe,"Action, Crime, Thriller",2012,41564670.0
dredd,"Action, Science Fiction",2012,41037742.0
la vérité si je mens 3,Comedy,2012,40928635.0
always sunset on third street 64,"Comedy, Drama",2012,40923305.0
chernobyl diaries,"Horror, Thriller",2012,38390020.0
killing them softly,"Crime, Thriller",2012,37930465.0
rurouni kenshin part i origins,"Adventure, Action, Fantasy, War, History",2012,37654579.0
the tower,"Action, Drama",2012,36512327.0
conquest 1453,"Adventure, Drama, Action, War",2012,35797045.0
good deeds,"Drama, Romance",2012,35579177.0
arbitrage,"Drama, Thriller",2012,35485056.0
welcome to the north,Comedy,2012,34995189.0
chimpanzee,Documentary,2012,34823764.0
alex cross,"Action, Thriller, Crime, Mystery",2012,34618867.0
salmon fishing in the yemen,"Drama, Romance, Comedy",2012,34564651.0
haywire,"Action, Thriller",2012,34513760.0
adventures in zambezia,"Comedy, Animation, Adventure, Family",2012,34428345.0
cirque du soleil worlds away,"Fantasy, Family, Music, Drama, Romance",2012,34153101.0
three heroes on distant shores,"Animation, Comedy",2012,33674759.0
2016 obamas america,Documentary,2012,33449086.0
the perks of being a wallflower,Drama,2012,33384127.0
lockout,"Action, Thriller, Science Fiction",2012,32948113.0
bait,Horror,2012,32813407.0
katy perry part of me,"Documentary, Music",2012,32726956.0
nameless gangster rules of the time,"Crime, Thriller",2012,32472645.0
movie 43,,2012,32438988.0
the floating castle,"History, Comedy, Drama",2012,31967471.0
the neighbors,"Thriller, Mystery",2012,31949315.0
the dream team,Documentary,2012,31822402.0
whats in a name,Comedy,2012,31303580.0
joyful noise,"Comedy, Music",2012,31158113.0
premium rush,"Crime, Action, Thriller",2012,31083599.0
playing for keeps,"Comedy, Romance",2012,30962335.0
the four,"Thriller, Horror, Action",2012,30505808.0
the grand heist,"Comedy, Action",2012,30158762.0
the raven,"Crime, Thriller, Mystery",2012,29699345.0
amour,"Drama, Romance",2012,29652180.0
all about my wife,"Comedy, Romance",2012,29382038.0
seven psychopaths,"Comedy, Crime",2012,29347202.0
rowdy rathore,"Action, Comedy, Crime",2012,29342463.0
spec heaven,"Crime, Mystery, Fantasy",2012,29023960.0
we were there true love,"Drama, Romance",2012,28876929.0
bol bachchan,"Comedy, Action",2012,28775262.0
deranged,Horror,2012,28444173.0
the master,Drama,2012,28258060.0
hitchcock,Drama,2012,27039669.0
dearest,Drama,2012,26723916.0
architecture 101,"Comedy, Romance",2012,26642354.0
dancing queen,"Romance, Drama, Comedy",2012,26411266.0
lesson of the evil,"Thriller, Horror",2012,26167224.0
agneepath,"Action, Crime, Drama",2012,26001696.0
rust and bone,"Drama, Romance",2012,25807712.0
head over heels 2,"Comedy, Romance",2012,25402893.0
on the other side of the tracks,"Comedy, Action, Crime",2012,25109572.0
helter skelter,"Drama, Horror",2012,25066699.0
the last tycoon,"Drama, History",2012,25009914.0
housefull 2,"Comedy, Romance",2012,24922847.0
big miracle,"Adventure, Drama, Romance, Fantasy",2012,24719215.0
sparkle,"Music, Drama, Romance",2012,24637800.0
the players,Comedy,2012,24629152.0
liar game reborn,"Drama, TV Movie, Mystery",2012,24549726.0
i want you,"Drama, Romance",2012,23961214.0
turkish for beginners,Comedy,2012,23952712.0
wanderlust,"Comedy, Romance",2012,23812816.0
little brother big trouble a christmas adventure,"Animation, Family, Adventure, Comedy",2012,23785681.0
to the arctic 3d,Documentary,2012,23695388.0
hotaru the movie its only a little light in my life,"Romance, Comedy",2012,22975341.0
kontiki,"Adventure, History",2012,22842887.0
fall in love like a star,,2012,22640355.0
upside down,"Romance, Science Fiction, Drama, Fantasy",2012,22187813.0
unbowed,,2012,22132903.0
confession of murder,"Action, Thriller",2012,21701525.0
streetdance 2 2012 rerelease,,2012,21638853.0
2012 2012 rerelease,,2012,21538353.0
beasts of the southern wild,"Drama, Fantasy",2012,21107746.0
frozen,"Animation, Family, Adventure, Fantasy",2013,1280802282.0
iron man 3,"Action, Adventure, Science Fiction",2013,1214811252.0
despicable me 2,"Animation, Comedy, Family",2013,970766005.0
the hobbit the desolation of smaug,"Fantasy, Adventure, Action",2013,958366855.0
the hunger games catching fire,"Adventure, Action, Science Fiction",2013,865011746.0
fast furious 6,"Action, Thriller, Crime",2013,788679850.0
monsters university,"Animation, Family",2013,743559607.0
gravity,"Science Fiction, Thriller, Drama",2013,723192705.0
man of steel,"Action, Adventure, Science Fiction",2013,670145518.0
thor the dark world,"Action, Adventure, Fantasy",2013,644783140.0
the croods,"Animation, Adventure, Family, Fantasy, Comedy, Action",2013,587204668.0
world war z,"Action, Horror, Science Fiction, Thriller",2013,540007876.0
oz the great and powerful,"Fantasy, Adventure, Family",2013,493311825.0
star trek into darkness,"Action, Adventure, Science Fiction",2013,467365246.0
the wolverine,"Action, Science Fiction, Adventure",2013,414828246.0
pacific rim,"Action, Science Fiction, Adventure",2013,411002906.0
the wolf of wall street,"Crime, Drama, Comedy",2013,392000694.0
gi joe retaliation,"Action, Science Fiction, Adventure",2013,375740705.0
the hangover part iii,Comedy,2013,362000072.0
the great gatsby,"Drama, Romance",2013,353641895.0
now you see me,"Thriller, Crime",2013,351723989.0
the smurfs 2,"Fantasy, Family, Comedy, Animation",2013,347545360.0
the conjuring,"Horror, Thriller",2013,319494638.0
a good day to die hard,"Action, Thriller",2013,304654182.0
oblivion,"Action, Science Fiction, Adventure, Mystery",2013,286168572.0
elysium,"Science Fiction, Action, Drama, Thriller",2013,286140700.0
turbo,"Animation, Family",2013,282570682.0
cloudy with a chance of meatballs 2,"Animation, Family, Comedy",2013,274325949.0
epic,"Animation, Adventure, Family, Fantasy",2013,268426634.0
the lone ranger,"Action, Adventure, Western",2013,260502115.0
american hustle,"Drama, Crime",2013,251171807.0
grown ups 2,Comedy,2013,246984278.0
after earth,"Science Fiction, Action, Adventure",2013,243611982.0
planes,"Animation, Family, Adventure, Comedy",2013,239258712.0
the heat,"Action, Comedy, Crime",2013,229930771.0
hansel gretel witch hunters,"Fantasy, Horror, Action",2013,226349749.0
captain phillips,"Action, Drama, Thriller",2013,218791811.0
journey to the west conquering the demons,"Action, Fantasy, Adventure, Comedy",2013,205637183.0
white house down,"Action, Drama, Thriller",2013,205366737.0
percy jackson sea of monsters,"Adventure, Family, Fantasy",2013,199850315.0
jack the giant slayer,"Fantasy, Action, Adventure, Drama",2013,197687603.0
the secret life of walter mitty,"Adventure, Comedy, Drama, Fantasy",2013,188133322.0
12 years a slave,"Drama, History",2013,187733202.0
the butler,Drama,2013,177313795.0
identity thief,"Comedy, Crime",2013,173965010.0
anchorman 2 the legend continues,Comedy,2013,171464676.0
olympus has fallen,"Action, Thriller",2013,170270201.0
insidious chapter 2,"Horror, Thriller",2013,161919318.0
lone survivor,"War, Action, Drama",2013,154802912.0
jackass presents bad grandpa,Comedy,2013,151826547.0
47 ronin,"Drama, Action, Fantasy",2013,151783839.0
red 2,"Action, Comedy, Crime, Thriller",2013,148075565.0
mama,Horror,2013,146428180.0
escape plan,"Action, Thriller",2013,137328301.0
2 guns,"Action, Comedy, Crime",2013,131940411.0
this is the end,"Action, Comedy",2013,126041322.0
enders game,"Science Fiction, Action, Adventure",2013,125544024.0
prisoners,"Drama, Thriller, Crime",2013,122126687.0
jurassic park 2013 rerelease,,2013,118192315.0
saving mr banks,"Comedy, Drama, History",2013,117867984.0
warm bodies,"Horror, Comedy, Romance",2013,116980662.0
personal tailor,"Comedy, Drama",2013,116126458.0
so young,"Romance, Drama",2013,114926694.0
free birds,"Animation, Comedy, Family",2013,110387072.0
gangster squad,"Crime, Drama, Action, Thriller",2013,105200903.0
instructions not included,"Comedy, Drama",2013,100486616.0
philomena,Drama,2013,100129872.0
blue jasmine,Drama,2013,99104804.0
young detective dee rise of the sea dragon,"Action, Crime, Fantasy, Adventure",2013,98774891.0
riddick,"Science Fiction, Action, Thriller",2013,98337295.0
safe haven,"Romance, Thriller",2013,97594140.0
evil dead,Horror,2013,97542952.0
42,Drama,2013,97470701.0
the mortal instruments city of bones,"Fantasy, Action, Mystery",2013,95396573.0
rush,"Drama, Action",2013,95224595.0
police story lockdown,"Action, Crime, Drama",2013,94249025.0
the internship,Comedy,2013,93492844.0
the purge,"Science Fiction, Horror, Thriller",2013,89328627.0
dhoom 3,"Action, Crime",2013,88031955.0
pain gain,"Action, Crime, Comedy",2013,87305549.0
about time,"Drama, Romance, Fantasy",2013,87100449.0
american dreams in china,Drama,2013,87097067.0
snowpiercer,"Action, Science Fiction, Drama",2013,86758912.0
carrie,"Horror, Thriller",2013,84790678.0
finding mr right,"Comedy, Romance",2013,84112033.0
the fighter pilot,"War, Drama, Action, Mystery",2013,82879386.0
miracle in cell no 7,"Drama, Comedy",2013,82101723.0
the attorney,"History, Drama",2013,78547586.0
the family,"Crime, Comedy, Action",2013,78418811.0
scary movie v,Comedy,2013,78378744.0
ripd,"Fantasy, Action, Comedy",2013,78324220.0
tiny times,"Drama, Romance, Comedy",2013,77717014.0
suck me shakespeer,Comedy,2013,77676735.0
the book thief,Drama,2013,76586316.0
escape from planet earth,"Animation, Comedy, Adventure, Family, Science Fiction",2013,74597643.0
august osage county,"Comedy, Drama",2013,74188937.0
the best man holiday,Comedy,2013,72835710.0
the counselor,"Thriller, Crime, Drama",2013,71009334.0
sole a catinelle,Comedy,2013,69903094.0
one direction this is us,"Documentary, Music",2013,68599793.0
the call,"Crime, Thriller",2013,68572631.0
stalingrad,"War, Action, Drama",2013,68316452.0
thunder and the house of magic,"Family, Fantasy, Animation, Adventure",2013,64197205.0
the grandmaster,"Action, Drama, History",2013,64076736.0
side effects,"Thriller, Crime, Drama",2013,63414135.0
the host,"Action, Adventure, Science Fiction",2013,63365859.0
runner runner,"Crime, Thriller, Drama",2013,62675095.0
the face reader,"Drama, History",2013,61559184.0
the legend of hercules,,2013,61279452.0
kickass 2,"Action, Adventure, Crime",2013,60795985.0
a haunted house,"Comedy, Horror",2013,60159584.0
beautiful creatures,"Fantasy, Drama, Romance",2013,60052138.0
snitch,"Thriller, Drama, Action",2013,57824674.0
the physician,"Adventure, Drama, History",2013,57284237.0
firestorm,"Action, Thriller, Crime",2013,55754766.0
dallas buyers club,"Drama, History",2013,55198285.0
a madea christmas,"Comedy, Drama",2013,53396635.0
temptation confessions of a marriage counselor,Drama,2013,53143144.0
delivery man,Comedy,2013,53120346.0
the 100 yearold man who climbed out the window and disappeared,"Adventure, Comedy, Drama",2013,51167572.0
dragon ball z battle of gods,"Animation, Action, Science Fiction",2013,50461371.0
the berlin file,"Action, Thriller, Crime",2013,48972848.0
homefront,"Action, Thriller",2013,48449416.0
the last stand,"Action, Crime, Thriller",2013,48330757.0
her,"Romance, Science Fiction, Drama",2013,48269269.0
21 over,Comedy,2013,48065672.0
texas chainsaw,Horror,2013,47340586.0
tiny times 20,"Drama, Comedy, Romance",2013,47289937.0
switch,"Action, Adventure, Thriller, Crime",2013,47164301.0
the place beyond the pines,"Drama, Crime",2013,47052899.0
parker,"Action, Crime",2013,46922566.0
the big wedding,Comedy,2013,46522137.0
badges of fury,"Comedy, Action, Crime",2013,46495296.0
the worlds end,"Comedy, Action, Science Fiction",2013,46089287.0
grudge match,Comedy,2013,44907260.0
the white storm,"Drama, Action, Thriller",2013,44670277.0
tarzan,"Family, Adventure, Animation, Drama",2013,44095996.0
secretly greatly,"Action, Drama, Comedy",2013,43447199.0
the chef the actor the scoundrel,"Comedy, Action",2013,42970000.0
doraemon nobitas secret gadget museum,"Adventure, Family, Animation, Comedy, Fantasy, Science Fiction",2013,42770271.0
jobs,"Drama, History",2013,42128352.0
no mans land,"Crime, Drama, Thriller, Western",2013,41807712.0
lupin iii vs detective conan the movie,"Animation, Action, Thriller",2013,41397727.0
yolki 3,,2013,40267368.0
don jon,"Romance, Comedy, Drama",2013,39439355.0
antoine and sebastian,,2013,38719881.0
cold eyes,"Crime, Action, Thriller",2013,37795598.0
like father like son,Drama,2013,37170163.0
detective conan private eye in the distant sea,"Animation, Action, Drama",2013,36324232.0
dügün dernek,Comedy,2013,36185741.0
the terror live,"Crime, Drama, Thriller",2013,35659824.0
hide and seek,"Thriller, Mystery",2013,35461505.0
blind detective,"Action, Crime, Comedy, Thriller",2013,34958596.0
broken city,"Thriller, Crime, Drama",2013,34737199.0
inside llewyn davis,"Drama, Music",2013,32935319.0
serial teachers,Comedy,2013,32849727.0
mud,Drama,2013,32613173.0
midsummers equation,"Crime, Drama, Mystery",2013,32514549.0
kevin hart let me explain,"Comedy, Documentary",2013,32318051.0
pokémon,"Animation, Family, Action, Adventure, Drama, Fantasy",2013,32293377.0
the afterdinner mysteries,"Drama, Mystery",2013,32160741.0
underdogs,"Drama, Family",2013,31775719.0
spring breakers,"Drama, Crime",2013,31724284.0
new world,"Thriller, Crime, Drama",2013,31670607.0
101 proposals,,2013,31283838.0
a wedding invitation,Romance,2013,30665036.0
silent witness,"Crime, Drama, Mystery",2013,29315945.0
special id,"Drama, Action, Crime",2013,29139936.0
kokowääh 2,Comedy,2013,28811936.0
the suspect,Thriller,2013,28674130.0
the four 2,"Action, Fantasy",2013,28599970.0
the kiyosu conference,"Comedy, Drama",2013,28338665.0
i give it a year,"Comedy, Romance",2013,28328531.0
mandela long walk to freedom,"Drama, History",2013,27985788.0
dark skies,"Science Fiction, Thriller, Horror",2013,27858103.0
nebraska,"Drama, Adventure",2013,27682872.0
the incredible burt wonderstone,Comedy,2013,27437881.0
gorko,Comedy,2013,27369902.0
khumba,"Animation, Adventure, Family",2013,27187375.0
youre next,"Horror, Thriller, Mystery",2013,26895481.0
mr go,"Drama, Comedy",2013,26835201.0
the break up man,Comedy,2013,26477012.0
the way way back,"Comedy, Drama",2013,26474920.0
we are the nobles,Comedy,2013,26433651.0
the stolen years,Romance,2013,26249553.0
one night surprise,"Comedy, Romance",2013,26220159.0
platinum data,"Mystery, Thriller, Science Fiction",2013,26052718.0
gekijouban spec kurôzu zen no hen,"Crime, Mystery, Fantasy",2013,25860404.0
unbeatable,"Drama, Action",2013,25816154.0
man on the edge,"Comedy, Crime",2013,25774679.0
enough said,"Comedy, Drama, Romance",2013,25288872.0
the last exorcism part ii,"Horror, Thriller",2013,25051865.0
me myself and mum,Comedy,2013,24991467.0
drug war,"Action, Drama, Crime",2013,24676341.0
the great beauty,Drama,2013,24582838.0
the tale of the princess kaguya,"Animation, Drama, Fantasy",2013,24479719.0
trance,"Thriller, Crime, Drama, Mystery",2013,24261569.0
the railway man,"Drama, History",2013,24174885.0
out of inferno,"Action, Drama",2013,24109886.0
bring happiness home,,2013,23980000.0
transformers age of extinction,"Science Fiction, Action, Adventure",2014,1104054072.0
the hobbit the battle of the five armies,"Action, Adventure, Fantasy",2014,956019788.0
guardians of the galaxy,"Action, Science Fiction, Adventure",2014,772776600.0
maleficent,"Fantasy, Adventure, Action, Family, Romance",2014,758410378.0
the hunger games mockingjay part 1,"Science Fiction, Adventure, Thriller",2014,755356711.0
xmen days of future past,"Action, Adventure, Science Fiction",2014,746045700.0
captain america the winter soldier,"Action, Adventure, Science Fiction",2014,714421503.0
dawn of the planet of the apes,"Science Fiction, Action, Drama, Thriller",2014,710644566.0
the amazing spiderman 2,"Action, Adventure, Science Fiction",2014,708982323.0
interstellar,"Adventure, Drama, Science Fiction",2014,681070397.0
big hero 6,"Adventure, Family, Animation, Action, Comedy",2014,657827828.0
how to train your dragon 2,"Fantasy, Action, Adventure, Animation, Comedy, Family",2014,621537519.0
american sniper,"War, Action",2014,547626372.0
godzilla,"Action, Drama, Science Fiction",2014,524976069.0
rio 2,"Animation, Adventure, Comedy, Family",2014,498781117.0
teenage mutant ninja turtles,"Science Fiction, Action, Adventure, Comedy",2014,485004754.0
the lego movie,"Animation, Family, Adventure, Comedy, Fantasy",2014,468060692.0
lucy,"Action, Science Fiction",2014,458863600.0
penguins of madagascar,"Family, Animation, Adventure, Comedy",2014,373515621.0
edge of tomorrow,"Action, Science Fiction",2014,370541256.0
gone girl,"Mystery, Thriller, Drama",2014,369330363.0
night at the museum secret of the tomb,"Adventure, Comedy, Fantasy, Family",2014,363204635.0
noah,"Drama, Adventure",2014,359200044.0
the maze runner,"Action, Mystery, Science Fiction, Thriller",2014,348319861.0
300 rise of an empire,"Action, Drama, War",2014,337580051.0
22 jump street,"Crime, Comedy, Action",2014,331333876.0
the fault in our stars,"Romance, Drama",2014,307166834.0
divergent,"Action, Adventure, Science Fiction",2014,288885818.0
mr peabody sherman,"Animation, Adventure, Family",2014,275698039.0
neighbors,Comedy,2014,270665134.0
exodus gods and kings,"Adventure, Drama, Action",2014,268175631.0
paddington,"Comedy, Adventure, Family",2014,268047808.0
annabelle,Horror,2014,257047661.0
hercules,"Action, Adventure",2014,244819862.0
robocop,"Action, Thriller, Science Fiction",2014,242688965.0
the imitation game,"History, Drama, Thriller, War",2014,233555708.0
nonstop,"Action, Thriller, Mystery",2014,222809600.0
dracula untold,"Horror, Action, Fantasy",2014,217124280.0
the expendables 3,"Action, Adventure, Thriller",2014,214657577.0
into the woods,"Fantasy, Comedy",2014,212902372.0
fury,"War, Drama, Action",2014,211817906.0
need for speed,"Action, Crime, Drama, Thriller",2014,203277636.0
the other woman,"Comedy, Romance",2014,196710396.0
the equalizer,"Thriller, Action, Crime",2014,192330738.0
breakup buddies,"Comedy, Romance",2014,189017596.0
stand by me doraemon,"Animation, Family, Science Fiction, Fantasy, Adventure",2014,183442714.0
serial bad weddings,Comedy,2014,176404493.0
the monkey king havoc in heavens palace,,2014,175835580.0
the grand budapest hotel,"Comedy, Drama",2014,172936941.0
dumb and dumber to,Comedy,2014,169837010.0
into the storm,"Action, Thriller",2014,161502194.0
unbroken,"Drama, War",2014,161459297.0
the monuments men,"War, Drama, History, Action",2014,155641650.0
ride along,"Action, Comedy",2014,154468902.0
planes fire rescue,"Animation, Comedy, Adventure, Family",2014,146965787.0
the taking of tiger mountain,"Thriller, War, Adventure",2014,141654055.0
the admiral roaring currents,"War, Action, Drama, History",2014,138342258.0
lets be cops,Comedy,2014,138224951.0
annie,"Comedy, Drama, Family",2014,136853506.0
jack ryan shadow recruit,"Action, Drama, Thriller",2014,135503748.0
blended,"Comedy, Romance",2014,127994610.0
sex tape,Comedy,2014,126069509.0
the theory of everything,"Drama, Romance",2014,123726688.0
the nut job,"Animation, Comedy, Family, Adventure",2014,120885527.0
pompeii,"Action, Adventure, History, Romance, Drama",2014,117831631.0
seventh son,"Adventure, Fantasy",2014,114178613.0
the purge anarchy,"Horror, Thriller",2014,111928365.0
dad where are we going,"Comedy, Family",2014,111870000.0
the boxtrolls,"Animation, Comedy, Family, Fantasy",2014,108255770.0
horrible bosses 2,Comedy,2014,107645357.0
the breakup guru,"Romance, Comedy",2014,106980263.0
ouija,Horror,2014,103590271.0
birdman or the unexpected virtue of ignorance,"Drama, Comedy",2014,103215094.0
transcendence,"Thriller, Science Fiction, Drama, Mystery",2014,103039258.0
heaven is for real,Drama,2014,101888019.0
alexander and the terrible horrible no good very bad day,"Family, Comedy",2014,100654149.0
tammy,Comedy,2014,100375432.0
pk,"Comedy, Drama, Science Fiction",2014,100370104.0
the continent,Drama,2014,100125957.0
the book of life,"Animation, Adventure, Comedy, Family, Fantasy",2014,99783556.0
ode to my father,Drama,2014,99085291.0
fleet of time,"Romance, Drama",2014,94244191.0
the man from macau,"Comedy, Action",2014,93864936.0
paranormal activity the marked ones,"Horror, Thriller",2014,90894962.0
the hundredfoot journey,"Drama, Comedy",2014,89078609.0
deliver us from evil,"Thriller, Crime, Horror",2014,87937815.0
a million ways to die in the west,"Comedy, Western",2014,87189756.0
step up all in,"Romance, Drama, Music",2014,86165646.0
john wick,"Action, Thriller",2014,86013056.0
the judge,Drama,2014,84419388.0
tiny times 30,"Romance, Drama",2014,82320000.0
gone with the bullets,"Adventure, Comedy, Drama, Action",2014,81387479.0
muppets most wanted,"Comedy, Adventure, Crime, Family",2014,80383113.0
spanish affair,"Comedy, Romance, Family",2014,78768613.0
if i stay,Drama,2014,78274843.0
head full of honey,"Comedy, Drama",2014,78127384.0
i frankenstein,"Horror, Thriller",2014,76801179.0
crimson peak,,2014,74679822.0
my old classmate,Romance,2014,73052128.0
the bélier family,"Comedy, Music, Drama",2014,72751538.0
brick mansions,"Action, Crime, Drama",2014,71416730.0
son of god,Drama,2014,70829270.0
think like a man too,"Comedy, Romance",2014,70181428.0
jersey boys,"Music, Drama",2014,67647013.0
the giver,"Drama, Science Fiction",2014,66980456.0
selma,"History, Drama",2014,66787908.0
beijing love story,"Drama, Romance",2014,65842375.0
the house that never dies,"Drama, Horror, Romance, Mystery",2014,65220000.0
the pirates,"Action, Adventure, Comedy, Fantasy",2014,64858224.0
gods not dead,Drama,2014,64667874.0
the pirate fairy,"Animation, Family",2014,63998725.0
the inbetweeners 2,Comedy,2014,63852235.0
begin again,"Comedy, Music, Romance, Drama",2014,63464861.0
the white haired witch of lunar kingdom,Fantasy,2014,62515046.0
the walk,"Crime, Drama, Mystery, Thriller",2014,61181942.0
miss granny,"Drama, Comedy, Music",2014,58940254.0
a walk among the tombstones,"Crime, Drama, Mystery, Thriller",2014,58834384.0
dolphin tale 2,"Family, Drama",2014,57824533.0
st vincent,Comedy,2014,54837234.0
no good deed,"Crime, Thriller",2014,54323210.0
overheard 3,"Crime, Thriller, Action, Mystery",2014,53493428.0
supercondriaque,Comedy,2014,53425036.0
3 days to kill,"Action, Drama, Thriller",2014,53260230.0
rurouni kenshin part ii kyoto inferno,"Action, Adventure, Drama, Fantasy",2014,52696176.0
wild,Drama,2014,52501541.0
magic in the moonlight,"Comedy, Drama, Romance",2014,51029361.0
about last night,"Comedy, Romance",2014,50445860.0
dearest 2014 rerelease,,2014,50000583.0
whiplash,"Drama, Music",2014,48982041.0
chef,Comedy,2014,48428048.0
boyhood,Drama,2014,48137666.0
coming home,"Drama, Romance",2014,47587984.0
beauty and the beast,"Fantasy, Romance",2014,47430624.0
nightcrawler,"Crime, Drama, Thriller",2014,47425835.0
earth to echo,"Family, Adventure, Science Fiction",2014,45681062.0
that awkward moment,"Comedy, Romance",2014,45640143.0
love on the cloud,Comedy,2014,45386560.0
oculus,Horror,2014,44446287.0
the great hypnotist,"Thriller, Drama, Mystery",2014,44077818.0
kick,"Action, Romance, Comedy, Crime",2014,43996483.0
asterix and obelix mansion of the gods,"Animation, Comedy, Adventure, Family",2014,42830578.0
thermae romae ii,"Comedy, Fantasy, Science Fiction",2014,42473163.0
bang bang,"Action, Adventure, Comedy, Romance, Thriller",2014,42045981.0
detective conan the sniper from another dimension,"Animation, Action, Drama, Mystery",2014,42028116.0
rurouni kenshin the legend ends,"Action, Adventure, Fantasy",2014,41900000.0
as above so below,"Horror, Thriller",2014,41898409.0
this is where i leave you,"Drama, Comedy",2014,41296320.0
boonie bears to the rescue,"Animation, Family, Adventure",2014,40163675.0
the november man,"Crime, Action, Thriller",2014,39661919.0
recep ivedik 4,Comedy,2014,39477906.0
sin city a dame to kill for,"Crime, Action, Thriller",2014,39407616.0
the gambler,"Thriller, Crime, Drama",2014,39280992.0
samba,"Drama, Comedy",2014,39178695.0
women who flirt,"Comedy, Romance",2014,39156132.0
forbidden empire 2014 rerelease,,2014,38885962.0
the best of me,"Drama, Romance",2014,38609668.0
million dollar arm,Drama,2014,38483455.0
but always,"Drama, Romance",2014,38039248.0
devils due,Horror,2014,36921560.0
a most wanted man,Thriller,2014,36233517.0
kundo age of the rampant,"Action, Drama",2014,35941291.0
doraemon the movie the new records of nobitas spaceblazer 2014 rerelease,,2014,35861856.0
the water diviner,"War, Drama",2014,35396641.0
when marnie was there,"Animation, Drama, Family, Mystery",2014,34949567.0
endless love,"Drama, Romance",2014,34718173.0
black white the dawn of justice,Action,2014,34146896.0
my love dont cross that river,"Documentary, Romance, Drama",2014,34012261.0
dont go breaking my heart 2,"Comedy, Romance",2014,33801759.0
get on up,"Drama, Music",2014,33448971.0
girls,"Action, Drama, Romance",2014,33325338.0
the crossing,,2014,32806475.0
old boys the way of the dragon,"Action, Comedy",2014,32800000.0
tinker bell and the legend of the neverbeast,"Adventure, Animation, Family",2014,31836701.0
the four 3,"Action, Crime, Fantasy",2014,31521335.0
wild tales,"Drama, Thriller, Comedy",2014,31478893.0
tazza the hidden card,"Crime, Drama",2014,31278476.0
mrs browns boys dmovie,Comedy,2014,31116264.0
rise of the legend,"Drama, Action",2014,30932534.0
winters tale,"Drama, Fantasy, Mystery, Romance",2014,30800231.0
when the game stands tall,Drama,2014,30138754.0
draft day,Drama,2014,29824199.0
big eyes,Drama,2014,29253166.0
the fatal encounter,"Action, History",2014,29060186.0
maya the bee movie,"Family, Animation",2014,28638603.0
pokémon the movie diancie and the cocoon of destruction,"Animation, Family, Adventure, Action, Comedy, Drama",2014,28595105.0
the divine move,"Action, Crime",2014,27926871.0
nicholas on holiday,"Family, Comedy",2014,27567832.0
grace of monaco,"Romance, Drama",2014,27515247.0
left behind,"Thriller, Action, Science Fiction",2014,27405896.0
joy of fatherhood,Comedy,2014,27088817.0
a hard day,"Crime, Thriller, Mystery",2014,26488847.0
top five,"Drama, Comedy",2014,26117471.0
iceman,"Action, Adventure, Science Fiction, Comedy, Fantasy",2014,26033917.0
meet miss anxiety,"Comedy, Romance",2014,25948636.0
love rosie,"Romance, Drama, Comedy",2014,25574387.0
a haunted house 2,"Comedy, Horror",2014,25358716.0
and so it goes,"Comedy, Drama, Romance",2014,25312387.0
kung fu jungle,"Action, Thriller, Crime, Adventure",2014,24070765.0
hot road,Drama,2014,22916313.0
fading gigolo,Comedy,2014,22706304.0
star wars episode vii the force awakens,"Adventure, Action, Science Fiction",2015,2068223624.0
jurassic world,"Action, Adventure, Science Fiction, Thriller",2015,1670400637.0
furious 7,"Action, Thriller, Crime",2015,1515047671.0
avengers age of ultron,"Action, Adventure, Science Fiction",2015,1402805868.0
minions,"Family, Animation, Adventure, Comedy",2015,1159398397.0
spectre,"Action, Adventure, Thriller",2015,880674609.0
inside out,"Animation, Family, Adventure, Drama, Comedy",2015,858294430.0
mission impossible rogue nation,"Action, Adventure",2015,682714267.0
the hunger games mockingjay part 2,"Action, Adventure, Science Fiction",2015,653428261.0
the martian,"Drama, Adventure, Science Fiction",2015,630161890.0
fifty shades of grey,"Drama, Romance, Thriller",2015,569651467.0
cinderella,"Romance, Fantasy, Family, Drama",2015,542351353.0
the revenant,"Western, Drama, Adventure",2015,532950503.0
antman,"Science Fiction, Action, Adventure",2015,519311965.0
hotel transylvania 2,"Animation, Comedy, Family, Fantasy",2015,474800000.0
san andreas,"Action, Drama, Thriller",2015,474590832.0
terminator genisys,"Science Fiction, Action, Thriller, Adventure",2015,440603537.0
kingsman the secret service,"Crime, Comedy, Action, Adventure",2015,414351546.0
monster hunt,"Comedy, Fantasy, Adventure",2015,387053506.0
home,"Fantasy, Comedy, Animation, Science Fiction, Family",2015,386041607.0
mad max fury road,"Action, Adventure, Science Fiction",2015,379436354.0
the good dinosaur,"Adventure, Animation, Family",2015,332207671.0
taken 3,"Thriller, Action",2015,326479141.0
the spongebob movie sponge out of water,"Family, Adventure, Comedy, Fantasy, Animation",2015,325186032.0
maze runner the scorch trials,"Science Fiction, Action, Thriller, Adventure",2015,312296056.0
the divergent series insurgent,"Action, Science Fiction, Thriller",2015,297002527.0
pitch perfect 2,"Comedy, Music",2015,287144079.0
mojin the lost legend,"Action, Adventure, Fantasy",2015,259368448.0
lost in hong kong,"Action, Adventure, Crime, Comedy, Romance",2015,256283912.0
the peanuts movie,"Comedy, Animation, Family",2015,246233113.0
pixels,"Action, Comedy, Science Fiction",2015,244874809.0
daddys home,Comedy,2015,242786137.0
spy,"Action, Comedy, Crime",2015,235666219.0
alvin and the chipmunks the road chip,"Family, Adventure, Comedy, Music, Animation",2015,234798636.0
goodbye mr loser,"Romance, Comedy",2015,228122928.0
ted 2,"Comedy, Fantasy",2015,215863606.0
tomorrowland,"Adventure, Family, Mystery, Science Fiction",2015,209035668.0
everest,"Adventure, Drama, History",2015,203427584.0
straight outta compton,"Drama, Music, History",2015,201634991.0
the intern,Comedy,2015,194764672.0
jian bing man,"Action, Comedy, Drama",2015,186683536.0
jupiter ascending,"Science Fiction, Fantasy, Action",2015,184287723.0
creed,"Action, Drama",2015,174167581.0
fantastic four,"Action, Adventure, Science Fiction",2015,167882881.0
bridge of spies,"Thriller, Drama",2015,165478348.0
from vegas to macau ii,Comedy,2015,163877532.0
focus,"Romance, Comedy, Crime",2015,159162963.0
goosebumps,"Adventure, Horror, Comedy",2015,158260952.0
ip man 3,"Action, Drama, History",2015,156954938.0
the hateful eight,"Drama, Mystery, Western",2015,155760117.0
monkey king hero is back,"Fantasy, Animation, Comedy",2015,153262397.0
gods of egypt,,2015,150680864.0
the last witch hunter,"Fantasy, Action, Adventure, Horror",2015,146936910.0
trainwreck,"Comedy, Romance",2015,140795793.0
mr six,"Crime, Action, Drama",2015,139191345.0
point break,"Action, Adventure, Crime, Thriller",2015,133782481.0
the big short,"Comedy, Drama",2015,133440870.0
pan,"Fantasy, Adventure, Family, Action",2015,128988320.0
detective chinatown,"Comedy, Mystery, Action, Adventure",2015,125842935.0
wolf totem,"Adventure, Drama",2015,125837070.0
ride along 2,,2015,124605297.0
magic mike xxl,"Comedy, Drama",2015,122613057.0
dragon blade,"Adventure, History, Action, Fantasy",2015,122593849.0
insidious chapter 3,"Horror, Thriller",2015,112983889.0
get hard,Comedy,2015,111811453.0
the man from uncle,"Comedy, Action, Adventure",2015,110045109.0
the 5th wave,,2015,109906372.0
paul blart mall cop 2,"Action, Comedy, Family",2015,107588225.0
vacation,Comedy,2015,107228221.0
chronicles of the ghostly tribe,"Adventure, Action, Thriller",2015,106380000.0
shaun the sheep movie,"Family, Animation, Comedy, Adventure",2015,106209378.0
sisters,Comedy,2015,105011053.0
chappie,"Crime, Action, Science Fiction",2015,102811889.0
joy,"Drama, Comedy",2015,101134059.0
black mass,"Drama, Crime, History",2015,99975678.0
spotlight,"Drama, History",2015,98690254.0
devil and angel,"Comedy, Romance",2015,98599942.0
the visit,"Horror, Mystery",2015,98450062.0
the little prince,"Adventure, Animation, Fantasy, Family",2015,97571250.0
assassination,"Action, Adventure, Comedy, Science Fiction",2015,96119773.0
poltergeist,Horror,2015,95437994.0
veteran,"Action, Crime",2015,94393020.0
in the heart of the sea,"Thriller, Drama, Adventure, Action, History",2015,94320758.0
kill zone 2,"Action, Crime, Thriller",2015,93638358.0
southpaw,"Action, Drama",2015,91970827.0
the second best exotic marigold hotel,"Drama, Comedy",2015,85978266.0
paper towns,"Mystery, Drama, Romance",2015,85512300.0
sicario,"Action, Crime, Thriller",2015,84872444.0
our times,"Romance, Comedy",2015,83867493.0
suck me shakespeer 2,Comedy,2015,83027924.0
hitman agent 47,"Action, Crime, Thriller",2015,82347656.0
wolf warrior,"Action, War, Thriller",2015,81411331.0
go away mr tumor,"Comedy, Romance",2015,80606893.0
the wedding ringer,Comedy,2015,79799880.0
paranormal activity the ghost dimension,"Horror, Thriller",2015,78903124.0
the left ear,"Drama, Romance",2015,78015473.0
tiny times 40,"Drama, Romance",2015,77750000.0
bajrangi bhaijaan,"Comedy, Drama, Action",2015,75547184.0
war room,Drama,2015,73267874.0
the transporter refueled,"Action, Thriller, Crime",2015,72629670.0
run all night,"Action, Crime, Thriller",2015,71661644.0
13 hours,,2015,69411370.0
running man,Comedy,2015,68782475.0
a violent prosecutor,,2015,66736633.0
the age of adaline,"Romance, Fantasy, Drama",2015,65663276.0
monk comes down the mountain,Action,2015,64455686.0
zhongkui snow girl and the dark crystal,"Action, Fantasy, Romance",2015,64325947.0
the danish girl,Drama,2015,64191523.0
the boy,"Drama, Horror, Thriller",2015,64188367.0
the hundred regiments offensive,"War, History, Drama, Action",2015,63230000.0
the longest ride,"Drama, Romance",2015,62944815.0
unfriended,"Horror, Mystery, Thriller",2015,62882090.0
brooklyn,"Romance, Drama, History",2015,62076141.0
dragon ball z resurrection f,"Action, Animation, Science Fiction",2015,61768190.0
woman in gold,Drama,2015,61619773.0
krampus,"Horror, Comedy, Fantasy",2015,61548707.0
the perfect guy,"Drama, Thriller",2015,60273173.0
forever young,Romance,2015,59981902.0
miss granny,"Comedy, Music, Fantasy",2015,59396311.0
the gift,"Thriller, Mystery, Drama",2015,58978653.0
you are my sunshine,"Drama, Romance",2015,56640000.0
no escape,"Thriller, Action",2015,54418872.0
sinister 2,Horror,2015,53329150.0
detective conan sunflowers of inferno,"Animation, Crime, Adventure, Mystery",2015,52920296.0
prem ratan dhan payo,"Romance, Drama, Action",2015,52715771.0
the boy next door,Thriller,2015,52425855.0
the night before,"Comedy, Adventure, Fantasy",2015,52395996.0
hollywood adventures,"Comedy, Action",2015,52265070.0
yokai watch movie its the secret of birth meow,"Animation, Family, Fantasy, Adventure",2015,51838845.0
hot pursuit,"Action, Comedy",2015,51680201.0
the himalayas,"Adventure, Drama",2015,50544493.0
the boy and the beast,"Action, Adventure, Animation, Drama, Family, Fantasy",2015,49714378.0
surprise,"Family, Drama",2015,49567466.0
entourage,"Comedy, Drama",2015,49263404.0
the woman in black 2 angel of death,"Thriller, Horror, Drama",2015,48854305.0
concussion,Drama,2015,48623572.0
inside men,"Crime, Drama",2015,47616503.0
the dead end,"Crime, Drama, Mystery",2015,47600000.0
boonie bears a mystical winter,"Animation, Comedy, Family",2015,47581416.0
mortdecai,"Comedy, Adventure",2015,47275695.0
lets get married,Romance,2015,45972724.0
somewhere only we know,"Drama, Romance",2015,45737711.0
mcfarland usa,"Drama, Family",2015,45710059.0
hero,"Romance, Comedy, Drama, Crime",2015,45565534.0
still alice,Drama,2015,44779195.0
max,"Adventure, Drama, Family",2015,43956255.0
the duff,"Romance, Comedy",2015,43709744.0
legend,"Crime, Thriller",2015,42972994.0
the gallows,"Horror, Thriller",2015,42964410.0
love the coopers,"Comedy, Family, Drama",2015,42426912.0
the throne,"Drama, History",2015,42165755.0
the lady in the van,"Comedy, Drama",2015,41387687.0
ricki and the flash,"Comedy, Drama, Music",2015,41325328.0
spanish affair 2,"Comedy, Romance, Family",2015,40591862.0
carol,"Romance, Drama",2015,40272135.0
northern limit line,"War, History",2015,40034677.0
exfiles 2 the backup strikes back,Comedy,2015,39108291.0
criminal,"Crime, Music, Romance",2015,38803993.0
boruto naruto the movie,"Adventure, Action, Animation, Comedy, Fantasy",2015,38362448.0
the lazarus effect,"Horror, Science Fiction, Thriller",2015,38356892.0
helios,"Action, Mystery, Adventure, Thriller",2015,37938005.0
a walk in the woods,"Adventure, Comedy, Drama",2015,37461274.0
ex machina,"Drama, Science Fiction",2015,36869414.0
burnt,Drama,2015,36606743.0
the priests,"Mystery, Thriller, Drama",2015,36577134.0
the new adventures of aladdin,"Comedy, Fantasy, Adventure",2015,35771820.0
heidi,"Adventure, Family, Drama",2015,35755670.0
room,"Drama, Thriller",2015,35401758.0
lost and love,Drama,2015,34930177.0
secret in their eyes,"Thriller, Mystery, Crime",2015,34854990.0
dad where are we going 2,,2015,34840000.0
doraemon nobita no uchû eiyûki,"Comedy, Animation, Family, Adventure, Science Fiction, Fantasy",2015,34811747.0
steve jobs,"Drama, History",2015,34441873.0
victor frankenstein,"Drama, Science Fiction, Thriller",2015,34227298.0
the witness,Documentary,2015,33963557.0
project almanac,"Science Fiction, Thriller",2015,33213241.0
dilwale,"Crime, Action, Comedy",2015,31994323.0
suffragette,"Drama, History",2015,31972096.0
selfless,"Science Fiction, Mystery, Thriller, Action",2015,31807156.0
saving mr wu,"Crime, Drama, Thriller",2015,31222161.0
attack on titan part 1,"Horror, Action, Science Fiction",2015,30810658.0
a man called ove,"Comedy, Drama",2015,30692889.0
far from the madding crowd,"Drama, Romance",2015,30229977.0
mr holmes,"Drama, Crime, Family, Mystery",2015,29355203.0
love mercy,"Drama, Music, History",2015,28641776.0
flying colors,"Comedy, Drama",2015,28525563.0
triumph in the skies,"Comedy, Drama, Romance",2015,28085162.0
the 33,"Drama, History",2015,27972023.0
bride wars,"Comedy, Romance",2015,27670000.0
irrational man,"Drama, Comedy, Crime",2015,27391084.0
detective k secret of the lost island,"Action, Mystery, Comedy",2015,27387870.0
to the fore,"Romance, Action, Drama",2015,27267799.0
american ultra,"Action, Comedy",2015,27262374.0
orange,Drama,2015,26261536.0
aloha,"Drama, Comedy, Romance",2015,26250020.0
huevos little roosters eggcellent adventure,"Animation, Adventure, Comedy, Family",2015,25892561.0
dügün dernek 2 sünnet,Comedy,2015,25836668.0
look whos back,Comedy,2015,25513752.0
serial teachers 2,Comedy,2015,25364150.0
wild city,"Thriller, Action, Crime",2015,24817852.0
captain america civil war,"Adventure, Action, Science Fiction",2016,1153296293.0
rogue one a star wars story,"Action, Adventure, Science Fiction",2016,1056057273.0
finding dory,"Adventure, Animation, Comedy, Family",2016,1028570889.0
zootopia,"Animation, Adventure, Family, Comedy",2016,1023784195.0
the jungle book,"Family, Adventure, Drama, Fantasy",2016,966550600.0
the secret life of pets,"Adventure, Comedy, Animation, Family",2016,875697467.0
batman v superman dawn of justice,"Action, Adventure, Fantasy",2016,874360194.0
fantastic beasts and where to find them,"Fantasy, Adventure",2016,816037575.0
deadpool,"Action, Adventure, Comedy",2016,782612155.0
suicide squad,"Action, Adventure, Fantasy",2016,749200054.0
doctor strange,"Action, Adventure, Fantasy",2016,677718395.0
moana,"Adventure, Comedy, Family, Animation",2016,643331111.0
sing,"Animation, Comedy, Family, Music",2016,634151679.0
the mermaid,"Comedy, Fantasy, Romance",2016,553810228.0
xmen apocalypse,"Action, Adventure, Science Fiction, Fantasy",2016,543934105.0
kung fu panda 3,"Action, Adventure, Animation, Comedy, Family",2016,521170825.0
la la land,"Comedy, Drama, Romance, Music",2016,447407695.0
warcraft,"Action, Adventure, Fantasy",2016,439048914.0
jason bourne,"Action, Thriller",2016,415484914.0
ice age collision course,"Adventure, Animation, Family, Comedy, Science Fiction",2016,408579038.0
independence day resurgence,"Action, Adventure, Science Fiction",2016,389681935.0
your name,"Animation, Romance, Drama",2016,357986087.0
the legend of tarzan,"Fantasy, Action, Adventure",2016,357243061.0
the angry birds movie,"Animation, Adventure, Comedy, Family",2016,352333929.0
trolls,"Family, Animation, Fantasy, Adventure, Comedy, Music",2016,347013487.0
star trek beyond,"Action, Adventure, Science Fiction",2016,343471816.0
the great wall,"Action, Adventure, Fantasy",2016,334933831.0
now you see me 2,"Crime, Thriller, Action, Mystery",2016,334897606.0
the conjuring 2,Horror,2016,321370008.0
resident evil the final chapter,"Action, Horror, Science Fiction",2016,312242626.0
dangal,"Drama, Family, Comedy, Action",2016,303726694.0
passengers,"Drama, Romance, Science Fiction",2016,303144152.0
alice through the looking glass,"Adventure, Family, Fantasy",2016,299457024.0
miss peregrines home for peculiar children,"Fantasy, Adventure",2016,296482446.0
teenage mutant ninja turtles out of the shadows,"Action, Adventure, Comedy, Family, Science Fiction",2016,245623848.0
sully,"Drama, History",2016,243870033.0
assassins creed,"Action, Adventure, Science Fiction",2016,240697856.0
hidden figures,"Drama, History",2016,235956898.0
ghostbusters,"Action, Fantasy, Comedy",2016,229147509.0
inferno,"Mystery, Thriller, Action",2016,220021259.0
central intelligence,"Action, Comedy, Crime, Mystery",2016,216940871.0
bridget joness baby,"Drama, Comedy, Romance",2016,211952420.0
me before you,"Drama, Romance",2016,208445075.0
london has fallen,"Action, Thriller",2016,205754447.0
arrival,"Drama, Science Fiction, Mystery",2016,203388186.0
the bfg,"Adventure, Family, Fantasy",2016,195243411.0
the monkey king 2,"Action, Adventure, Fantasy",2016,193678298.0
bad moms,Comedy,2016,183936074.0
storks,"Adventure, Animation, Comedy, Family",2016,183679278.0
from vegas to macau iii,"Action, Comedy",2016,181732879.0
hacksaw ridge,"Drama, History, War",2016,180563636.0
allegiant,"Adventure, Science Fiction, Action, Mystery",2016,179246868.0
operation mekong,"Action, Adventure, Crime, War",2016,173839072.0
the girl on the train,"Thriller, Mystery, Drama, Crime",2016,173185859.0
the huntsman winters war,"Action, Adventure, Drama",2016,164989338.0
the magnificent seven,"Adventure, Action, Western",2016,162360636.0
jack reacher never go back,"Action, Thriller",2016,162146076.0
dont breathe,"Horror, Thriller",2016,157761002.0
the accountant,"Crime, Thriller, Drama",2016,155560045.0
lights out,Horror,2016,149368835.0
time raiders,"Action, Adventure, Fantasy",2016,145819137.0
petes dragon,"Adventure, Family, Fantasy",2016,143695338.0
sausage party,"Adventure, Animation, Comedy, Fantasy",2016,140705322.0
lion,Drama,2016,140312928.0
skiptrace,"Action, Comedy, Thriller, Mystery",2016,136579287.0
mechanic resurrection,"Action, Crime, Thriller",2016,125729635.0
deepwater horizon,"Drama, Action",2016,121790373.0
allied,"Action, Drama, War, Romance, Thriller",2016,119520023.0
i belonged to you,"Romance, Drama",2016,119107580.0
the shallows,"Horror, Drama, Thriller",2016,119100758.0
the purge election year,"Action, Horror, Thriller",2016,118587880.0
why him,Comedy,2016,118102725.0
book of love,Drama,2016,114679097.0
office christmas party,Comedy,2016,114501299.0
how to be single,"Comedy, Romance",2016,112543513.0
10 cloverfield lane,"Thriller, Science Fiction, Drama, Horror",2016,110216998.0
neighbors 2 sorority rising,Comedy,2016,108007109.0
cold war 2,"Action, Thriller, Crime",2016,103197501.0
railroad tigers,"Action, Adventure, Comedy, Family, War",2016,102205175.0
some like it hot,"Comedy, Romance, Crime",2016,95721752.0
dirty grandpa,Comedy,2016,94073028.0
benhur,"Action, History, Adventure, Drama",2016,94061311.0
money monster,"Thriller, Drama",2016,93282604.0
train to busan,"Horror, Thriller, Action",2016,92742323.0
my big fat greek wedding 2,"Romance, Comedy",2016,90632641.0
collateral beauty,"Drama, Romance",2016,88616021.0
line walker,"Action, Crime, Drama",2016,88228755.0
sultan,"Drama, Action, Romance",2016,87280000.0
war dogs,"Comedy, Crime, Drama",2016,86434523.0
big fish begonia,"Animation, Adventure, Fantasy",2016,85409373.0
nerve,"Mystery, Adventure, Crime",2016,85251425.0
leap,Drama,2016,84197417.0
ouija origin of evil,Horror,2016,81705746.0
underworld blood wars,"Fantasy, Action, Thriller",2016,81093313.0
manchester by the sea,Drama,2016,78988148.0
the boss,Comedy,2016,78844582.0
shin godzilla,"Action, Science Fiction, Horror",2016,77947607.0
mike and dave need wedding dates,Comedy,2016,77068246.0
kubo and the two strings,"Animation, Adventure, Family",2016,76249438.0
quo vado,Comedy,2016,75878701.0
boo a madea halloween,Comedy,2016,74827344.0
miracles from heaven,"Family, Drama",2016,73983003.0
the nice guys,"Comedy, Crime, Action",2016,71261763.0
i am not madame bovary,"Comedy, Drama",2016,70826207.0
see you tomorrow,"Comedy, Drama, Romance",2016,70065569.0
one piece film gold,"Action, Animation, Adventure, Comedy",2016,66207073.0
moonlight,Drama,2016,65172611.0
monster trucks,"Action, Comedy, Science Fiction",2016,64493915.0
fences,Drama,2016,64414761.0
hail caesar,"Comedy, Crime, Mystery",2016,63647656.0
chongqing hot pot,Drama,2016,58106427.0
lord legend of ravaging dynasties,"Animation, Fantasy, Drama, Science Fiction",2016,58089494.0
nine lives,"Fantasy, Comedy, Family",2016,57814445.0
zoolander 2,"Comedy, Adventure, Action",2016,56722693.0
barbershop the next cut,"Comedy, Drama",2016,55630051.0
the age of shadows,"Action, Thriller",2016,54491162.0
a chinese odyssey part three,"Adventure, Comedy, Family, Fantasy",2016,53306108.0
tunnel,"Crime, Thriller",2016,52444295.0
patriots day,"Action, Crime, Drama, History, Thriller",2016,52185751.0
my beloved bodyguard,"Action, Crime",2016,52165873.0
the finest hours,"Action, Drama, History, Thriller",2016,52099090.0
master,"Action, Comedy",2016,51636415.0
doraemon the movie nobita and the birth of japan,"Animation, Adventure, Fantasy, Science Fiction, Family",2016,50939840.0
the wailing,"Horror, Mystery",2016,49851770.0
two is a family,"Drama, Comedy",2016,49619118.0
never gone,"Comedy, Drama, Romance",2016,48980792.0
luckkey,"Action, Comedy, Crime",2016,48913975.0
florence foster jenkins,"Comedy, Drama",2016,48902953.0
mothers day,"Comedy, Drama, Romance",2016,48782670.0
yokai watch movie its the secret of birth meow 2016 rerelease,,2016,47642462.0
a monster calls,"Drama, Fantasy, Adventure, Family, Animation, Horror",2016,47309313.0
risen,"Action, Adventure, Drama, Fantasy",2016,46432579.0
eddie the eagle,"Comedy, Drama, History, Adventure",2016,46152800.0
blair witch,"Thriller, Horror",2016,45173154.0
boonie bears the big top secret,"Animation, Adventure, Comedy",2016,45150390.0
café society,"Comedy, Drama, Romance",2016,43763247.0
league of gods,"Action, Fantasy",2016,43498766.0
almost christmas,"Comedy, Drama",2016,42580920.0
the witch,"Horror, Drama, Mystery",2016,40423945.0
the wild life,"Animation, Adventure, Comedy, Family",2016,40075446.0
love o2o,"Drama, Comedy, Romance",2016,39969537.0
the forest,"Horror, Thriller, Mystery",2016,39712000.0
absolutely fabulous the movie,Comedy,2016,39219109.0
my mom is a character 2,Comedy,2016,39195565.0
masterpiece mystery sherlock the abominable bride,,2016,39139204.0
crouching tiger hidden dragon sword of destiny,"Action, Adventure, Drama",2016,38659039.0
hell or high water,"Western, Crime, Drama",2016,37879877.0
mission milano,"Action, Comedy",2016,37749848.0
the handmaiden,"Thriller, Drama, Romance",2016,37692886.0
snowden,"Drama, History, Crime, Thriller",2016,37357216.0
nobunaga concerto the movie,"Action, Comedy, Science Fiction",2016,36187594.0
eye in the sky,"Drama, Thriller, War",2016,35259653.0
the tuche family the american dream,Comedy,2016,35210425.0
os dez mandamentos o filme,Drama,2016,31998251.0
bounty hunters,"Action, Adventure, Comedy, Drama",2016,31918573.0
ae dil hai mushkil,"Romance, Drama",2016,31668920.0
assassination classroom the graduation,"Science Fiction, Comedy, Action",2016,31352921.0
perfect strangers,"Comedy, Drama",2016,31254929.0
billy lynns long halftime walk,"Drama, War",2016,30930984.0
pandora,,2016,30896701.0
norm of the north,"Adventure, Animation, Comedy, Family",2016,30734502.0
when the bough breaks,"Drama, Thriller",2016,30658387.0
s storm,"Crime, Action, Thriller",2016,30381402.0
nocturnal animals,"Drama, Thriller",2016,30311857.0
a silent voice the movie,"Animation, Drama",2016,30021659.0
keeping up with the joneses,"Action, Comedy",2016,29918745.0
jackie,Drama,2016,29777777.0
masterminds,"Action, Comedy, Crime",2016,29674699.0
flight crew,Action,2016,29171110.0
viking,"History, Action, Drama",2016,29161298.0
ms dhoni the untold story,Drama,2016,28903047.0
fan,"Action, Adventure, Thriller",2016,28240000.0
yôkai watch the movie the flying whale and the grand adventure of the double worlds meow,,2016,28110245.0
welcome to germany,"Comedy, Drama",2016,28036021.0
the brothers grimsby,"Action, Comedy",2016,27979040.0
when larry meets mary,,2016,27863090.0
yesterday once more,"Drama, Romance",2016,27413790.0
the light between oceans,"Drama, Romance",2016,25975621.0
a beautiful planet,"Documentary, Adventure, Family",2016,25730120.0
mr donkey,"Comedy, Drama",2016,25537759.0
born in china,Documentary,2016,25081168.0
race,"Drama, History",2016,25070261.0
call of heroes,"Action, Thriller",2016,25040561.0
free state of jones,"Action, Drama, History, War",2016,25035950.0
whiskey tango foxtrot,"Comedy, Drama, War",2016,24972139.0
soulmate,"Romance, Drama",2016,24684439.0
the snow queen 3 fire and ice,"Family, Animation, Fantasy, Comedy",2016,24644317.0
gods not dead 2,Drama,2016,24487848.0
camping 3,Comedy,2016,24224579.0
the founder,"Drama, History",2016,24121245.0
bad santa 2,"Comedy, Crime, Mystery",2016,24079268.0
spirits homecoming,"Drama, History",2016,23857217.0
silence,"Drama, History",2016,23834809.0
kevin hart what now,"Comedy, Documentary, TV Movie",2016,23591043.0
no manches frida,Comedy,2016,23540937.0
middle school the worst years of my life,"Family, Comedy",2016,23316139.0
triple 9,"Action, Crime, Adventure, Thriller",2016,23177948.0
rock dog,"Animation, Adventure, Comedy, Family, Music",2016,23139802.0
the choice,"Drama, Romance",2016,23064015.0
penny pincher,Comedy,2016,22955486.0
star wars episode viii the last jedi,"Adventure, Action, Science Fiction",2017,1332539889.0
beauty and the beast,"Family, Fantasy, Romance",2017,1263521126.0
the fate of the furious,"Action, Crime, Thriller",2017,1236005118.0
despicable me 3,"Action, Animation, Comedy, Family, Adventure",2017,1034799409.0
jumanji welcome to the jungle,"Adventure, Comedy, Fantasy",2017,962077546.0
spiderman homecoming,"Action, Adventure, Science Fiction, Drama",2017,880166924.0
wolf warrior 2,"War, Action, Thriller",2017,870325439.0
guardians of the galaxy vol 2,"Science Fiction, Adventure, Action",2017,863756051.0
thor ragnarok,"Action, Adventure, Science Fiction",2017,853977126.0
wonder woman,"Action, Adventure, Fantasy",2017,822963408.0
coco,"Family, Animation, Music, Adventure",2017,814641172.0
pirates of the caribbean dead men tell no tales,"Adventure, Action, Fantasy",2017,794861794.0
it,"Horror, Thriller",2017,702781748.0
justice league,"Action, Adventure, Science Fiction",2017,661324295.0
logan,"Action, Drama, Science Fiction",2017,619021436.0
transformers the last knight,"Action, Adventure, Science Fiction",2017,605425157.0
kong skull island,"Action, Adventure, Fantasy",2017,568652812.0
the boss baby,"Animation, Comedy, Family",2017,527965936.0
dunkirk,"War, Action, Drama",2017,526045546.0
war for the planet of the apes,"Drama, Science Fiction, War",2017,490719763.0
the greatest showman,Drama,2017,434993183.0
kingsman the golden circle,"Action, Adventure, Comedy",2017,410902662.0
the mummy,"Fantasy, Thriller, Action, Adventure, Horror",2017,409231607.0
cars 3,"Family, Animation, Adventure, Comedy",2017,383930656.0
fifty shades darker,"Drama, Romance",2017,381545846.0
murder on the orient express,"Mystery, Drama, Crime",2017,352789811.0
xxx return of xander cage,"Action, Adventure, Crime",2017,346118277.0
never say die,"Comedy, Fantasy",2017,334530869.0
the lego batman movie,"Animation, Action, Comedy, Family",2017,312150384.0
the exfile 3 return of the exes,"Romance, Comedy",2017,307592427.0
annabelle creation,Horror,2017,306592201.0
wonder,"Drama, Family",2017,305937718.0
ferdinand,"Animation, Family, Adventure, Comedy",2017,296069199.0
split,"Horror, Thriller",2017,278454358.0
blade runner 2049,"Science Fiction, Drama",2017,259154159.0
kung fu yoga,"Comedy, Mystery, Family, Action, Adventure",2017,257743016.0
get out,"Mystery, Thriller, Horror",2017,255407969.0
baahubali 2 the conclusion,"Action, Adventure, Fantasy",2017,254158390.0
journey to the west the demons strike back,"Adventure, Fantasy, Action",2017,247585244.0
alien covenant,"Science Fiction, Horror, Thriller",2017,240891763.0
paddington 2,"Adventure, Comedy, Family",2017,227291591.0
youth,"Science Fiction, Thriller, Drama",2017,227091290.0
baby driver,"Action, Crime",2017,226945087.0
valerian and the city of a thousand planets,"Adventure, Science Fiction, Action",2017,225874228.0
geostorm,"Action, Science Fiction, Thriller",2017,221900160.0
the emoji movie,"Animation, Family, Comedy",2017,217776646.0
a dogs purpose,"Adventure, Comedy, Fantasy, Family, Drama",2017,205035819.0
smurfs the lost village,"Animation, Family, Adventure, Comedy",2017,197183546.0
the shape of water,"Drama, Fantasy, Romance",2017,195243464.0
pitch perfect 3,"Comedy, Music",2017,185400345.0
the hitmans bodyguard,"Action, Comedy, Crime, Thriller",2017,183415183.0
daddys home 2,Comedy,2017,180613180.0
the post,"Drama, History",2017,179769457.0
baywatch,"Comedy, Action, Crime",2017,177856751.0
john wick chapter 2,"Action, Thriller, Crime",2017,171539887.0
ghost in the shell,"Action, Animation, Science Fiction",2017,169801921.0
three billboards outside ebbing missouri,"Crime, Drama",2017,160060063.0
duckweed,"Comedy, Drama",2017,152894264.0
darkest hour,"Drama, History",2017,150847207.0
king arthur legend of the sword,"Action, Drama, Fantasy",2017,149175066.0
the foreigner,"Action, Thriller",2017,145374099.0
power rangers,"Action, Adventure, Science Fiction",2017,142337240.0
girls trip,Comedy,2017,140552359.0
american made,"Comedy, Crime, Drama",2017,134866593.0
a bad moms christmas,Comedy,2017,130560428.0
happy death day,"Comedy, Horror, Mystery",2017,125479266.0
captain underpants the first epic movie,"Action, Animation, Comedy, Family",2017,125427681.0
the lego ninjago movie,"Family, Animation, Action, Adventure, Comedy",2017,123681555.0
secret superstar,"Drama, Music",2017,122026260.0
the commuter,,2017,119942387.0
forever young,Comedy,2017,119055731.0
the dark tower,"Fantasy, Action, Science Fiction",2017,113231078.0
buddies in india,"Comedy, Action, Adventure",2017,110155128.0
along with the gods the two worlds,"Action, Adventure, Drama, Fantasy, Thriller",2017,109383972.0
immortal demon slayer,"Fantasy, Action, Adventure, Family",2017,103818506.0
jigsaw,"Horror, Mystery, Thriller",2017,102952888.0
life,"Horror, Science Fiction, Mystery, Thriller",2017,100541806.0
atomic blonde,"Action, Adventure, Thriller",2017,100014025.0
legend of the demon cat,"Fantasy, Adventure, Family",2017,97051623.0
the shack,"Drama, Fantasy",2017,96942115.0
chasing the dragon,"Action, Crime, Thriller",2017,87965942.0
tiger zinda hai,"Action, Adventure, Thriller",2017,87320000.0
a taxi driver,"Action, Drama, History",2017,86252940.0
going in style,"Crime, Comedy",2017,85218541.0
rings,Horror,2017,83080890.0
once upon a time,"Drama, Western",2017,82886178.0
paradox,"Crime, Action, Adventure, Thriller",2017,79226860.0
lady bird,"Drama, Comedy",2017,78965611.0
fantastica a boonie bears adventure,"Animation, Fantasy, Family, Action",2017,77151096.0
the nut job 2 nutty by nature,"Animation, Family, Adventure, Comedy",2017,68743485.0
american assassin,"Action, Adventure, Thriller",2017,67234188.0
victoria abdul,"Drama, History",2017,66558465.0
suck me shakespeer 3,Comedy,2017,64236772.0
detective conan crimson love letter,"Animation, Crime, Mystery, Action",2017,63144805.0
the mountain between us,"Drama, Adventure, Romance",2017,62832209.0
the star,"Comedy, Adventure, Animation, Family, Fantasy",2017,62812974.0
how to be a latin lover,Comedy,2017,62547032.0
47 meters down,Horror,2017,62187529.0
everything everything,"Drama, Romance",2017,61721140.0
doraemon great adventure in the antarctic kachi kochi,"Animation, Adventure, Fantasy, Family",2017,61153455.0
snatched,"Action, Comedy",2017,60845711.0
the founding of an army,"History, War, Action",2017,60600361.0
my little pony the movie,"Family, Animation, Adventure, Fantasy",2017,60330833.0
mollys game,"Drama, Crime",2017,59284015.0
the devotion of suspect x,"Mystery, Thriller",2017,59035664.0
shock wave,"Action, Crime, Adventure, Thriller",2017,58824459.0
goldbuster,"Drama, Comedy",2017,57628292.0
all the money in the world,"Crime, History, Thriller",2017,56996304.0
the big sick,"Comedy, Drama, Romance",2017,56411585.0
confidential assignment,"Action, Drama",2017,55972241.0
all eyez on me,"History, Drama, Music",2017,55668698.0
downsizing,"Drama, Science Fiction",2017,55003890.0
i tonya,"Drama, Comedy",2017,53939297.0
1987 when the day comes,"Drama, History, Thriller",2017,53834292.0
the outlaws,"Action, Crime, Thriller",2017,52946454.0
bleeding steel,"Science Fiction, Action, Adventure, Thriller",2017,48825526.0
logan lucky,"Comedy, Crime",2017,48453605.0
boo 2 a madea halloween,Comedy,2017,48333932.0
sky hunter,Action,2017,48065601.0
phantom thread,"Drama, Romance",2017,47756590.0
rough night,"Drama, Comedy",2017,47347283.0
son of bigfoot,"Family, Animation, Comedy",2017,47046281.0
three seconds,Drama,2017,46596415.0
the thousand faces of dunjia,"Adventure, Action, Fantasy",2017,46263237.0
the battleship island,"Action, History, Drama, War",2017,46183383.0
hanson and the beast,"Comedy, Fantasy",2017,46154323.0
gintama live action the movie,,2017,45746967.0
guilty of mind,"Mystery, Crime, Drama",2017,45698503.0
flatliners,"Drama, Horror, Thriller",2017,45158254.0
bad genius,"Drama, Crime, Thriller, Comedy",2017,44560421.0
mother,"Drama, Horror, Thriller",2017,44516999.0
wind river,"Crime, Mystery, Thriller, Western",2017,43980821.0
battle of memories,"Drama, Mystery, Thriller, Science Fiction",2017,43892362.0
the snowman,"Crime, Thriller, Mystery, Horror",2017,43084060.0
gifted,"Drama, Comedy",2017,43046590.0
loving vincent,"Animation, Drama, Mystery, History",2017,42187665.0
call me by your name,"Romance, Drama",2017,42142738.0
mary and the witchs flower,"Adventure, Animation, Family, Fantasy",2017,41978431.0
t2 trainspotting,"Drama, Comedy",2017,41681746.0
fist fight,Comedy,2017,41187017.0
the circle,"Drama, Thriller, Science Fiction",2017,40656399.0
diary of a wimpy kid the long haul,"Comedy, Family",2017,40140972.0
brotherhood of blades 2,"Romance, Action, Drama, History",2017,39966092.0
midnight runners,"Comedy, Action, Crime",2017,39730433.0
the king,Documentary,2017,37886707.0
pokémon the movie i choose you,"Family, Animation, Adventure, Fantasy",2017,37552144.0
home again,"Comedy, Drama, Romance",2017,37270721.0
the adventurers,"Action, Crime, Adventure",2017,36796816.0
tad the lost explorer and the secret of king midas,"Animation, Adventure, Comedy, Family",2017,35704046.0
hostiles,"Drama, Western, History",2017,35669017.0
namiya,"Fantasy, Drama, Family",2017,35351623.0
destiny the tale of kamakura,"Mystery, Drama, Fantasy",2017,35166640.0
the liquidator,"Thriller, Crime",2017,35046130.0
kidnap,"Drama, Thriller",2017,34814102.0
raid special unit,"Action, Comedy",2017,34598750.0
the house,Comedy,2017,34284504.0
i want to eat your pancreas,"Drama, Romance",2017,33748006.0
perfect strangers,"Comedy, Drama",2017,33262366.0
sleepless,"Action, Crime, Thriller",2017,32917353.0
hindi medium,"Comedy, Drama",2017,32841493.0
steel rain,"Action, Thriller",2017,32783733.0
the house that never dies ii,"Thriller, Drama, Mystery, Horror",2017,32433588.0
the invisible guest,"Drama, Mystery, Thriller",2017,31191910.0
this is not what i expected,"Comedy, Romance",2017,30996615.0
the last warrior,"Fantasy, Family, Adventure, Action, Comedy",2017,30618274.0
reset 2017 rerelease,,2017,29949252.0
the bye bye man,"Horror, Thriller",2017,29874280.0
the disaster artist,"Comedy, Drama",2017,29820616.0
the swindlers,"Crime, Action, Thriller",2017,29721916.0
alibicom,"Comedy, Family",2017,29370592.0
sword art online the movie ordinal scale,"Animation, Action, Adventure, Fantasy, Science Fiction",2017,29322339.0
recep ivedik 5,Comedy,2017,28952258.0
judwaa 2,"Action, Comedy, Romance",2017,28733523.0
the fortress,"Animation, Drama, Action, Science Fiction",2017,28645448.0
what happened to monday,"Science Fiction, Thriller, Drama, Mystery, Action",2017,27975429.0
monster family,"Animation, Family, Fantasy, Comedy",2017,27890108.0
the beguiled,Drama,2017,27869129.0
chips,"Action, Comedy, Crime",2017,26800152.0
a cure for wellness,"Horror, Mystery, Science Fiction",2017,26620002.0
only the brave,"Drama, Action",2017,26351322.0
twenty two,"History, Documentary",2017,26289378.0
the zookeepers wife,"Drama, History, War",2017,26152835.0
the bride of badrinath,,2017,26134309.0
a chinese odyssey part 2 cinderella 2017 rerelease,,2017,25960664.0
love off the cuff,"Romance, Comedy",2017,25959989.0
father figures,Comedy,2017,25701244.0
fireworks,"Drama, Romance",2017,25672406.0
money,"Crime, Thriller",2017,25403753.0
leap 2017 rerelease,,2017,25376094.0
the death of stalin,"Comedy, Drama, History",2017,24646055.0
the 8year engagement,"Drama, Romance",2017,24425963.0
jolly llb 2,"Comedy, Crime",2017,24214186.0
i can speak,"Drama, Comedy",2017,24024444.0
wish upon,"Horror, Thriller, Fantasy",2017,23468586.0
detroit,"Crime, Drama, Thriller, History",2017,23355100.0
extraordinary mission,"Action, Adventure, Crime, Thriller",2017,22757764.0
the glass castle,Drama,2017,22088533.0
épousemoi mon pote,Comedy,2017,21571464.0
the prison,"Adventure, Fantasy",2017,21205329.0
one hundred thousand bad jokes 2,"Animation, Fantasy, Comedy",2017,20460352.0
avengers infinity war,"Adventure, Action, Science Fiction",2018,2048359754.0
black panther,"Action, Adventure, Science Fiction",2018,1346913161.0
jurassic world fallen kingdom,"Action, Adventure, Science Fiction, Thriller",2018,1308467944.0
incredibles 2,"Action, Adventure, Animation, Family",2018,1242805359.0
aquaman,"Action, Adventure, Fantasy",2018,1151961807.0
bohemian rhapsody,"Music, Drama",2018,903655259.0
venom,"Science Fiction, Action",2018,856085151.0
mission impossible fallout,"Action, Adventure",2018,791115104.0
deadpool 2,"Action, Comedy, Adventure",2018,734546611.0
fantastic beasts the crimes of grindelwald,"Fantasy, Adventure",2018,655755901.0
antman and the wasp,"Action, Adventure, Science Fiction",2018,622674139.0
ready player one,"Adventure, Action, Science Fiction",2018,583490172.0
operation red sea,"Action, Thriller, War, Adventure",2018,579330426.0
detective chinatown 2,"Comedy, Mystery",2018,544185156.0
ralph breaks the internet,"Family, Animation, Comedy, Adventure",2018,529323962.0
the meg,"Action, Science Fiction, Horror",2018,529243742.0
hotel transylvania 3 summer vacation,"Animation, Comedy, Family, Fantasy",2018,528583774.0
the grinch,"Animation, Family, Comedy, Fantasy",2018,512453517.0
bumblebee,"Action, Adventure, Science Fiction",2018,467989645.0
dying to survive,"Drama, Comedy",2018,451176639.0
a star is born,"Music, Drama, Romance",2018,436388866.0
rampage,"Action, Adventure, Science Fiction",2018,428128233.0
mamma mia here we go again,"Comedy, Romance",2018,395044706.0
solo a star wars story,"Science Fiction, Adventure, Action",2018,392924807.0
spiderman into the spiderverse,"Animation, Action, Adventure, Science Fiction",2018,375582637.0
fifty shades freed,"Drama, Romance",2018,371985018.0
hello mr billionaire,Comedy,2018,366961907.0
the nun,Horror,2018,366050119.0
monster hunt 2,"Adventure, Comedy, Fantasy",2018,361682618.0
peter rabbit,"Animation, Adventure, Family",2018,351266433.0
mary poppins returns,"Fantasy, Family, Comedy",2018,349537494.0
a quiet place,"Horror, Drama, Science Fiction",2018,340939361.0
green book,"Drama, History",2018,321752656.0
skyscraper,"Action, Thriller, Adventure",2018,304868961.0
oceans eight,"Crime, Comedy, Action",2018,297718711.0
pacific rim uprising,"Action, Fantasy, Science Fiction, Adventure",2018,290930148.0
maze runner the death cure,"Science Fiction, Action, Adventure, Thriller",2018,288175335.0
tomb raider,"Action, Adventure, Fantasy",2018,274950803.0
halloween,"Horror, Thriller",2018,255485178.0
crazy rich asians,"Comedy, Romance",2018,239032921.0
smallfoot,"Family, Animation, Adventure, Fantasy, Comedy",2018,217940103.0
creed ii,"Drama, Action",2018,214215889.0
us and them,"Drama, Romance",2018,209221380.0
the island,"Action, Thriller",2018,198326350.0
christopher robin,"Adventure, Comedy, Family, Fantasy",2018,197744377.0
the equalizer 2,"Action, Thriller, Crime",2018,190400157.0
project gutenberg,"Action, Crime, Mystery",2018,188116796.0
the mule,"Crime, Drama",2018,174804407.0
the nutcracker and the four realms,"Fantasy, Adventure, Family",2018,173961069.0
insidious the last key,"Horror, Thriller",2018,167885588.0
the predator,"Science Fiction, Action, Adventure",2018,160542134.0
johnny english strikes again,"Action, Adventure, Comedy",2018,158970776.0
red sparrow,"Thriller, Mystery",2018,151572634.0
more than blue,"Romance, Drama",2018,142958164.0
the first purge,"Horror, Action, Thriller",2018,137056262.0
how long will i love u,"Comedy, Romance, Drama, Mystery, Fantasy",2018,136796719.0
a wrinkle in time,"Adventure, Science Fiction, Family, Fantasy",2018,132675864.0
the house with a clock in its walls,"Fantasy, Family, Comedy",2018,131457147.0
instant family,"Comedy, Drama",2018,120556201.0
a cool fish,"Comedy, Thriller, Crime",2018,118153135.0
game night,"Mystery, Comedy, Crime",2018,117679066.0
dragon ball super broly,"Action, Science Fiction, Animation",2018,115750445.0
the monkey king 3,"Adventure, Fantasy, Action, Family",2018,115084576.0
first man,"History, Drama",2018,105697415.0
book club,"Romance, Comedy, Drama",2018,104438188.0
night school,Comedy,2018,103105878.0
detective conan zero the enforcer,"Animation, Crime, Mystery, Action",2018,101860359.0
along with the gods the last 49 days,"Action, Adventure, Fantasy, Thriller",2018,97962238.0
a simple favor,"Crime, Thriller, Comedy",2018,97644617.0
alpha,"Adventure, Drama",2018,97254328.0
boonie bears the big shrink,"Animation, Comedy, Adventure, Science Fiction",2018,96845907.0
the favourite,"Drama, Comedy, Thriller, History",2018,95918706.0
truth or dare,"Thriller, Horror",2018,95330493.0
kill mobile,"Drama, Comedy",2018,94870905.0
i feel pretty,"Comedy, Romance",2018,94539426.0
blockers,Comedy,2018,94017294.0
blackkklansman,"Crime, Comedy, Drama",2018,93400823.0
goosebumps 2 haunted halloween,"Comedy, Fantasy, Horror",2018,93320380.0
shadow,"Drama, Romance",2018,91708374.0
overboard,"Romance, Comedy",2018,91244913.0
sherlock gnomes,"Animation, Family, Fantasy, Comedy, Adventure, Mystery",2018,90497778.0
detective dee the four heavenly kings,"Action, Fantasy, Adventure, Mystery",2018,90040771.0
hello mrs money,Comedy,2018,86874070.0
robin hood,"Action, Adventure, History",2018,86489031.0
i can only imagine,"Music, Drama",2018,86086881.0
hidden man,"Action, Crime, Drama",2018,85170581.0
mortal engines,"Adventure, Science Fiction",2018,83672673.0
ipartment the movie,,2018,81096321.0
doraemon the movie nobitas treasure island,"Animation, Adventure, Fantasy, Science Fiction, Comedy, Family",2018,80920916.0
den of thieves,"Action, Crime, Thriller",2018,80509622.0
hereditary,"Horror, Mystery, Thriller",2018,79996301.0
code blue the movie,"Action, Adventure, Drama",2018,78778562.0
tag,"Comedy, Action",2018,78230625.0
sanju,"Drama, Comedy",2018,76693052.0
vice,"Comedy, Drama",2018,76073488.0
widows,"Crime, Thriller",2018,75984700.0
sicario day of the soldado,"Action, Crime, Thriller",2018,75837743.0
searching,"Drama, Mystery, Thriller",2018,75462037.0
the spy who dumped me,"Comedy, Action, Adventure",2018,75320680.0
animal world,"Drama, Action, Adventure, Thriller",2018,74922830.0
amazing china,Documentary,2018,72506343.0
second act,"Romance, Comedy",2018,72282227.0
spirited away 2018 rerelease,,2018,70186029.0
shoplifters,"Drama, Crime, Thriller",2018,67999335.0
12 strong,"War, Drama, Action, History",2018,67359190.0
love simon,"Comedy, Drama, Romance",2018,66316289.0
mile 22,"Action, Thriller",2018,66308758.0
life of the party,Comedy,2018,65659911.0
l storm,"Action, Crime, Thriller",2018,64517456.0
capernaum,Drama,2018,64417003.0
isle of dogs,"Adventure, Comedy, Animation",2018,64241499.0
andhadhun,"Crime, Mystery, Thriller, Comedy",2018,62475342.0
adrift,"Thriller, Romance, Adventure",2018,59945012.0
the 1517 to paris,"Drama, Thriller",2018,57176286.0
a or b,"Comedy, Action, Drama",2018,56239049.0
go brother,"Comedy, Drama",2018,54663060.0
early man,"Family, Comedy, Animation, Adventure",2018,54622814.0
peppermint,"Action, Thriller",2018,53918723.0
teen titans go to the movies,"Animation, Action, Comedy, Science Fiction",2018,52390236.0
slender man,"Horror, Mystery, Thriller",2018,51738549.0
breaking in,"Thriller, Crime, Action",2018,51411620.0
cry me a sad river,Drama,2018,51400614.0
once upon a deadpool 2018 rerelease,,2018,51349833.0
simmba,"Action, Comedy, Crime, Drama",2018,51329025.0
family is family,Comedy,2018,49954866.0
death wish,"Action, Crime, Thriller",2018,49562710.0
the magic tuche,Comedy,2018,47427990.0
golden job,"Action, Adventure, Crime",2018,47287851.0
mary queen of scots,"Drama, History",2018,46712809.0
uncle drew,Comedy,2018,46664414.0
acrimony,"Drama, Thriller",2018,46403669.0
asterix the secret of the magic potion,"Family, Animation, Comedy, Adventure",2018,46205573.0
bajrangi bhaijaan 2018 rerelease,,2018,45579004.0
winchester,"Horror, Thriller",2018,44019588.0
annihilation,"Science Fiction, Horror",2018,43070915.0
the possession of hannah grace,"Horror, Drama",2018,43016528.0
long days journey into night,"Drama, Mystery",2018,42140994.0
overlord,"Horror, War, Science Fiction",2018,41657844.0
the great battle,"War, History, Action",2018,41509280.0
the darkest minds,"Action, Adventure, Drama",2018,41142379.0
lost found,"Drama, Family",2018,41043552.0
holmes watson,"Comedy, Mystery, Crime",2018,40466970.0
intimate strangers,"Drama, Comedy",2018,39576060.0
thugs of hindostan,"Adventure, Action",2018,39570044.0
sink or swim,"Drama, Comedy",2018,39193850.0
show dogs,"Adventure, Crime, Family, Comedy",2018,39156854.0
believer,Documentary,2018,39047153.0
the spy gone north,"Drama, History, Thriller",2018,38844509.0
on the basis of sex,"Drama, History",2018,38673750.0
taxi 5,"Action, Comedy",2018,38598227.0
fat buddies,"Comedy, Action",2018,37496410.0
till the end of the world,"Romance, Drama, Adventure",2018,37013733.0
20,"Action, Science Fiction, Fantasy",2018,36945969.0
nothing to lose,"Drama, History",2018,36075317.0
mia and the white lion,"Adventure, Family, Drama",2018,35487190.0
the girl in the spiders web,"Action, Crime, Thriller",2018,35164920.0
the hate u give,"Crime, Drama",2018,34934009.0
nobodys fool,"Comedy, Romance",2018,33705333.0
baaghi 2,"Action, Crime, Adventure, Mystery, Thriller",2018,33139063.0
the hurricane heist,"Action, Adventure, Crime, Thriller",2018,32517248.0
all about me,"Drama, Comedy",2018,31920159.0
bad times at the el royale,"Thriller, Mystery, Crime",2018,31882724.0
beautiful boy,Drama,2018,31711319.0
hunter killer,"Action, Adventure, Thriller",2018,31672678.0
super troopers 2,"Comedy, Crime, Mystery",2018,31626386.0
the strangers prey at night,"Horror, Thriller",2018,31039126.0
gintama 2 rules are made to be broken,"Comedy, Action, Science Fiction, Fantasy",2018,30896653.0
meng chong guo jiang,,2018,30355804.0
clergy,Drama,2018,30114115.0
ice,,2018,29806210.0
free solo,"Documentary, Adventure",2018,29390279.0
dark figure of crime,"Crime, Drama",2018,29176133.0
pad man,"Comedy, Drama",2018,29045020.0
mirai,"Animation, Family, Fantasy, Adventure, Drama",2018,28756961.0
default,"Drama, History",2018,27694043.0
one cut of the dead,"Comedy, Horror",2018,27590180.0
the happytime murders,"Action, Comedy, Crime",2018,27506452.0
midnight sun,"Romance, Drama",2018,27365467.0
vip policeman,,2018,27222681.0
my neighbor totoro 2018 rerelease,,2018,27083857.0
the faces of my gene,"Drama, Comedy",2018,26796279.0
badhaai ho,"Comedy, Romance, Drama",2018,26125610.0
hichki,"Drama, Comedy",2018,26055222.0
champions,"Comedy, Family, Drama",2018,25962612.0
white boy rick,"Crime, Drama",2018,25957482.0
paul apostle of christ,Drama,2018,25915966.0
keys to the heart,"Drama, Comedy",2018,25375866.0
stan ollie,"Comedy, Drama",2018,24420923.0
the witch part 1 the subversion,"Action, Mystery, Science Fiction",2018,24340302.0
the accidental detective 2 in action,"Comedy, Crime",2018,24243825.0
killing for the prosecution,"Mystery, Drama, Crime, Thriller",2018,23929620.0
pokémon the movie the power of us,"Animation, Family, Adventure, Fantasy",2018,23740788.0
the guernsey literary and potato peel pie society,"Romance, Drama, History",2018,23148937.0
the crimes that bind,"Mystery, Thriller, Crime",2018,23144130.0
new happy dad and son 3 adventure in russia,Animation,2018,23130469.0
padmaavat,"Drama, History, Romance",2018,22991060.0
wont you be my neighbor,Documentary,2018,22844741.0
europe raiders,"Action, Adventure, Thriller",2018,22435156.0
mojin the worm valley,"Action, Fantasy, Adventure",2018,22381583.0
stree,"Horror, Comedy",2018,22075730.0
avengers endgame,"Adventure, Science Fiction, Action",2019,2799439100.0
the lion king,"Adventure, Drama, Family, Animation",2019,1656943394.0
frozen ii,"Family, Animation, Adventure, Comedy, Fantasy",2019,1450026933.0
spiderman far from home,"Action, Adventure, Science Fiction",2019,1131927996.0
captain marvel,"Action, Adventure, Science Fiction",2019,1128274794.0
joker,"Crime, Thriller, Drama",2019,1078751311.0
star wars episode ix the rise of skywalker,"Adventure, Action, Science Fiction",2019,1074144248.0
toy story 4,"Family, Adventure, Animation, Comedy, Fantasy",2019,1073394593.0
aladdin,"Adventure, Fantasy, Romance, Family",2019,1050693953.0
jumanji the next level,"Adventure, Comedy, Fantasy",2019,801693929.0
fast furious presents hobbs shaw,"Action, Adventure, Comedy",2019,760732926.0
ne zha,"Animation, Fantasy, Adventure",2019,726024868.0
the wandering earth,"Science Fiction, Action, Drama",2019,699856699.0
how to train your dragon the hidden world,"Animation, Family, Adventure",2019,521799505.0
maleficent mistress of evil,"Family, Fantasy, Adventure, Action",2019,491730089.0
it chapter two,"Horror, Drama, Thriller",2019,473093228.0
my people my country,"Drama, History",2019,450064993.0
pokémon detective pikachu,"Action, Adventure, Fantasy",2019,433305346.0
the secret life of pets 2,"Adventure, Animation, Comedy, Family",2019,431164459.0
the captain,"Action, Animation, Comedy, Family",2019,417863545.0
alita battle angel,"Action, Science Fiction, Adventure",2019,404980543.0
godzilla king of the monsters,"Science Fiction, Action",2019,387300138.0
1917,"War, History, Thriller, Drama",2019,384580017.0
once upon a time in hollywood,"Comedy, Drama, Thriller",2019,377426903.0
shazam,"Action, Comedy, Fantasy",2019,365971656.0
dumbo,"Family, Fantasy, Adventure",2019,353284621.0
john wick chapter 3 parabellum,"Action, Thriller, Crime",2019,327777335.0
crazy alien,"Comedy, Science Fiction",2019,327598891.0
knives out,"Comedy, Crime, Mystery",2019,312897920.0
terminator dark fate,"Science Fiction, Action, Adventure",2019,261119292.0
parasite,"Comedy, Thriller, Drama",2019,258129037.0
us,"Horror, Thriller",2019,256022707.0
pegasus,"Comedy, Action",2019,255863112.0
men in black international,"Comedy, Science Fiction, Action",2019,253890701.0
xmen dark phoenix,"Science Fiction, Action, Adventure",2019,252442974.0
glass,"Thriller, Drama, Science Fiction",2019,246999039.0
the bravest,"Drama, Action",2019,245179562.0
annabelle comes home,Horror,2019,231252591.0
better days,"Drama, Romance, Thriller, Crime",2019,227313644.0
ford v ferrari,"Drama, Action, History",2019,225508210.0
little women,"Drama, Romance, History",2019,220102318.0
the addams family,"Family, Animation, Comedy, Fantasy",2019,203044905.0
rocketman,"Music, Drama",2019,195320400.0
downton abbey,"Drama, Romance, History",2019,194694725.0
weathering with you,"Animation, Drama, Fantasy, Romance",2019,192495409.0
the lego movie 2 the second part,"Action, Adventure, Animation, Comedy, Family",2019,192306508.0
sheep without a shepherd,"Crime, Drama",2019,191602146.0
the white storm 2 drug lords,"Drama, Action, Thriller",2019,189396380.0
abominable,"Family, Animation, Adventure, Comedy",2019,188623517.0
ip man 4 the finale,"Action, History, Drama",2019,176345966.0
gemini man,"Science Fiction, Action, Adventure, Thriller",2019,173469516.0
spies in disguise,"Animation, Action, Adventure, Comedy, Family",2019,171616764.0
hustlers,"Drama, Comedy, Crime",2019,157563598.0
the climbers,"Adventure, Action, Drama, History",2019,156892866.0
escape room,"Horror, Thriller, Mystery",2019,155712077.0
yesterday,"Comedy, Fantasy, Music, Romance",2019,154608856.0
the angry birds movie 2,"Animation, Action, Fantasy, Adventure, Comedy",2019,147792047.0
angel has fallen,"Action, Thriller",2019,146661977.0
ad astra,"Science Fiction, Drama",2019,127461872.0
midway,"Action, War, History",2019,127390389.0
the upside,"Comedy, Drama",2019,125852517.0
last christmas,"Comedy, Romance",2019,123446172.0
the curse of la llorona,Horror,2019,123233739.0
looking up,"Family, Drama",2019,122994583.0
zombieland double tap,"Comedy, Horror",2019,122810399.0
dora and the lost city of gold,"Adventure, Comedy, Family, Fantasy",2019,120597108.0
extreme job,"Action, Comedy, Crime",2019,119932733.0
wonder park,"Comedy, Animation, Adventure, Family, Fantasy",2019,119559110.0
p storm,"Action, Crime",2019,117991727.0
detective conan the fist of blue sapphire,"Animation, Mystery, Crime, Action, Adventure",2019,115448200.0
the gentlemen,"Action, Crime, Comedy",2019,115171795.0
pet sematary,"Horror, Thriller",2019,113118226.0
boonie bears blast into the past,"Animation, Family, Adventure, Fantasy",2019,112367881.0
good boys,Comedy,2019,111173598.0
scary stories to tell in the dark,"Horror, Thriller",2019,104545505.0
line walker 2 invisible spy,"Action, Crime, Thriller, Drama",2019,99482027.0
the hustle,"Comedy, Crime",2019,97409779.0
the new king of comedy,Comedy,2019,95618308.0
adoring,"Drama, Family",2019,94975692.0
five feet apart,"Romance, Drama",2019,92554209.0
crawl,"Horror, Thriller",2019,91542097.0
rambo last blood,"Action, Thriller, Drama",2019,91490353.0
jojo rabbit,"Comedy, War, Drama",2019,90335025.0
serial bad weddings 2,Comedy,2019,87761988.0
one piece stampede,"Animation, Action, Adventure, Fantasy",2019,81562741.0
a dogs way home,"Drama, Adventure, Family",2019,80708134.0
a dogs journey,"Family, Adventure, Drama",2019,78870908.0
cold pursuit,"Action, Crime, Thriller, Comedy",2019,76419755.0
cats,"Fantasy, Comedy, Drama",2019,75558925.0
a madea family funeral,Comedy,2019,74747725.0
charlies angels,"Action, Adventure, Comedy",2019,73279888.0
doctor sleep,"Horror, Thriller, Fantasy",2019,72381712.0
what men want,"Comedy, Romance",2019,72216294.0
exit,"Action, Comedy",2019,69501772.0
after,"Romance, Drama",2019,69497587.0
playing with fire,"Family, Comedy",2019,69412425.0
a beautiful day in the neighborhood,"Drama, History",2019,67925733.0
war,"Action, Thriller, Adventure",2019,67179155.0
doraemon nobitas chronicle of the moon exploration,"Animation, Adventure, Comedy, Science Fiction, Fantasy, Family",2019,65406606.0
happy death day 2u,"Comedy, Horror, Science Fiction",2019,64600152.0
white snake,"Romance, Animation, Fantasy",2019,62098770.0
bombshell,Drama,2019,61404394.0
ashfall,"Action, Adventure, Thriller",2019,61354854.0
ma,"Horror, Thriller",2019,61220784.0
my best summer,"Romance, Drama",2019,60011073.0
ready or not,"Horror, Comedy",2019,57615777.0
jade dynasty,"Drama, Romance, Fantasy",2019,57149764.0
the perfect secret,"Comedy, Drama",2019,56573047.0
the big shot,"Action, Crime, Thriller",2019,56040681.0
hellboy,"Fantasy, Horror, Action, Adventure",2019,55064690.0
les misérables,"Crime, Drama, History, Romance",2019,54606372.0
long shot,"Comedy, Romance",2019,53873809.0
just mercy,"Drama, Crime, History",2019,50901502.0
son of a rich,Comedy,2019,50803834.0
kingdom,"Drama, Science Fiction",2019,50574061.0
breakthrough,Drama,2019,50444358.0
uncut gems,"Drama, Thriller, Crime",2019,50023780.0
21 bridges,"Crime, Action, Drama",2019,49939757.0
song of youth,Drama,2019,49615508.0
the grudge,"Horror, Mystery",2019,49511319.0
little,"Comedy, Fantasy, Romance",2019,48987096.0
isnt it romantic,"Comedy, Fantasy, Romance",2019,48791187.0
the legend of hei,"Animation, Fantasy, Action",2019,48507082.0
countdown,"Horror, Thriller",2019,48021766.0
midsommar,"Horror, Drama, Mystery",2019,47871968.0
queen slim,"Crime, Drama, Romance",2019,47834125.0
47 meters down uncaged,Horror,2019,47582563.0
chasing the dragon ii wild wild bunch,"Crime, Action, Thriller",2019,45733356.0
judy,"Drama, History, Music",2019,45701880.0
childs play,"Horror, Thriller",2019,44907074.0
richard jewell,Drama,2019,44645542.0
harriet,"Drama, History",2019,43347017.0
a shaun the sheep movie farmageddon,"Family, Animation, Adventure, Comedy",2019,43100248.0
fighting with my family,Comedy,2019,41503392.0
masquerade hotel,"Crime, Mystery",2019,40396244.0
the last wish,"Drama, Comedy",2019,39756292.0
uri the surgical strike,"Action, Drama, War",2019,39346577.0
overcomer,Drama,2019,38026103.0
t34,"Action, Drama, History, War",2019,37410850.0
pain and glory,Drama,2019,37359689.0
a witness out of the blue,"Crime, Thriller, Mystery",2019,37092694.0
the intruder,Thriller,2019,36599361.0
the queens corgi,"Family, Animation",2019,35515687.0
warrior of the hornor,,2019,34291831.0
the battle roar to victory,"History, Action, War",2019,34148707.0
the bad guys the movie,"Action, Crime",2019,34024386.0
the good liar,Crime,2019,33856058.0
the art of racing in the rain,"Drama, Romance",2019,33766787.0
brightburn,"Horror, Science Fiction, Thriller, Mystery",2019,33224654.0
bharat,"Drama, Action",2019,33185983.0
fly me to the saitama,Comedy,2019,32802347.0
uglydolls,"Animation, Music, Family, Comedy",2019,32450241.0
stuber,"Action, Comedy",2019,32390945.0
hit me anyone one more time,"Comedy, Drama",2019,32333512.0
somewhere winter,"Drama, Romance",2019,32218990.0
the kid who would be king,"Action, Adventure, Fantasy, Family",2019,32140970.0
two tigers,"Comedy, Drama",2019,32001580.0
anna,"Action, Adventure, Thriller",2019,31626978.0
my dear liar,Drama,2019,31177968.0
the wild goose lake,"Crime, Drama, Thriller",2019,31064835.0
my hero academia heroes rising,"Animation, Action, Fantasy, Adventure",2019,29971229.0
fall in love at first kiss,"Romance, Comedy",2019,29206238.0
gully boy,"Drama, Music",2019,28299498.0
kim jiyoung born 1982,Drama,2019,27696393.0
pokémon mewtwo strikes back evolution,"Animation, Adventure, Fantasy, Action, Family",2019,27347118.0
almost a comedy,"Romance, Comedy",2019,26990962.0
total dhamaal,"Comedy, Adventure",2019,26911995.0
missing link,"Family, Animation, Comedy, Adventure",2019,26565710.0
no manches frida 2,Comedy,2019,26493648.0
the confidence man jp,"Comedy, Mystery",2019,26228317.0
the confidence man jp the movie,"Comedy, Mystery",2019,25958189.0
the gangster the cop the devil,"Crime, Action, Thriller",2019,25775371.0
bodies at rest,"Action, Crime, Mystery, Thriller",2019,25293853.0
booksmart,Comedy,2019,24959607.0
super 30,Drama,2019,24701637.0
skyfire,"Action, Adventure",2019,24444590.0
startup,"Drama, Action, Comedy",2019,24106579.0
pinocchio,"Drama, Family, Fantasy",2019,23841090.0
a rainy day in new york,"Comedy, Romance",2019,23805899.0
the peanut butter falcon,"Adventure, Comedy, Drama",2019,23712097.0
little white lies 2,"Comedy, Drama, Family, Romance",2019,23623665.0
ossans love love or dead,"Romance, Drama, Comedy",2019,23422744.0
only cloud knows,"Romance, Drama",2019,23414998.0
dark waters,"Drama, Thriller",2019,23108017.0
the farewell,"Comedy, Drama",2019,23076657.0
the knight of shadows between yin and yang,"Action, Fantasy, Family, Adventure",2019,22936257.0
black and blue,"Action, Crime, Drama, Thriller",2019,22741061.0
late night,"Comedy, Drama",2019,22386555.0
unplanned,Drama,2019,21585326.0
crazy romance,"Romance, Comedy",2019,21386368.0
shaft,"Action, Crime",2019,21360215.0
hotel mumbai,"Thriller, History, Drama, Action",2019,21314816.0
integrity,"Crime, Drama, Mystery",2019,21290004.0
the secret mission,"Action, Crime, Drama",2019,21083522.0
this is tomas,"Comedy, Drama",2019,20084169.0
the specials,"Comedy, Drama",2019,19363826.0
always miss you,"Romance, Comedy, Drama",2019,19015465.0
an officer and a spy,"History, Drama, Thriller",2019,18899214.0
crayon shinchan honeymoon hurricane the lost hiroshi,"Animation, Adventure, Family",2019,18738951.0
greta,"Mystery, Thriller, Horror",2019,18653107.0
demon slayer kimetsu no yaiba the movie mugen train,"Animation, Action, Fantasy, Thriller",2020,473230408.0
the eight hundred,"War, History, Drama, Action",2020,461421559.0
bad boys for life,"Thriller, Action, Crime",2020,426505244.0
my people my homeland,"Drama, Comedy",2020,422390820.0
tenet,"Action, Thriller, Science Fiction",2020,365304105.0
sonic the hedgehog,"Action, Science Fiction, Comedy, Family",2020,319715683.0
dolittle,"Family, Comedy, Fantasy, Adventure",2020,251410631.0
jiang ziya,"Animation, Action, Fantasy, Adventure",2020,240646355.0
a little red flower,"Drama, Family",2020,216000000.0
the croods a new age,"Animation, Family, Adventure, Fantasy, Comedy",2020,215905815.0
birds of prey and the fantabulous emancipation of one harley quinn,"Action, Crime",2020,205358461.0
shock wave 2,"Action, Crime, Adventure, Thriller",2020,198921659.0
wonder woman 1984,"Action, Adventure, Fantasy",2020,169601036.0
the sacrifice,"Documentary, Drama, Mystery",2020,161047608.0
the invisible man,"Thriller, Science Fiction, Horror",2020,144492724.0
onward,"Family, Animation, Adventure, Comedy, Fantasy",2020,141940042.0
warm hug,Comedy,2020,129240236.0
soul,"Animation, Family, Comedy, Fantasy",2020,121903885.0
the call of the wild,"Adventure, Family, Drama",2020,111166669.0
caught in time,"Action, Crime, Drama",2020,80543319.0
mulan,"Adventure, Fantasy, Action, Family",2020,69965374.0
the yinyang master dream of eternity,"Action, Drama, Fantasy, Mystery, Science Fiction",2020,68000000.0
stand by me doraemon 2,"Animation, Family, Science Fiction, Adventure",2020,65201374.0
the rescue,"Drama, Thriller, Action",2020,64237554.0
love you forever,"Romance, Family, Fantasy, Drama",2020,60670799.0
greenland,"Action, Thriller, Drama",2020,52300000.0
tolo tolo,"Comedy, Drama, Family",2020,52186426.0
vanguard,"Comedy, Thriller, Action, Adventure",2020,50866901.0
fantasy island,"Adventure, Fantasy, Horror, Mystery",2020,49447308.0
trolls world tour,"Family, Animation, Comedy, Fantasy, Adventure, Music",2020,49276818.0
the new mutants,"Science Fiction, Horror, Action",2020,49169594.0
after we collided,"Romance, Drama",2020,47990414.0
from today its my turn the movie,"Comedy, Action",2020,47895887.0
tanhaji the unsung warrior,"Action, Drama, History",2020,45221814.0
unhinged,"Action, Thriller, Horror",2020,44331465.0
the end of endless love,"Romance, Fantasy",2020,43950000.0
the war with grandpa,"Comedy, Family",2020,43387638.0
peninsula,"Horror, Action, Thriller",2020,42698327.0
monster hunter,"Action, Fantasy, Adventure",2020,42145959.0
underwater,"Horror, Science Fiction, Action, Adventure",2020,40882928.0
bloodshot,"Action, Science Fiction, Adventure",2020,39861118.0
sarileru neekevvaru,Action,2020,37389889.0
the untold tale of the three kingdoms,"Comedy, History",2020,36747486.0
the confidence man jp princess,"Comedy, Mystery",2020,36109913.0
the man standing next,"Drama, Thriller",2020,34664900.0
my mom is a character 3,,2020,34360029.0
doraemon the movie nobitas new dinosaur,"Animation, Adventure, Family, Fantasy, Science Fiction, Comedy",2020,34218525.0
deliver us from evil,"Crime, Action, Drama",2020,33718703.0
harry potter and the sorcerers stone 2020 rerelease,,2020,31503136.0
honest thief,"Thriller, Action, Crime",2020,31220247.0
like a boss,Comedy,2020,30399490.0
the witches,"Family, Comedy, Fantasy",2020,29303571.0
bath buddy,"Action, Comedy",2020,28700000.0
scoob,"Animation, Comedy, Family, Mystery",2020,28588425.0
ala vaikunthapurramuloo,"Action, Comedy, Drama",2020,28477890.0
emma,"Comedy, Romance",2020,25932444.0
leap,Drama,2020,25818882.0
the father,Drama,2020,24048935.0
poupelle of chimney town,"Animation, Drama, Fantasy, Adventure",2020,22715146.0
gretel hansel,"Fantasy, Horror, Mystery",2020,22304357.0
stigmatized properties,"Horror, Drama",2020,21276720.0
pokémon the movie secrets of the jungle,"Animation, Adventure, Family, Fantasy",2020,21097921.0
the photograph,"Drama, Romance",2020,20690779.0
threads our tapestry of love,Romance,2020,20474270.0
brahms the boy ii,"Horror, Mystery, Thriller",2020,20311536.0
violet evergarden the movie,"Animation, Fantasy, Romance, Drama",2020,20302668.0
interstellar 2020 rerelease,,2020,19990000.0
ice 2,"Drama, Romance",2020,19788995.0
soul snatcher,"Comedy, Fantasy",2020,19561221.0
the turning,"Horror, Thriller",2020,19428166.0
fatestay night heavens feel iii spring song,,2020,19252497.0
promising young woman,"Thriller, Crime, Drama",2020,18854166.0
takizawa enbujo zero,Music,2020,18091395.0
freaky,"Comedy, Horror",2020,18073433.0
the promised neverland,"Action, Fantasy, Mystery, Adventure, Thriller",2020,17710977.0
kaiji final game,"Action, Drama, Thriller, Mystery",2020,17645779.0
hitman agent jun,"Action, Comedy",2020,17601351.0
digimon adventure last evolution kizuna,"Animation, Action, Adventure, Fantasy",2020,17361009.0
bye bye morons,"Comedy, Drama",2020,16955924.0
baaghi 3,"Action, Adventure, Thriller",2020,16726510.0
i still believe,"Music, Drama, Romance",2020,16069730.0
the way back,Drama,2020,15490514.0
father there is only one 2,"Comedy, Family",2020,15373181.0
the personal history of david copperfield,Comedy,2020,14399270.0
nightlife,"Comedy, Romance",2020,14308789.0
pawn,"Comedy, Drama",2020,14193957.0
the post 2020 rerelease,,2020,13995207.0
alive,"Horror, Thriller",2020,13432212.0
howling village,"Horror, Mystery",2020,13394556.0
come play,"Horror, Mystery, Thriller",2020,13182254.0
samjin company english class,"Drama, Comedy",2020,12761386.0
another round,"Comedy, Drama",2020,12745392.0
news of the world,"Drama, Western, Adventure",2020,12668325.0
collectors,"Comedy, Adventure, Crime",2020,12640113.0
shinchan crash scribble kingdom and almost four heroes,"Animation, Comedy, Family, Action, Adventure, Fantasy",2020,12221804.0
ducobu 3,"Comedy, Family",2020,12157793.0
the asadas,"Drama, Comedy",2020,11888743.0
wotakoi love is hard for otaku,"Comedy, Romance, Music",2020,11702371.0
bigfoot family,"Animation, Adventure, Family",2020,11128253.0
30 jours max,"Comedy, Action",2020,11007713.0
the voice of sin,"Crime, Mystery",2020,10983063.0
two by two overboard,"Animation, Adventure, Comedy, Family",2020,10885076.0
let him go,"Thriller, Crime, Western",2020,10835686.0
one second,"Drama, History",2020,10791301.0
me contro te il film la vendetta del signor s,"Family, Fantasy",2020,10779891.0
impractical jokers the movie,Comedy,2020,10691091.0
honest candidate,Comedy,2020,10597464.0
the hunt,"Action, Thriller, Horror",2020,10550350.0
street dancer 3d,Drama,2020,10339127.0
my spy,"Family, Action, Comedy",2020,10200000.0
100 wolf,"Animation, Family, Fantasy, Adventure",2020,9817950.0
stolen identity 2,"Crime, Drama, Thriller",2020,9687188.0
inception 10th anniversary rerelease,,2020,9581100.0
10 days with dad,"Family, Comedy",2020,9472077.0
secret zoo,"Comedy, Drama",2020,9471940.0
365 days,"Romance, Drama",2020,9458590.0
okay madam,"Comedy, Action",2020,9433525.0
lappel de la forêt,"Adventure, Family, Drama",2020,9317347.0
the closet,"Horror, Thriller",2020,9189552.0
malasaña 32,"Drama, Horror",2020,8968845.0
break the silence the movie,"Music, Documentary",2020,8954345.0
i hate summer,Comedy,2020,8926071.0
downhill,"Drama, Comedy",2020,8899195.0
les blagues de toto,Comedy,2020,8859185.0
the secret garden,"Family, Fantasy, Drama",2020,8721243.0
war of the eltis,,2020,8613864.0
malang,"Romance, Action, Adventure, Crime, Thriller",2020,8399765.0
your eyes tell,"Romance, Drama",2020,8020474.0
my donkey my lover i,"Comedy, Adventure, Romance",2020,7974769.0
ai amok,Science Fiction,2020,7932191.0
the lost prince,"Fantasy, Adventure, Comedy",2020,7837980.0
antebellum,Horror,2020,7792716.0
the marriage escape,"Comedy, Drama",2020,7760946.0
spirited away studio ghibli fest 2020,,2020,7732697.0
princess mononoke studio ghibli fest 2020,,2020,7673800.0
the heist of the century,"Comedy, Thriller, Crime",2020,7627100.0
de gaulle,"History, Drama",2020,7501454.0
fukushima 50,"History, Drama, Action",2020,7494243.0
the best years,"Romance, Drama, Comedy",2020,7358771.0
spycies,"Animation, Comedy, Action, Adventure, Family",2020,7169437.0
bohemian rhapsody 2020 rerelease,,2020,7158262.0
the unperfect guy,,2020,7154649.0
back to the wharf,"Crime, Drama, Thriller",2020,7090000.0
adu,Drama,2020,7085946.0
fatale,"Drama, Thriller",2020,7031289.0
dragon rider,"Animation, Family, Adventure, Fantasy",2020,6977378.0
jim button and the wild 13,"Adventure, Family, Fantasy",2020,6933267.0
psy 3 w imie zasad,"Action, Crime",2020,6725146.0
blood moon party,"Comedy, Drama, Thriller",2020,6709383.0
innocence,"Crime, Thriller",2020,6688330.0
shubh mangal zyada saavdhan,"Comedy, Romance",2020,6574905.0
chhapaak,Drama,2020,6532100.0
love me love me not,"Animation, Drama, Romance, Comedy",2020,6494241.0
hammamet,"Drama, History",2020,6434874.0
lindenberg mach dein ding,"Music, Drama, Documentary",2020,6404964.0
midnight swan,Drama,2020,6397065.0
nausicaä of the valley of the wind 2020 rerelease,,2020,6395525.0
simply black,Comedy,2020,6323750.0
my boyfriends meds,Comedy,2020,6292780.0
bill ted face the music,"Comedy, Science Fiction, Adventure",2020,6274027.0
hotel belgrade,"Comedy, Romance",2020,6189882.0
how to be a good wife,Comedy,2020,6033430.0
the legacy of dr death black file,Drama,2020,6024046.0
a piece of cake,"Romance, TV Movie",2020,6008448.0
the rhythm section,"Action, Thriller",2020,5989583.0
how i became a gangster,"Crime, Action",2020,5975729.0
the innocent,"Drama, Romance",2020,5929392.0
twiceborn,Drama,2020,5880157.0
the royal bride,,2020,5830719.0
beasts clawing at straws,"Mystery, Thriller, Crime, Drama",2020,5796059.0
last letter,"Romance, Drama",2020,5663972.0
yowamushi pedal the movie 2020 rerelease,,2020,5624218.0
klassikokkutulek 2 pulmad ja matused,,2020,5543147.0
mama weed,"Crime, Drama, Comedy",2020,5461144.0
divorce club,Comedy,2020,5316313.0
cats dogs 3 paws unite,"Family, Comedy, Action",2020,5300000.0
cindy la regia,"Comedy, Romance",2020,5222322.0
run,"Thriller, Horror, Drama",2020,5184368.0
love aaj kal,"Romance, Drama",2020,5120794.0
masked ward,"Crime, Thriller",2020,5107013.0
ayyappanum koshiyum,"Action, Comedy, Thriller",2020,5088713.0
baba parasi,Comedy,2020,5084342.0
die känguruchroniken,Comedy,2020,5081127.0
the real exorcist,"Fantasy, Horror",2020,5035830.0
mayday,"Comedy, Romance",2020,5011408.0
bheeshma,"Romance, Action, Comedy",2020,4997080.0
made in abyss dawn of the deep soul,"Animation, Adventure, Fantasy, Mystery, Drama, Science Fiction",2020,4971635.0
godai the wunderkind,"History, Drama",2020,4948225.0
military wives,Drama,2020,4890505.0
panga,Romance,2020,4886124.0
the tales for old and young,,2020,4853143.0
streltsov,"Drama, History, Romance",2020,4850073.0
persian lessons,"War, Drama",2020,4849240.0
the spongebob movie sponge on the run,"Family, Animation, Fantasy, Adventure, Comedy",2020,4810790.0
the empty man,"Horror, Mystery, Thriller",2020,4796993.0
the vets,"Comedy, Drama",2020,4788826.0
the broken hearts gallery,"Comedy, Romance",2020,4781389.0
gladiator 20th anniversary,,2020,4780585.0
intruder,,2020,4751103.0
paw patrol jet to the rescue,"Animation, Family",2020,4693664.0
spiderman no way home,"Action, Adventure, Science Fiction",2021,1910982770.0
the battle at lake changjin,"Drama, War",2021,902548476.0
hi mom,"Drama, Comedy, Fantasy",2021,822009764.0
no time to die,"Action, Thriller, Adventure",2021,774153007.0
f9 the fast saga,"Action, Adventure, Crime",2021,726229501.0
detective chinatown 3,"Action, Comedy, Mystery",2021,686257563.0
venom let there be carnage,"Science Fiction, Action, Adventure",2021,506813864.0
godzilla vs kong,"Action, Science Fiction, Adventure",2021,470116094.0
shangchi and the legend of the ten rings,"Action, Adventure, Fantasy",2021,432243292.0
sing 2,"Animation, Family, Music, Comedy",2021,408402685.0
dune part one,"Science Fiction, Adventure",2021,402127830.0
eternals,"Science Fiction, Action, Adventure",2021,402064899.0
black widow,"Action, Adventure, Science Fiction",2021,379751655.0
free guy,"Comedy, Adventure, Science Fiction",2021,331526598.0
a quiet place part ii,"Science Fiction, Thriller, Horror",2021,297372261.0
encanto,"Animation, Comedy, Family, Fantasy",2021,256786742.0
cruella,"Comedy, Crime, Family, Adventure",2021,233503234.0
my country my parents,Drama,2021,221831086.0
jungle cruise,"Fantasy, Adventure",2021,220889446.0
the conjuring the devil made me do it,"Horror, Mystery, Thriller",2021,206431050.0
raging fire,"Action, Crime, Thriller",2021,205842393.0
ghostbusters afterlife,"Fantasy, Comedy, Adventure, Science Fiction",2021,204334455.0
chinese doctors,Drama,2021,197143218.0
cliff walkers,"Thriller, Crime, History, Drama",2021,181325565.0
the suicide squad,"Action, Comedy, Adventure",2021,168717425.0
jujutsu kaisen 0,"Animation, Action, Fantasy",2021,166377561.0
space jam a new legacy,"Family, Animation, Comedy, Science Fiction",2021,163692228.0
the matrix resurrections,"Science Fiction, Action, Adventure",2021,157386805.0
peter rabbit 2 the runaway,"Family, Comedy, Adventure, Animation",2021,153901717.0
house of gucci,"History, Drama, Crime",2021,153269161.0
a writers odyssey,"Fantasy, Action, Adventure, Drama",2021,150123320.0
the boss baby family business,"Animation, Comedy, Adventure, Family",2021,146745280.0
paw patrol the movie,"Animation, Family, Adventure, Comedy",2021,144327371.0
tom jerry,"Comedy, Family, Animation",2021,136536687.0
be somebody,"Mystery, Comedy, Drama",2021,132326332.0
halloween kills,"Horror, Thriller",2021,131647155.0
raya and the last dragon,"Animation, Family, Fantasy, Action, Adventure",2021,130423032.0
sister,"Drama, Romance",2021,128317206.0
the kings man,"Action, Adventure, Thriller",2021,125897478.0
the addams family 2,"Animation, Family, Comedy, Fantasy, Adventure",2021,119815153.0
my love,"Drama, Romance, Comedy",2021,116720921.0
clifford the big red dog,"Family, Adventure, Comedy, Fantasy, Animation",2021,107347356.0
wrath of man,"Crime, Action, Thriller",2021,103966489.0
detective conan the scarlet bullet,"Animation, Action, Crime, Mystery, Romance, Thriller",2021,95371578.0
evangelion 30101 thrice upon a time,,2021,93882453.0
end game,,2021,91824961.0
old,"Thriller, Mystery, Horror",2021,90146510.0
mortal kombat,"Action, Fantasy, Adventure",2021,84426031.0
boonie bears the wild life,"Animation, Comedy, Science Fiction, Adventure",2021,78132231.0
candyman,"Horror, Mystery, Thriller",2021,77411570.0
the forever purge,"Horror, Action, Thriller",2021,76994245.0
west side story,"Drama, Romance, Crime",2021,76016171.0
1921,"History, Drama, War",2021,75159828.0
hitmans wifes bodyguard,"Action, Comedy, Crime, Thriller",2021,70060492.0
escape room tournament of champions,"Horror, Thriller, Mystery",2021,65774490.0
belle,Drama,2021,64679830.0
rons gone wrong,"Animation, Science Fiction, Family, Comedy",2021,60692022.0
cloudy mountain,"Action, Adventure, Drama",2021,58348836.0
avatar 2021 rerelease,,2021,57995770.0
nobody,"Action, Thriller",2021,57510518.0
new gods nezha reborn,"Animation, Action, Fantasy",2021,56088478.0
upcoming,"Drama, Romance",2021,54300000.0
dont breathe 2,"Thriller, Horror",2021,53785551.0
man in love,"Romance, Drama",2021,52946097.0
break through the darkness,"Drama, Action, Crime",2021,52700000.0
schemes in antiques,"Adventure, Mystery, Action, Comedy",2021,51637422.0
luca,"Animation, Comedy, Fantasy, Adventure, Family",2021,51074773.0
belfast,"Drama, History",2021,49158709.0
my hero academia world heroes mission,"Animation, Action, Adventure, Science Fiction, Fantasy",2021,46940541.0
the french dispatch,"Drama, Comedy",2021,46333545.0
in the heights,"Drama, Romance",2021,45175167.0
love will tear us apart,"Drama, Romance",2021,45060290.0
spirit untamed,"Animation, Adventure, Family",2021,42717215.0
resident evil welcome to raccoon city,"Horror, Science Fiction, Action",2021,41914915.0
spiral,Drama,2021,40618920.0
snake eyes,"Thriller, Crime, Mystery",2021,40064325.0
tokyo revengers,"Action, Drama, Crime",2021,39714624.0
nightmare alley,"Crime, Drama, Thriller",2021,39629195.0
king richard,"Drama, History",2021,39529285.0
nomadland,Drama,2021,39458207.0
arashi anniversary tour 5 x 20 film record of memories,,2021,38052695.0
the yinyang master,"Action, Drama, Fantasy, Mystery, Science Fiction",2021,37690000.0
rurouni kenshin final chapter part i the final,"Action, Adventure, History, Drama",2021,36964978.0
the door lock,"Crime, Thriller",2021,36100000.0
we made a beautiful bouquet,"Romance, Drama",2021,35042879.0
malignant,"Horror, Mystery",2021,34891791.0
licorice pizza,"Drama, Comedy, Romance",2021,33276075.0
respect,"Drama, Music, History",2021,32882823.0
big red envelope,"Comedy, Romance",2021,32800000.0
masquerade night,"Crime, Mystery",2021,32287400.0
once upon a time in hong kong,"Action, Crime, Thriller",2021,32218874.0
home sweet home,"Family, Comedy, Crime",2021,32178677.0
the little things,"Drama, Crime, Thriller",2021,30842746.0
the unholy,"Horror, Mystery",2021,30832137.0
the last duel,"History, Drama, Action",2021,30552111.0
escape from mogadishu,"War, Action, Thriller, Drama, History",2021,29902716.0
master,"Action, Drama",2021,28692230.0
the last warrior root of evil,"Fantasy, Adventure, Comedy",2021,28357398.0
the last warrior a messenger of darkness,,2021,27052365.0
american underdog,"Drama, Family",2021,26514814.0
chaos walking,"Fantasy, Science Fiction, Adventure",2021,26508132.0
the courier,"Thriller, History, Drama",2021,26001227.0
spencer,"Drama, History",2021,25246967.0
parallel mothers,Drama,2021,23099858.0
the marksman,"Action, Drama, Thriller",2021,23076711.0
999 criminal lawyer the movie,"Drama, Comedy, Crime",2021,23055069.0
last night in soho,"Horror, Mystery, Thriller",2021,22957625.0
the day we lit up the sky,Comedy,2021,22500000.0
school of magical animals,"Family, Adventure, Fantasy",2021,22134234.0
kaamelott first installment,"Adventure, Fantasy, Comedy",2021,21979122.0
after we fell,"Romance, Drama",2021,21753705.0
rurouni kenshin final chapter part ii the beginning,"Action, Adventure, Drama, Romance",2021,21318560.0
wish dragon,"Animation, Family, Comedy, Fantasy",2021,21120000.0
crayon shinchan shrouded in mystery the flowers of tenkazu academy,Animation,2021,20752104.0
stillwater,"Drama, Crime, Thriller",2021,19754272.0
the wolf and the lion,"Family, Adventure, Drama",2021,19510578.0
les tuche 4,Comedy,2021,19259766.0
dear evan hansen,Drama,2021,19133454.0
those who wish me dead,"Thriller, Action",2021,19107200.0
the pioneer,"Drama, History",2021,18900000.0
the green knight,"Adventure, Drama, Fantasy",2021,18887953.0
antlers,"Drama, Horror, Mystery",2021,18867659.0
sinkhole,"Comedy, Drama",2021,18816801.0
mobile suit gundam hathaway,"Animation, Action, Drama, Science Fiction",2021,18731309.0
the stronghold,"Thriller, Action, Crime",2021,18066143.0
dad im sorry,"Comedy, Family, Drama",2021,17480489.0
gintama the final,"Animation, Action, Comedy",2021,17252960.0
railway heroes,"War, Drama, History",2021,17223704.0
your turn to kill,"Mystery, Thriller",2021,16511822.0
cry macho,Drama,2021,16510734.0
reminiscence,"Mystery, Science Fiction",2021,16400193.0
legend no 17,,2021,16096860.0
upon the magic roads,"Adventure, Fantasy",2021,15990882.0
harry potter and the sorcerers stone 2021 rerelease,,2021,15695755.0
the dry,"Crime, Thriller, Mystery",2021,15576286.0
the night house,"Drama, Horror, Mystery, Thriller",2021,15437703.0
drive my car,Drama,2021,15357339.0
minari,Drama,2021,15288578.0
something about love,,2021,15204017.0
anita,"Drama, Music, History",2021,15017470.0
and so the baton is passed,Drama,2021,14403588.0
the tomorrow war,"Action, Science Fiction, Adventure",2021,14400000.0
sword art online progressive aria of a starless night,"Animation, Action, Fantasy, Science Fiction",2021,14032747.0
christmas with the chosen the messengers,"Drama, Music",2021,13728000.0
eiffel,"Romance, Drama",2021,13573923.0
oss 117 from africa with love,"Comedy, Adventure, Action",2021,13457801.0
hostage missing celebrity,Action,2021,13174292.0
vakeel saab,"Action, Drama, Thriller, Crime",2021,13056490.0
the many saints of newark,"Crime, Drama",2021,13037403.0
the monkey king reborn,"Animation, Action, Fantasy, Family",2021,13017088.0
no escapes,"War, Action, Thriller, Drama, History",2021,12916151.0
the bodins in the land of smile,Comedy,2021,12872253.0
the worst person in the world,"Drama, Romance, Comedy",2021,12687507.0
character,"Thriller, Mystery, Crime",2021,12628017.0
on your mark,"Comedy, Family",2021,12100000.0
on the line,"Action, Crime, Drama",2021,12058986.0
stand by me,"Animation, Family, Science Fiction, Fantasy, Adventure",2021,11900000.0
the fable the killer who doesnt kill,"Action, Comedy, Crime",2021,11325545.0
what did you eat yesterday,"Drama, Romance",2021,11320893.0
aline,"Music, Comedy, Drama, Family",2021,11149943.0
krack,"Action, Crime, Drama",2021,10435375.0
realm of terracotta,"Animation, Fantasy, Adventure",2021,10363914.0
kaiserschmarrndrama,"Comedy, Crime",2021,10357720.0
caution hazardous wife the movie,"Action, Comedy, Romance",2021,10356359.0
detective conan the scarlet alibi,"Animation, Drama, Action, Mystery",2021,10308627.0
never stop,Drama,2021,10224935.0
ainbo,"Adventure, Animation, Family, Fantasy",2021,10172403.0
eiga sumikkogurashi aoi tsukiyo no mahô no ko,,2021,9742510.0
black box,"Horror, Science Fiction, Thriller",2021,9738741.0
the soul,"Animation, Adventure, Fantasy, Mystery, Drama, Science Fiction",2021,9600000.0
a todo tren destino asturias,"Comedy, Family",2021,9544171.0
baragaki unbroken samurai,"History, Drama, Action",2021,9481437.0
dad,"Family, Comedy",2021,9267397.0
the lord of the rings the fellowship of the ring 2021 rerelease,,2021,8990599.0
all about my mother,"Family, Drama",2021,8900000.0
the eleventh chapter,Drama,2021,8844997.0
the medium,"Horror, Thriller",2021,8826689.0
the vault,"Horror, Thriller",2021,8803864.0
kaguyasama love is war,"Comedy, Romance",2021,8794981.0
moonbound,"Animation, Adventure, Comedy",2021,8754596.0
the protégé,"Action, Adventure, Thriller",2021,8737253.0
lost illusions,"Drama, Romance, History",2021,8635184.0
agent backkom kings bear,Animation,2021,8619446.0
pils adventures,"Animation, Adventure, Fantasy, Comedy, Family",2021,8567345.0
honey lemon soda,"Romance, Comedy, Drama",2021,8441488.0
delicious,"History, Comedy, Drama",2021,8371523.0
i dont have any money left in my retirement account,"Comedy, Drama, Family",2021,8204616.0
girls to buy,"Thriller, Drama, Crime",2021,8177284.0
green snake,"Animation, Fantasy, Action, Adventure",2021,8170000.0
new happy dad and son 4,"Animation, Family",2021,8070000.0
sunny sisters,Comedy,2021,7880000.0
contra,"Comedy, Drama",2021,7762797.0
hard hit,"Action, Crime, Drama, Thriller",2021,7658021.0
little canned men,"Fantasy, Comedy, Animation, Family",2021,7600000.0
pushpa the rise part 1,"Action, Drama, Thriller",2021,7592374.0
the mauritanian,"Drama, Thriller",2021,7527030.0
the ice road,"Action, Thriller",2021,7502846.0
judas and the black messiah,"Drama, History",2021,7478009.0
love letter 2021 rerelease,,2021,7400000.0
signal the movie,"Mystery, Crime",2021,7388603.0
avatar the way of water,"Science Fiction, Adventure, Action",2022,2320250281.0
top gun maverick,"Action, Drama",2022,1495696292.0
jurassic world dominion,"Adventure, Action, Science Fiction",2022,1001978080.0
doctor strange in the multiverse of madness,"Fantasy, Action, Adventure",2022,955775804.0
minions the rise of gru,"Animation, Comedy, Family, Adventure",2022,940203765.0
black panther wakanda forever,"Action, Adventure, Science Fiction",2022,859208836.0
the batman,"Crime, Mystery, Thriller",2022,772245583.0
thor love and thunder,"Fantasy, Action, Comedy",2022,760928081.0
water gate bridge,"War, History, Action, Drama",2022,626571697.0
puss in boots the last wish,"Animation, Adventure, Fantasy, Comedy, Family",2022,481757663.0
moon man,"Science Fiction, Comedy, Drama",2022,460237662.0
fantastic beasts the secrets of dumbledore,"Fantasy, Adventure",2022,407150844.0
uncharted,"Action, Adventure",2022,407141258.0
sonic the hedgehog 2,"Action, Adventure, Family, Comedy",2022,405421518.0
black adam,"Action, Adventure, Science Fiction",2022,393452111.0
elvis,"Drama, Music, History",2022,287740048.0
the bad guys,"Family, Animation, Adventure, Comedy, Crime",2022,250387888.0
bullet train,"Action, Comedy, Thriller",2022,239268602.0
lightyear,"Animation, Science Fiction, Family, Adventure",2022,226425420.0
smile,"Horror, Mystery",2022,217408513.0
too cool to kill,"Action, Comedy",2022,217254604.0
nice view,"Drama, Family, Comedy",2022,211019042.0
dc league of superpets,"Animation, Action, Family, Comedy, Science Fiction",2022,207557117.0
the lost city,"Action, Adventure, Comedy",2022,192907684.0
m3gan,"Science Fiction, Horror",2022,180089109.0
one piece film red,"Animation, Adventure, Action, Fantasy, Music",2022,171315305.0
nope,"Horror, Mystery, Science Fiction",2022,171235592.0
ticket to paradise,"Drama, Comedy, Romance",2022,168770985.0
morbius,"Action, Science Fiction, Fantasy",2022,167460961.0
rrr,"Drama, Action",2022,165946943.0
the black phone,"Horror, Thriller",2022,161440742.0
the first slam dunk,"Animation, Comedy, Drama",2022,158302288.0
where the crawdads sing,"Drama, Mystery, Romance",2022,144353965.0
everything everywhere all at once,"Action, Adventure, Science Fiction",2022,139407019.0
scream,"Horror, Mystery, Thriller",2022,137743924.0
death on the nile,"Mystery, Crime, Thriller",2022,137307235.0
suzume,"Animation, Drama, Adventure, Fantasy",2022,133473559.0
a man called otto,"Comedy, Drama",2022,113360085.0
lyle lyle crocodile,"Comedy, Family, Music",2022,111080122.0
halloween ends,"Horror, Thriller",2022,104374176.0
the roundup,"Action, Crime, Comedy, Thriller",2022,101166707.0
the woman king,"Action, Drama, History",2022,97562514.0
downton abbey a new era,"Drama, Romance, History, Mystery",2022,92651384.0
kgf chapter 2,"Action, Adventure, Crime, Thriller",2022,89123940.0
dont worry darling,"Mystery, Thriller",2022,87609403.0
dragon ball super super hero,"Animation, Science Fiction, Action",2022,86562140.0
dog,"Drama, Comedy",2022,84550282.0
jackass forever,"Comedy, Documentary",2022,80563999.0
the menu,"Comedy, Horror, Thriller",2022,79628200.0
chebi my fluffy friend,,2022,77609926.0
avatar 2022 rerelease,,2022,76012917.0
violent night,"Comedy, Action",2022,76004405.0
strange world,"Animation, Family, Adventure, Science Fiction, Fantasy",2022,73621640.0
detective conan the bride of halloween,"Animation, Action, Crime, Mystery",2022,72699093.0
the northman,"Action, Adventure, Fantasy",2022,69633110.0
moonfall,"Science Fiction, Adventure, Action",2022,67319703.0
babylon,"Drama, Comedy",2022,64960676.0
whitney houston i wanna dance with somebody,"Music, History, Drama",2022,59806881.0
beast,"Thriller, Action, Horror",2022,59095809.0
the whale,Drama,2022,57615635.0
hansan rising dragon,"War, Action, Drama, History",2022,57490985.0
confidential assignment 2 international,"Action, Comedy",2022,54486330.0
ambulance,"Thriller, Action, Crime",2022,52303589.0
marry me,"Romance, Comedy, Music",2022,50541093.0
the banshees of inisherin,"Drama, Comedy",2022,50250625.0
brahmastra part one shiva,"Fantasy, Action, Adventure",2022,50164785.0
the fabelmans,Drama,2022,45620703.0
barbarian,"Horror, Mystery",2022,45352337.0
prey for the devil,"Horror, Thriller",2022,44658929.0
paws of fury the legend of hank,"Animation, Adventure, Comedy, Family",2022,42439184.0
the invitation,"Horror, Thriller",2022,38036130.0
matilda the musical,"Family, Comedy, Fantasy",2022,37289659.0
orphan first kill,"Horror, Thriller",2022,37083743.0
kingdom 2 far and away,"Action, Adventure, War",2022,34963395.0
the bobs burgers movie,"Animation, Adventure, Comedy",2022,34148750.0
hunt,Drama,2022,33821338.0
tad the lost explorer and the emerald tablet,"Animation, Adventure, Family, Comedy, Fantasy",2022,32849430.0
bts permission to dance on stage seoul live viewing,"Music, Documentary",2022,32600000.0
shin ultraman,"Action, Science Fiction",2022,32137136.0
amsterdam,"Mystery, Comedy, Drama",2022,31245810.0
mrs harris goes to paris,"Drama, Comedy, History",2022,31182637.0
vikram,"Action, Crime, Thriller",2022,29837637.0
the unbearable weight of massive talent,"Action, Comedy, Crime",2022,29116320.0
tár,"Music, Drama",2022,29048571.0
serial bad weddings 3,"Romance, Comedy",2022,27832384.0
the 355,"Action, Adventure, Thriller",2022,27827745.0
the last 10 years,"Drama, Romance",2022,26729106.0
the night owl,"Thriller, Mystery",2022,26719364.0
triangle of sadness,"Comedy, Drama",2022,26214659.0
calendar girls,Documentary,2022,25433615.0
the kashmir files,"History, Drama",2022,24821898.0
hero,"Animation, TV Movie, Fantasy, Action",2022,24392492.0
the confidence man jp episode of the hero,Comedy,2022,23214581.0
the witch part 2 the other one,"Action, Mystery, Thriller, Science Fiction",2022,23068596.0
645,Comedy,2022,22263336.0
doraemon the movie nobitas little star wars 2021,"Animation, Science Fiction, Adventure, Family",2022,22044058.0
decision to leave,"Thriller, Mystery, Romance",2022,22026067.0
see how they run,"Mystery, Comedy, Crime",2022,21966634.0
ponniyin selvan part i,"Action, Adventure",2022,21888295.0
devotion,"War, Drama, Action",2022,21768133.0
silent parade,"Crime, Mystery",2022,21723595.0
father stu,Drama,2022,21592379.0
turning red,"Animation, Family, Comedy, Fantasy",2022,21521622.0
emergency declaration,"Action, Drama, Thriller",2022,21400327.0
the amazing maurice,"Animation, Adventure, Comedy, Family, Fantasy",2022,21131530.0
crayon shinchan mononoke ninja chinpuden,"Animation, Comedy",2022,20617005.0
monster,"Action, Adventure, Crime",2022,20453866.0
three thousand years of longing,"Drama, Fantasy, Romance",2022,20282422.0
school of magical animals 2,"Family, Adventure, Fantasy",2022,19686382.0
after ever happy,"Romance, Drama",2022,19238073.0
simone woman of the century,"Drama, History",2022,19198587.0
beast,"Thriller, Action, Horror",2022,18911959.0
broker,"Drama, Comedy, Crime",2022,18851416.0
godfather,"Drama, Crime",2022,18737287.0
november,"Drama, Fantasy, Romance, Horror",2022,18554715.0
bhool bhulaiyaa 2,"Horror, Comedy",2022,18307258.0
fragments of the last will,"History, Drama",2022,17954691.0
fall,Thriller,2022,16777410.0
wonderfully beautiful,,2022,16719291.0
even if this love disappears from the world tonight,"Romance, Drama",2022,16470005.0
father there is only one 3,"Comedy, Family",2022,16401315.0
dr cotos clinic,Drama,2022,16062841.0
radhe shyam,"Drama, Romance",2022,15954804.0
blacklight,"Action, Thriller, Drama, Adventure",2022,15902207.0
operation mincemeat,"War, History, Drama",2022,15621194.0
maison de retraite,Comedy,2022,15570823.0
utapri movie 2 uta no princesama maji love starish tours movie,"Animation, Music",2022,15569229.0
bheemla nayak,"Action, Drama, Thriller",2022,15243922.0
bones and all,"Drama, Horror, Romance",2022,15234907.0
terrifier 2,"Horror, Thriller",2022,15067016.0
firestarter,"Horror, Science Fiction, Thriller",2022,15039250.0
the wolf of wall street 2022 rerelease,,2022,15038738.0
bros,"Comedy, Romance",2022,14781867.0
superwho,"Comedy, Action, Family",2022,14770359.0
x,"Horror, Mystery, Thriller",2022,14740889.0
the chosen season 3 episode 1 2,,2022,14679613.0
the duke,"Comedy, Drama, History",2022,14233027.0
sarkaru vaari paata,"Action, Drama",2022,14199018.0
she said,"Drama, History",2022,13944212.0
the legend of maula jatt,"Drama, Fantasy, Action",2022,13941539.0
bodies bodies bodies,"Horror, Comedy, Mystery",2022,13929670.0
glass onion,"Comedy, Crime, Mystery",2022,13280000.0
valimai,"Action, Crime, Thriller",2022,13276393.0
memory,"Action, Thriller, Crime",2022,13240559.0
moonage daydream,"Documentary, Music",2022,13095781.0
easter sunday,Comedy,2022,13074255.0
living,Drama,2022,12377310.0
guglhupfgeschwader,"Comedy, Crime",2022,12307072.0
alienoid,"Science Fiction, Action, Fantasy, Adventure",2022,12109608.0
laal singh chaddha,"Drama, Comedy, Romance, Family",2022,12093536.0
that time i got reincarnated as a slime the movie scarlet bond,"Animation, Fantasy, Adventure",2022,11628645.0
till,"Drama, History",2022,11498884.0
jug jugg jeeyo,"Comedy, Drama",2022,11467726.0
empire of light,"Drama, Romance",2022,11395604.0
the eight mountains,Drama,2022,11374298.0
bergen,Drama,2022,11325405.0
rise,Drama,2022,11252331.0
men,"Horror, Thriller, Fantasy",2022,11151120.0
chickenhare and the hamster of darkness,"Animation, Adventure, Comedy, Family, Fantasy",2022,10885116.0
warriors of future,"Drama, Action, Science Fiction",2022,10490328.0
land of legends,"History, Romance, Action, Adventure",2022,10357479.0
the pirates the last royal treasure,"Action, Adventure, Comedy, Fantasy",2022,10258331.0
vaillante,"Animation, Family, Comedy",2022,10143170.0
table for six,"Comedy, Family, Romance",2022,10138355.0
the beasts,"Fantasy, Adventure",2022,10067896.0
smack dab kakha,,2022,9995945.0
f3 fun and frustration,"Comedy, Romance, Family",2022,9849193.0
pearl,"Horror, Thriller",2022,9847490.0
good luck to you leo grande,"Romance, Drama",2022,9795364.0
rheingold,"History, Drama, Crime, Music",2022,9701747.0
spiderman no way home 2022 rerelease,,2022,9613518.0
redeeming love,"Romance, Drama, Western",2022,9464198.0
women talking,Drama,2022,9276103.0
sword art online the movie progressive scherzo of deep night,"Animation, Action, Fantasy, Science Fiction",2022,9071701.0
aftersun,Drama,2022,8598565.0
samrat prithviraj,"Action, Drama, History",2022,8568339.0
life is beautiful,"Music, Drama, Romance",2022,8458639.0
yolki 9,"Comedy, Adventure",2022,8385030.0
don,"Animation, Adventure, Drama",2022,8287406.0
shotgun wedding,"Action, Comedy, Romance",2022,8277788.0
vikram vedha,"Action, Crime, Thriller",2022,8234166.0
remember,"Thriller, Action, Drama",2022,8166175.0
rabbit academy mission eggpossible,"Animation, Adventure, Comedy",2022,8117612.0
acharya,"Action, Drama",2022,8048175.0
il grande giorno,Comedy,2022,8021940.0
the tattas,,2022,8000956.0
ducobu 4 president,Comedy,2022,7858171.0
finnick,"Comedy, Adventure, Animation, Fantasy, Family",2022,7591889.0
phases of the moon,"Drama, Fantasy, Romance",2022,7564756.0
777 charlie,"Adventure, Comedy, Drama",2022,7529270.0
bachchhan paandey,"Comedy, Action, Crime",2022,7387882.0
lesson in murder,"Mystery, Drama, Crime",2022,7348964.0
family affairs,Comedy,2022,7330755.0
listy do m 5,"Comedy, Romance",2022,7328061.0
laidback camp movie,"Animation, Comedy",2022,7317913.0
osomatsusan the movie 2022 rerelease,,2022,7297522.0
the new toy,Comedy,2022,7295051.0
decibel,"Action, Drama, Thriller",2022,7212471.0
the kids are alright 2,"Comedy, Family",2022,7187470.0
my fairy troublemaker,"Animation, Adventure, Comedy, Family, Fantasy",2022,7177868.0
barbie,"Comedy, Adventure",2023,1446938421.0
the super mario bros movie,"Animation, Family, Adventure, Fantasy, Comedy",2023,1360847665.0
oppenheimer,"Drama, History",2023,975594978.0
guardians of the galaxy vol 3,"Science Fiction, Adventure, Action",2023,845555777.0
fast x,"Action, Crime, Thriller",2023,704875015.0
spiderman across the spiderverse,"Animation, Action, Adventure, Science Fiction",2023,690542303.0
full river red,"Mystery, Comedy, Thriller, History",2023,670491959.0
wonka,"Comedy, Family, Fantasy",2023,634402312.0
the wandering earth ii,Science Fiction,2023,615023132.0
mission impossible dead reckoning part one,"Action, Adventure",2023,570619838.0
the little mermaid,"Adventure, Family, Fantasy, Romance",2023,569626289.0
no more bets,"Drama, Crime",2023,532600264.0
elemental,"Animation, Comedy, Family, Fantasy, Romance",2023,496444308.0
lost in the stars,"Mystery, Crime, Thriller",2023,487637474.0
antman and the wasp quantumania,"Action, Adventure, Science Fiction",2023,476071180.0
transformers rise of the beasts,"Science Fiction, Adventure, Action",2023,441381193.0
john wick chapter 4,"Action, Thriller, Crime",2023,440180275.0
aquaman and the lost kingdom,"Action, Adventure, Fantasy",2023,439381226.0
meg 2 the trench,"Action, Science Fiction, Horror",2023,397800317.0
indiana jones and the dial of destiny,"Adventure, Action",2023,383963057.0
creation of the gods i kingdom of storms,"Action, Fantasy, War",2023,373021923.0
the hunger games the ballad of songbirds snakes,"Drama, Science Fiction, Action",2023,348900019.0
never say never,"Drama, Action",2023,301957043.0
migration,"Animation, Action, Adventure, Comedy, Family",2023,299863204.0
five nights at freddys,"Horror, Mystery",2023,291493620.0
creed iii,"Drama, Action",2023,276148615.0
the flash,"Adventure, Action, Science Fiction",2023,271433313.0
the nun ii,Horror,2023,269667073.0
taylor swift the eras tour,Music,2023,261656269.0
wish,"Animation, Family, Fantasy, Adventure",2023,254997360.0
sound of freedom,"Action, Drama",2023,250570396.0
napoleon,"History, War, Romance",2023,221394838.0
anyone but you,"Romance, Comedy",2023,220310798.0
trolls band together,"Animation, Family, Music, Fantasy, Comedy",2023,209372790.0
the marvels,"Science Fiction, Adventure, Action",2023,206136825.0
dungeons dragons honor among thieves,"Adventure, Fantasy, Comedy",2023,205187763.0
paw patrol the mighty movie,"Animation, Family, Action, Science Fiction, Comedy, Drama, Adventure",2023,204986920.0
the equalizer 3,"Action, Thriller, Crime",2023,191067560.0
insidious the red door,"Horror, Thriller",2023,189086877.0
teenage mutant ninja turtles mutant mayhem,"Animation, Comedy, Action, Science Fiction",2023,181848832.0
the boy and the heron,"Animation, Adventure, Fantasy, Family, Drama",2023,172766713.0
scream vi,"Horror, Crime, Thriller",2023,166347514.0
killers of the flower moon,"Crime, History, Drama",2023,158764012.0
evil dead rise,"Horror, Thriller",2023,147033054.0
the exorcist believer,"Horror, Thriller",2023,136294607.0
shazam fury of the gods,"Comedy, Action, Fantasy",2023,134138006.0
blue beetle,"Action, Science Fiction, Adventure",2023,130788072.0
a haunting in venice,"Mystery, Thriller, Crime",2023,122290456.0
gran turismo,"Adventure, Action, Drama",2023,122076738.0
poor things,"Science Fiction, Romance, Comedy",2023,117625455.0
haunted mansion,"Comedy, Drama, Horror, Fantasy",2023,117449790.0
godzilla minus one,"Science Fiction, Horror, Action",2023,113676322.0
pathaan,"Action, Adventure, Thriller",2023,112583450.0
saw x,"Horror, Mystery, Thriller",2023,112202480.0
detective conan black iron submarine,"Animation, Action, Crime, Mystery",2023,106771806.0
the creator,"Action, Adventure, Science Fiction",2023,104272136.0
1212 the day,"Drama, History, Thriller, Crime, War",2023,97476565.0
animal,"Action, Crime, Drama",2023,92870950.0
talk to me,Horror,2023,92181735.0
air,"Drama, History",2023,90060106.0
cocaine bear,"Thriller, Comedy, Crime",2023,88314672.0
no hard feelings,"Comedy, Romance",2023,87256407.0
the roundup no way out,"Action, Crime, Comedy, Thriller",2023,83410298.0
the popes exorcist,"Horror, Thriller",2023,76987621.0
plane,"Action, Adventure, Thriller",2023,74515586.0
titanic 25 year anniversary,,2023,70157472.0
the color purple,Drama,2023,68819191.0
the boogeyman,"Horror, Thriller, Mystery",2023,67307243.0
65,"Action, Adventure, Science Fiction",2023,60730568.0
spy x family code white,"Animation, Comedy, Adventure, Action",2023,59629242.0
magic mikes last dance,"Comedy, Drama, Romance",2023,57105156.0
one life,"History, Drama",2023,56475835.0
demon slayer kimetsu no yaiba to the swordsmith village,"Animation, Action, Fantasy, Thriller",2023,56319794.0
the boys in the boat,"Drama, History",2023,55501365.0
knock at the cabin,"Thriller, Mystery, Horror",2023,54760947.0
mummies,"Animation, Adventure, Fantasy",2023,54475970.0
jesus revolution,"Drama, History",2023,54293684.0
asteroid city,"Comedy, Drama",2023,53857743.0
the zone of interest,"Drama, History",2023,52790256.0
theres still tomorrow,"Drama, Comedy, War",2023,49685782.0
operation fortune ruse de guerre,"Action, Thriller, Comedy, Adventure",2023,48983306.0
missing,"Drama, Mystery, Thriller",2023,48767848.0
thanksgiving,"Horror, Mystery, Thriller",2023,46553280.0
asterix obelix the middle kingdom,"Family, Comedy, Adventure",2023,46497678.0
the holdovers,"Comedy, Drama",2023,45661644.0
ruby gillman teenage kraken,"Animation, Family, Fantasy, Comedy",2023,45657745.0
the iron claw,"History, Drama",2023,45204449.0
son of a rich 2,Comedy,2023,44718015.0
renaissance a film by beyoncé,"Music, Documentary",2023,43989684.0
ferrari,"History, Drama",2023,43332974.0
past lives,"Drama, Romance",2023,42530801.0
80 for brady,"Comedy, Drama",2023,40362938.0
miraculous ladybug cat noir the movie,"Animation, Fantasy, Action, Romance, Family",2023,40209224.0
my big fat greek wedding 3,"Comedy, Romance",2023,38831076.0
the expendables 4,"Action, Adventure, Thriller",2023,37917985.0
doraemon the movie nobitas sky utopia,"Animation, Adventure, Science Fiction, Family",2023,37475850.0
smugglers,"Crime, Action",2023,36851831.0
kingdom 3 the flame of destiny,"Action, Adventure, War",2023,36259522.0
ride on,"Action, Comedy, Drama, Family",2023,36258730.0
strays,"Comedy, Adventure",2023,36071267.0
anatomy of a fall,"Thriller, Mystery, Crime",2023,36051506.0
noryang deadly sea,"Action, History, Drama, War",2023,34210966.0
alibicom 2,"Comedy, Family",2023,34114308.0
priscilla,"Drama, Romance",2023,33111706.0
dont call it mystery the movie,"Mystery, Drama",2023,32516533.0
the three musketeers part i dartagnan,"Adventure, Action, Drama, History",2023,32407471.0
the bremen town musicians,,2023,30835715.0
tokyo mer,"Drama, Thriller",2023,30239900.0
concrete utopia,"Thriller, Science Fiction, Drama",2023,30077348.0
bts yet to come in cinemas,"Music, Documentary",2023,29291883.0
book club the next chapter,"Comedy, Romance",2023,29014500.0
i wish i could meet you again on the hill where that flower blooms 2023,"War, Romance, History",2023,28933626.0
jawan,"Action, Crime, Thriller",2023,28499044.0
the wish of the fairy fish,"Fantasy, Adventure, Family, Drama",2023,28218581.0
toy story 2023 rerelease,,2023,27508866.0
renfield,"Comedy, Horror",2023,26493921.0
perfect days,Drama,2023,25637623.0
frozen 2023 rerelease sing along,,2023,24845502.0
shin jigen crayon shinchan the movie,"Animation, Comedy, Action, Adventure, Family, Fantasy, Science Fiction",2023,23920308.0
american fiction,"Comedy, Drama",2023,22483370.0
guy ritchies the covenant,"War, Action, Thriller",2023,21948551.0
radical,Drama,2023,21830921.0
the last voyage of the demeter,"Horror, Thriller, Fantasy",2023,21786275.0
are you there god its me margaret,"Comedy, Drama",2023,21464043.0
idolish7 movie live 4bit beyond the period,"Animation, Music",2023,21112012.0
saltburn,"Drama, Comedy, Thriller",2023,21026167.0
the challenge,Documentary,2023,20810348.0
dumb money,"History, Comedy, Drama",2023,20703794.0
all of us strangers,"Romance, Drama, Fantasy",2023,20226058.0
my happy marriage,"Drama, Romance, Fantasy",2023,19506407.0
the house of no man,"Drama, Comedy",2023,19490980.0
champions,"Comedy, Drama",2023,19158302.0
retribution,"Thriller, Action, Adventure",2023,18685751.0
next goal wins,"Comedy, Drama",2023,18648802.0
love reset,"Romance, Comedy",2023,18425590.0
the blackening,"Horror, Comedy",2023,18169453.0
about my father,Comedy,2023,18167819.0
mavka the forest song,"Animation, Adventure, Family, Fantasy",2023,17974964.0
the blind,Drama,2023,17265876.0
tokyo revengers 2 bloody halloween destiny,"Action, Crime, Drama",2023,17216567.0
hypnotic,"Mystery, Thriller, Science Fiction",2023,16281937.0
the legend butterfly,"History, Drama, Romance",2023,16087771.0
die drei erbe des drachen,"Adventure, Family",2023,15860016.0
shin kamen rider,"Action, Drama, Science Fiction, Adventure, Fantasy",2023,15835414.0
joy ride,Comedy,2023,15787674.0
dunki,"Adventure, Comedy, Drama",2023,15473051.0
the three musketeers part ii milady,"Adventure, Action, Drama",2023,15439299.0
only 3 days left,Comedy,2023,15152854.0
epic tails,"Animation, Adventure, Fantasy, Family, Comedy",2023,15114378.0
tonde saitama biwako yori ai o komete,Comedy,2023,15107891.0
a guilty conscience,"Crime, Mystery, Comedy",2023,14911562.0
tokyo revengers 2 bloody halloween decisive battle,"Action, Crime, Drama",2023,14584970.0
dr cheon and lost talisman,"Fantasy, Mystery",2023,14574445.0
sisu,"Action, War, Adventure",2023,14281199.0
rehragoutrendezvous,"Comedy, Crime",2023,14127069.0
a moroccan affair,"Comedy, Family",2023,14075140.0
his only son,"Drama, Fantasy",2023,13817186.0
jeanne du barry,"Drama, History, Romance",2023,13568450.0
the point men,Action,2023,13433834.0
manta manta legacy,"Comedy, Action, Adventure",2023,13078126.0
three heroes and the navel of the earth,,2023,13028535.0
bottoms,Comedy,2023,12976079.0
championext,"Comedy, Family",2023,12899265.0
love again,"Romance, Drama, Comedy",2023,12696584.0
dream scenario,"Comedy, Fantasy",2023,12502808.0
beau is afraid,"Comedy, Adventure, Fantasy",2023,12337378.0
the shift,Science Fiction,2023,12238643.0
salaar,"Action, Crime, Drama",2023,11958548.0
after death,"Documentary, Drama",2023,11830860.0
tiger 3,"Action, Adventure, Thriller",2023,11713932.0
jungle bunch operation meltdown,"Animation, Adventure, Comedy, Family",2023,11580770.0
face off 6 the ticket of destiny,"Action, Drama, Thriller",2023,11538081.0
silent night,"Action, Thriller",2023,11067228.0
whats love got to do with it,"Romance, Comedy",2023,11065050.0
sleep,"Horror, Mystery, Thriller",2023,11063144.0
samurai beyond admiration record to the worlds best,,2023,10876188.0
honey sweet,"Comedy, Romance",2023,10766032.0
the machine,"Comedy, Action, Crime",2023,10664328.0
after everything,"Romance, Drama",2023,10644463.0
the crime is mine,"Crime, Comedy, Mystery, Drama",2023,10473689.0
the taste of things,"Romance, Drama",2023,10462726.0
the great escaper,"History, Drama, War",2023,10461239.0
the nightmare before christmas 30th anniversary rerelease,,2023,10431631.0
freelance,"Action, Comedy",2023,10196704.0
sun and concrete,"Crime, Drama",2023,10120340.0
cobweb,Horror,2023,10091821.0
the peasants,"Drama, History, Animation",2023,10064347.0
talk to her undated france release,,2023,9550733.0
kandahar,"Action, Thriller",2023,9387311.0
house party,Comedy,2023,9285747.0
the animal kingdom,"Adventure, Drama, Science Fiction",2023,9223430.0
all your faces,Drama,2023,9065011.0
cats in the museum,"Animation, Comedy, Family, Fantasy",2023,9025291.0
rafadan tayfa 4 hayrimatör,"Animation, Science Fiction, Adventure, Family",2023,8824101.0
father soldier,"War, Drama, History",2023,8598322.0
pretty cure all stars f,"Animation, Action, Adventure, Comedy, Family, Fantasy",2023,8557763.0
dream,"Drama, Fantasy, Romance",2023,8317251.0
vacaciones de verano,"Comedy, Family",2023,8209854.0
on the wandering paths,Drama,2023,8187567.0
weekend rebels,"Comedy, Drama",2023,8184539.0
inside out 2,"Animation, Adventure, Comedy, Family",2024,1698772985.0
deadpool wolverine,"Action, Comedy, Science Fiction",2024,1338073645.0
despicable me 4,"Animation, Family, Comedy, Science Fiction",2024,969126452.0
moana 2,"Animation, Adventure, Family, Comedy",2024,896608683.0
dune part two,"Science Fiction, Adventure",2024,714444358.0
wicked,"Drama, Romance, Fantasy",2024,640176210.0
godzilla x kong the new empire,"Action, Adventure, Science Fiction",2024,571750016.0
kung fu panda 4,"Animation, Family, Fantasy, Action",2024,547689492.0
venom the last dance,"Action, Science Fiction, Adventure, Thriller",2024,476857448.0
beetlejuice beetlejuice,"Comedy, Fantasy, Horror",2024,451100435.0
gladiator ii,"Action, Adventure, Drama",2024,435153922.0
bad boys ride or die,"Action, Comedy, Crime, Thriller, Adventure",2024,404547819.0
kingdom of the planet of the apes,"Science Fiction, Adventure, Action",2024,397378150.0
twisters,"Thriller, Action",2024,370962265.0
it ends with us,"Drama, Romance",2024,350993761.0
alien romulus,"Horror, Science Fiction",2024,350865342.0
mufasa the lion king,"Adventure, Family, Animation, Music",2024,335226293.0
the wild robot,"Animation, Action, Science Fiction, Family",2024,324291115.0
red one,"Action, Fantasy, Comedy",2024,281460503.0
a quiet place day one,"Horror, Science Fiction, Thriller",2024,261786322.0
the garfield movie,"Animation, Comedy, Family, Adventure, Action",2024,234572723.0
sonic the hedgehog 3,"Action, Science Fiction, Comedy, Family",2024,210564198.0
joker folie à deux,"Drama, Crime, Thriller",2024,206400287.0
ghostbusters frozen empire,"Fantasy, Adventure, Comedy",2024,201967521.0
if,"Comedy, Fantasy, Family",2024,190309707.0
the fall guy,"Action, Comedy, Romance",2024,181073291.0
bob marley one love,"Music, History, Drama",2024,180828556.0
furiosa a mad max saga,"Action, Science Fiction, Adventure",2024,173775791.0
the beekeeper,"Crime, Action, Thriller",2024,152720535.0
smile 2,"Horror, Mystery",2024,138083280.0
transformers one,"Animation, Science Fiction, Adventure, Family",2024,129364141.0
longlegs,"Horror, Thriller, Crime",2024,126942386.0
civil war,"War, Action, Drama",2024,126185957.0
detective conan the milliondollar pentagram,"Animation, Crime, Mystery, Action",2024,108136957.0
mean girls,"Drama, Comedy",2024,104793431.0
madame web,"Action, Fantasy",2024,100498764.0
haikyu the dumpster battle,"Animation, Drama",2024,100255784.0
argylle,"Action, Adventure, Comedy",2024,96221061.0
challengers,"Romance, Drama",2024,96019408.0
exhuma,"Mystery, Horror, Thriller",2024,93891418.0
terrifier 3,"Horror, Thriller",2024,88632979.0
a little something extra,Comedy,2024,84044095.0
trap,"Crime, Thriller",2024,82677281.0
the roundup punishment,"Action, Crime, Drama, Thriller, Comedy",2024,80426848.0
the substance,"Horror, Science Fiction",2024,77770614.0
speak no evil,"Horror, Thriller",2024,76756109.0
the count of montecristo,"Action, Adventure, Drama",2024,74978738.0
conclave,"Thriller, Drama",2024,57908426.0
night swim,Horror,2024,54768317.0
kingdom 4 return of the great general,"Action, Adventure",2024,54114815.0
the first omen,Horror,2024,53845880.0
i the executioner,"Action, Crime",2024,53453611.0
kraven the hunter,"Action, Adventure, Thriller",2024,52876550.0
coraline 15th anniversary,,2024,52371887.0
back to black,"Music, History, Drama",2024,50996759.0
tarot,Horror,2024,49256239.0
paddington in peru,"Comedy, Family, Adventure",2024,48960581.0
nosferatu,"Horror, Fantasy",2024,48324020.0
the strangers chapter 1,"Horror, Thriller",2024,48166448.0
blink twice,"Mystery, Horror, Thriller",2024,46393906.0
demon slayer kimetsu no yaiba to the hashira training,"Action, Animation, Fantasy, Thriller",2024,44354825.0
heretic,"Horror, Thriller",2024,43977764.0
imaginary,"Horror, Mystery",2024,43787034.0
abigail,"Horror, Thriller",2024,42791449.0
fly me to the moon,"Romance, Comedy",2024,42247783.0
arthur the king,"Adventure, Drama",2024,40815190.0
the forge,"Drama, Family",2024,40392664.0
the best christmas pageant ever,"Comedy, Drama, Family",2024,39978310.0
horizon an american saga chapter 1,"Western, Drama",2024,38235702.0
last mile,"Drama, Thriller, Crime, Mystery",2024,37164152.0
the bikeriders,"Crime, Drama",2024,36087646.0
mobile suit gundam seed freedom,"Animation, Science Fiction, Action, Drama",2024,36038764.0
beating hearts,"Romance, Crime",2024,35714047.0
interstellar 2024 rerelease,,2024,35535308.0
immaculate,"Horror, Mystery, Thriller",2024,35340016.0
monkey man,"Action, Thriller",2024,35271631.0
doraemon the movie nobitas earth symphony,"Family, Animation, Music, Fantasy, Adventure, Comedy, Drama",2024,33399912.0
the watchers,"Horror, Mystery, Thriller",2024,33271404.0
borderlands,"Action, Science Fiction, Comedy",2024,32978510.0
harold and the purple crayon,"Family, Adventure, Fantasy, Comedy",2024,32227291.0
my hero academia youre next,"Animation, Action, Adventure, Science Fiction",2024,32224616.0
we live in time,"Romance, Drama",2024,32071378.0
pilot,Comedy,2024,30917972.0
a strange house,"Thriller, Mystery",2024,30864331.0
anora,"Romance, Comedy, Drama",2024,30246869.0
reagan,"History, Drama",2024,30107173.0
the ministry of ungentlemanly warfare,"Action, Comedy, War",2024,29715044.0
the dark knight rises 2024 rerelease,,2024,29685650.0
chantal in fairyland,"Comedy, Fantasy",2024,29663607.0
the master and margarita,"Drama, Fantasy",2024,28004162.0
wicked little letters,"Comedy, Drama, Mystery",2024,27219729.0
a complete unknown,"Drama, Music, History",2024,25679729.0
kalki 2898 ad,"Drama, Action, Fantasy, Science Fiction",2024,25331842.0
school of magical animals 3,"Comedy, Fantasy, Family",2024,25000869.0
the crow,"Action, Fantasy, Horror",2024,24088961.0
lee,"History, Drama, War",2024,23342264.0
hello love again,"Romance, Drama",2024,22881613.0
maxxxine,"Horror, Mystery, Thriller",2024,22057160.0
mai,"Romance, Drama",2024,21714524.0
pushpa the rule part 2,"Crime, Action, Thriller",2024,21530578.0
autumn and the black jaguar,"Adventure, Family",2024,21473459.0
juror 2,"Crime, Drama",2024,21309466.0
unsung hero,"Drama, Music, Family",2024,21214331.0
crayon shinchan oras dinosaur diary,,2024,20640922.0
lyod 3,"Romance, Drama",2024,20615744.0
cabrini,"History, Drama",2024,20590343.0
ordinary angels,Drama,2024,20571534.0
la planète des singes une odyssée de lespèce,"Documentary, History, TV Movie",2024,19515102.0
star wars episode i the phantom menace 2024 rerelease,,2024,19429994.0
face off 7 one wish,"Family, Drama",2024,19353760.0
the last dance,"Action, Science Fiction, Adventure, Thriller",2024,19154556.0
golden kamuy,"Action, Adventure, Comedy",2024,19077748.0
escape,"Thriller, Action",2024,18456373.0
cocorico,Comedy,2024,18259571.0
the lord of the rings the war of the rohirrim,"Animation, Fantasy, Action, Adventure",2024,18184000.0
the apprentice,"Drama, History",2024,17273502.0
twilight of the warriors walled in,"Action, Adventure, Crime, Thriller",2024,17111121.0
never let go,"Horror, Drama",2024,16573225.0
the firefighters,Drama,2024,16555362.0
kinds of kindness,"Drama, Comedy",2024,16398509.0
10 lives,"Animation, Comedy, Family, Fantasy",2024,16198576.0
guest from the future,"Science Fiction, Adventure, Family",2024,15900290.0
late night with the devil,Horror,2024,15469415.0
kleks academy,"Fantasy, Adventure, Family",2024,15348026.0
monsieur aznavour,"History, Music",2024,15188639.0
the chosen s4 episodes 13,,2024,14873918.0
father there is only one 4,"Family, Comedy",2024,14668098.0
hijack 1971,"Action, Thriller, Crime",2024,14602614.0
handsome guys,"Comedy, Horror",2024,14439610.0
blue lock episode nagi,"Animation, Action, Drama",2024,14291561.0
here,Drama,2024,14032045.0
megalopolis,"Science Fiction, Drama",2024,13858876.0
homestead,"Action, Drama, Thriller",2024,13336831.0
article 370,"Drama, Action, Thriller",2024,13222021.0
afraid,"Horror, Science Fiction, Thriller",2024,12977758.0
letuchiy korabl,"Comedy, Music, Family, Fantasy",2024,12886684.0
love lies bleeding,"Romance, Crime, Thriller",2024,12778206.0
look back,"Animation, Drama",2024,12648664.0
thelma,"Action, Comedy, Adventure",2024,12419513.0
am i racist,"Comedy, Documentary",2024,12311598.0
muroi shinji yaburezaru mono,"Crime, Mystery, Drama",2024,12121760.0
bonhoeffer pastor spy assassin,"Drama, History, War",2024,12113004.0
citizen of a kind,"Comedy, Crime",2024,11976305.0
doctor x the movie,"Comedy, Drama, Mystery",2024,11873367.0
sound of hope the story of possum trot,Drama,2024,11721425.0
the enchanted tinderbox,"Drama, Fantasy, Adventure, Family",2024,11676459.0
the marching band,"Comedy, Drama, Music",2024,11515634.0
niko beyond the northern lights,"Animation, Family, Fantasy",2024,11361087.0
cells at work,"Action, Adventure, Comedy, Fantasy",2024,11239820.0
maison de retraite 2,Comedy,2024,11227393.0
im still here,"Drama, History",2024,11100000.0
a million minutes,"Drama, Family",2024,11077140.0
the lord of the rings the return of the king 2024 rerelease,,2024,11075442.0
alienoid the return to the future,"Action, Fantasy, Adventure",2024,10824208.0
jung kook i am still,"Documentary, Music",2024,10763217.0
cat and dog,"Adventure, Comedy",2024,10740923.0
piece by piece,"Animation, Music, Documentary",2024,10585957.0
one direction this is us 2024 rerelease,,2024,10452473.0
mrs green apple the white lounge,"Documentary, Music",2024,10337403.0
all about suomi,"Drama, Comedy, Mystery",2024,10176530.0
muroi shinji ikitsuzukeru mono,"Crime, Mystery, Drama",2024,10174418.0
lisa frankenstein,"Comedy, Horror, Romance",2024,9927714.0
saturday night,"Comedy, Drama",2024,9802248.0
the exorcism,"Horror, Thriller",2024,9659440.0
emilia pérez,"Drama, Thriller",2024,9655756.0
ruki vverkh,,2024,9630048.0
the chosen s4 episodes 46,,2024,9482744.0
the boy with pink trousers,,2024,9449929.0
listy do m pozegnania i powroty,"Comedy, Romance",2024,9440754.0
a smile doesnt lie,"Comedy, Drama",2024,9211570.0
onegin,Music,2024,9201680.0
abudeka is back,"Action, Adventure, Drama, Crime",2024,9163586.0
a real pain,"Comedy, Drama",2024,9137007.0
small things like these,Drama,2024,8878821.0
lohusa,"Comedy, Romance",2024,8809952.0
les boules de noël,Comedy,2024,8804443.0
white bird,"Drama, War, History",2024,8799528.0
following,"Drama, Thriller",2024,8798081.0
uma musume pretty derby beginning of a new era,"Animation, Drama, Comedy, Fantasy",2024,8551637.0
dear family,"Drama, Family",2024,8528605.0
babygirl,Drama,2024,8484475.0
the room next door,Drama,2024,8353954.0
undercover,"Drama, Crime, Thriller",2024,8335766.0
alter weißer mann,Comedy,2024,8165361.0
un mondo a parte,Comedy,2024,8108856.0
the birth of korea,"Documentary, History",2024,8022137.0
parthenope,Drama,2024,7942189.0
driveaway dolls,"Comedy, Crime",2024,7935363.0
attack on titan the movie the last attack,"Animation, Action, Drama",2024,7796800.0
the chosen s4 episodes 78,,2024,7768191.0
heartsping teenieping of love,"Animation, Family, Adventure",2024,7725143.0
overlord the sacred kingdom,"Action, Adventure, Animation, Fantasy",2024,7614966.0
ducobu passe au vert,Comedy,2024,7510050.0
buffalo kids,"Animation, Adventure, Comedy, Family",2024,7434047.0
stree 2,"Horror, Comedy",2024,7387498.0
devara part 1,"Action, Drama",2024,7361414.0
kolpaçino 4 4lük,Comedy,2024,7343114.0
lim young woong im hero the stadium,"Music, Documentary",2024,7305588.0
yolo,"Drama, Comedy, Action",2024,7241561.0
sight,"Drama, History",2024,7206741.0
