norm_title,tconst,titleType,startYear,runtimeMinutes,genres,averageRating,numVotes
mortal kombat,tt0293429,movie,2021,110,"Action,Adventure,Fantasy",6.1,204148.0
on the road,tt0337692,movie,2012,124,"Adventure,Drama,Romance",6.0,44679.0
the secret life of walter mitty,tt0359950,movie,2013,114,"Adventure,Comedy,Drama",7.3,369535.0
a walk among the tombstones,tt0365907,movie,2014,114,"Action,Crime,Drama",6.5,131704.0
jurassic world,tt0369610,movie,2015,124,"Action,Adventure,Sci-Fi",6.9,726530.0
the rum diary,tt0376136,movie,2011,119,"Comedy,Drama,Romance",6.1,110040.0
gnomeo juliet,tt0377981,movie,2011,84,"Adventure,Animation,Comedy",5.9,63608.0
the three stooges,tt0383010,movie,2012,92,"Comedy,Family",5.2,34602.0
motherless brooklyn,tt0385887,movie,2019,144,"Crime,Drama,Mystery",6.8,65999.0
tangled,tt0398286,movie,2010,100,"Adventure,Animation,Comedy",7.7,542207.0
john carter,tt0401729,movie,2012,132,"Action,Adventure,Sci-Fi",6.6,298417.0
cowboys aliens,tt0409847,movie,2011,119,"Action,Drama,Sci-Fi",6.0,241319.0
the stanford prison experiment,tt0420293,movie,2015,122,"Biography,Drama,History",6.8,48012.0
dinner for schmucks,tt0427152,movie,2010,114,Comedy,5.9,116073.0
the ateam,tt0429493,movie,2010,117,"Action,Adventure,Crime",6.7,276992.0
the possession,tt0431021,movie,2012,92,"Horror,Mystery,Thriller",5.9,65767.0
real steel,tt0433035,movie,2011,127,"Action,Drama,Sci-Fi",7.1,379462.0
the giver,tt0435651,movie,2014,97,"Drama,Romance,Sci-Fi",6.4,130432.0
toy story 3,tt0435761,movie,2010,103,"Adventure,Animation,Comedy",8.3,965226.0
alita battle angel,tt0437086,movie,2019,122,"Action,Adventure,Sci-Fi",7.3,322517.0
the flash,tt0439572,movie,2023,144,"Action,Adventure,Fantasy",6.6,246076.0
lincoln,tt0443272,movie,2012,150,"Biography,Drama,History",7.3,284073.0
before we go,tt0443465,movie,2014,95,"Comedy,Drama,Romance",6.8,68652.0
scott pilgrim vs the world,tt0446029,movie,2010,112,"Action,Comedy,Fantasy",7.5,494869.0
shazam,tt0448115,movie,2019,132,"Action,Adventure,Comedy",7.0,411922.0
puss in boots,tt0448694,movie,2011,90,"Action,Adventure,Animation",6.6,210286.0
wonder woman,tt0451279,movie,2017,141,"Action,Adventure,Fantasy",7.3,733684.0
42,tt0453562,movie,2013,128,"Biography,Drama,Sport",7.5,108396.0
life of pi,tt0454876,movie,2012,127,"Adventure,Drama,Fantasy",7.9,698285.0
the crazies,tt0455407,movie,2010,101,Horror,6.5,137094.0
the equalizer,tt0455944,movie,2014,132,"Action,Crime,Thriller",7.3,463651.0
captain america the first avenger,tt0458339,movie,2011,124,"Action,Adventure,Sci-Fi",6.9,962626.0
a long way down,tt0458413,movie,2014,96,"Comedy,Drama",6.3,35617.0
sin city a dame to kill for,tt0458481,movie,2014,102,"Action,Animation,Crime",6.5,178318.0
highrise,tt0462335,movie,2015,119,"Drama,Sci-Fi",5.5,47425.0
piranha 3d,tt0464154,movie,2010,88,"Comedy,Horror",5.5,101826.0
alan partridge,tt0469021,movie,2013,90,"Action,Comedy,Crime",6.9,34075.0
ex machina,tt0470752,movie,2014,108,"Drama,Sci-Fi,Thriller",7.7,636319.0
tower heist,tt0471042,movie,2011,104,"Action,Comedy,Crime",6.2,157095.0
the smurfs,tt0472181,movie,2011,103,"Adventure,Animation,Comedy",5.4,104017.0
the mechanic,tt0472399,movie,2011,93,"Action,Crime,Thriller",6.5,182392.0
prince of persia the sands of time,tt0473075,movie,2010,116,"Action,Adventure,Fantasy",6.5,316762.0
hail caesar,tt0475290,movie,2016,106,"Comedy,Drama,Mystery",6.3,149672.0
unstoppable,tt0477080,movie,2010,98,"Action,Thriller",6.8,218563.0
extremely loud incredibly close,tt0477302,movie,2011,129,"Adventure,Drama,Mystery",6.9,107731.0
the tree of life,tt0478304,movie,2011,139,"Drama,Fantasy",6.8,191900.0
antman,tt0478970,movie,2015,117,"Action,Comedy,Sci-Fi",7.2,776688.0
season of the witch,tt0479997,movie,2011,95,"Action,Adventure,Fantasy",5.4,102589.0
the losers,tt0480255,movie,2010,97,"Action,Adventure,Comedy",6.2,111277.0
hall pass,tt0480687,movie,2011,105,"Comedy,Romance",5.9,135970.0
the croods,tt0481499,movie,2013,98,"Adventure,Animation,Comedy",7.1,250408.0
red tails,tt0485985,movie,2012,125,"Action,Drama,History",5.9,38545.0
silence,tt0490215,movie,2016,161,"Drama,History",7.2,133119.0
something borrowed,tt0491152,movie,2011,112,"Comedy,Drama,Romance",5.8,67327.0
suburbicon,tt0491175,movie,2017,105,"Comedy,Crime,Drama",5.8,49741.0
chips,tt0493405,movie,2017,100,"Action,Comedy,Crime",6.0,53977.0
rings,tt0498381,movie,2017,102,"Drama,Horror,Mystery",4.5,45666.0
without remorse,tt0499097,movie,2021,109,"Action,Drama,Thriller",5.8,70646.0
love other drugs,tt0758752,movie,2010,112,"Comedy,Drama,Romance",6.7,249749.0
a thousand words,tt0763831,movie,2012,91,"Comedy,Drama,Fantasy",5.9,47429.0
whats your number,tt0770703,movie,2011,106,"Comedy,Romance",6.1,91684.0
samsara,tt0770802,movie,2011,102,"Documentary,Music",8.4,39825.0
man of steel,tt0770828,movie,2013,143,"Action,Adventure,Sci-Fi",7.1,863844.0
cell,tt0775440,movie,2016,98,"Action,Adventure,Horror",4.5,32949.0
the illusionist,tt0775489,movie,2010,80,"Animation,Drama",7.4,37579.0
drive,tt0780504,movie,2011,100,"Action,Drama",7.8,758821.0
the wolfman,tt0780653,movie,2010,103,"Drama,Fantasy,Horror",5.9,117374.0
the boxtrolls,tt0787474,movie,2014,96,"Adventure,Animation,Comedy",6.8,64767.0
the man who knew infinity,tt0787524,movie,2015,108,"Biography,Drama",7.2,66594.0
the incredible burt wonderstone,tt0790628,movie,2013,100,Comedy,5.9,78158.0
dallas buyers club,tt0790636,movie,2013,117,"Biography,Drama",7.9,546758.0
jack reacher,tt0790724,movie,2012,130,"Action,Thriller",7.0,390255.0
ripd,tt0790736,movie,2013,96,"Action,Adventure,Comedy",5.6,151128.0
scary movie 5,tt0795461,movie,2013,86,Comedy,3.6,83502.0
13,tt0798817,movie,2010,91,"Crime,Drama,Thriller",6.0,45755.0
clash of the titans,tt0800320,movie,2010,106,"Action,Adventure,Fantasy",5.8,304419.0
the dirt,tt0800325,movie,2019,107,"Biography,Comedy,Drama",7.0,60300.0
thor,tt0800369,movie,2011,115,"Action,Fantasy",7.0,961604.0
warcraft,tt0803096,movie,2016,123,"Action,Adventure,Fantasy",6.7,294162.0
its kind of a funny story,tt0804497,movie,2010,101,"Comedy,Drama,Romance",7.1,151745.0
the witches,tt0805647,movie,2020,106,"Adventure,Family,Fantasy",5.4,51169.0
tooth fairy,tt0808510,movie,2010,101,"Comedy,Family,Fantasy",5.1,53071.0
the danish girl,tt0810819,movie,2015,119,"Biography,Drama",7.1,206100.0
jack and jill,tt0810913,movie,2011,91,"Comedy,Family",3.3,95730.0
take me home tonight,tt0810922,movie,2011,97,"Comedy,Drama,Romance",6.3,57586.0
percy jackson the olympians the lightning thief,tt0814255,movie,2010,118,"Adventure,Family,Fantasy",5.9,214682.0
shes out of my league,tt0815236,movie,2010,104,"Comedy,Romance",6.4,152738.0
the book thief,tt0816442,movie,2013,131,"Drama,War",7.5,147390.0
conan the barbarian,tt0816462,movie,2011,113,"Action,Adventure,Fantasy",5.2,105763.0
interstellar,tt0816692,movie,2014,169,"Adventure,Drama,Sci-Fi",8.7,2500715.0
world war z,tt0816711,movie,2013,116,"Action,Adventure,Horror",7.0,779563.0
flipped,tt0817177,movie,2010,90,"Comedy,Drama,Romance",7.7,107631.0
valentines day,tt0817230,movie,2010,125,"Comedy,Romance",5.8,130489.0
priest,tt0822847,movie,2011,87,"Action,Fantasy,Horror",5.7,129460.0
dracula untold,tt0829150,movie,2014,92,"Action,Drama,Fantasy",6.2,222209.0
godzilla,tt0831387,movie,2014,123,"Action,Adventure,Sci-Fi",6.4,463161.0
hotel transylvania,tt0837562,movie,2012,91,"Animation,Comedy,Family",7.0,311933.0
pet sematary,tt0837563,movie,2019,100,"Horror,Mystery,Thriller",5.7,104725.0
the town,tt0840361,movie,2010,125,"Crime,Drama,Thriller",7.5,446063.0
the kids are all right,tt0842926,movie,2010,106,"Comedy,Drama,Romance",7.0,137244.0
the avengers,tt0848228,movie,2012,143,"Action,Sci-Fi",8.0,1551474.0
epic,tt0848537,movie,2013,102,"Action,Adventure,Animation",6.6,114097.0
mr peabody sherman,tt0864835,movie,2014,92,"Adventure,Animation,Comedy",6.8,83817.0
jungle cruise,tt0870154,movie,2021,127,"Action,Adventure,Comedy",6.5,226434.0
red state,tt0873886,movie,2011,88,"Action,Horror,Thriller",6.1,69975.0
eat pray love,tt0879870,movie,2010,133,"Biography,Comedy,Drama",5.9,113440.0
sanctum,tt0881320,movie,2011,108,"Action,Adventure,Drama",5.9,58647.0
snitch,tt0882977,movie,2013,112,"Action,Drama,Thriller",6.4,95768.0
the wedding ringer,tt0884732,movie,2015,101,"Comedy,Romance",6.6,84688.0
hellraiser,tt0887261,movie,2022,121,"Horror,Mystery,Thriller",5.9,55343.0
the switch,tt0889573,movie,2010,101,"Comedy,Drama,Romance",6.1,117309.0
letters to juliet,tt0892318,movie,2010,105,"Adventure,Comedy,Drama",6.5,113255.0
how to train your dragon,tt0892769,movie,2010,98,"Action,Adventure,Animation",8.1,888605.0
shrek forever after,tt0892791,movie,2010,93,"Adventure,Animation,Comedy",6.3,244496.0
the whistleblower,tt0896872,movie,2010,112,"Biography,Crime,Drama",7.1,37125.0
suite française,tt0900387,movie,2014,107,"Drama,History,Romance",7.0,30474.0
the hobbit an unexpected journey,tt0903624,movie,2012,169,"Adventure,Fantasy",7.8,924703.0
love mercy,tt0903657,movie,2014,121,"Biography,Drama,Music",7.4,45403.0
the thing,tt0905372,movie,2011,103,"Horror,Mystery,Sci-Fi",6.3,154190.0
unthinkable,tt0914863,movie,2010,97,"Crime,Drama,Thriller",7.0,99840.0
the legend of tarzan,tt0918940,movie,2016,110,"Action,Adventure,Drama",6.2,197426.0
harry potter and the deathly hallows part 1,tt0926084,movie,2010,146,"Adventure,Family,Fantasy",7.7,660568.0
rabbit hole,tt0935075,movie,2010,91,Drama,6.9,52733.0
the last airbender,tt0938283,movie,2010,103,"Action,Adventure,Family",3.9,180834.0
silent hill revelation,tt0938330,movie,2012,95,"Drama,Horror,Mystery",4.9,71416.0
salt,tt0944835,movie,2010,100,"Action,Thriller",6.5,342255.0
source code,tt0945513,movie,2011,93,"Action,Drama,Mystery",7.5,580451.0
black swan,tt0947798,movie,2010,108,"Drama,Thriller",8.0,885743.0
green zone,tt0947810,movie,2010,115,"Action,Drama,Thriller",6.8,147554.0
the amazing spiderman,tt0948470,movie,2012,136,"Action,Sci-Fi",6.9,760427.0
the killer inside me,tt0954947,movie,2010,109,"Crime,Drama,Mystery",6.1,36966.0
robin hood,tt0955308,movie,2010,140,"Action,Adventure,Drama",6.6,295694.0
the sorcerers apprentice,tt0963966,movie,2010,109,"Action,Adventure,Family",6.1,176327.0
the fighter,tt0964517,movie,2010,116,"Action,Biography,Drama",7.8,406931.0
the conspirator,tt0968264,movie,2010,122,"Crime,Drama,History",6.9,31030.0
hugo,tt0970179,movie,2011,126,"Adventure,Drama,Family",7.5,348628.0
little fockers,tt0970866,movie,2010,98,"Comedy,Romance",5.5,125629.0
justice league,tt0974015,movie,2017,120,"Action,Adventure,Fantasy",6.0,503413.0
hitchcock,tt0975645,movie,2012,98,"Biography,Drama,Romance",6.8,83249.0
fair game,tt0977855,movie,2010,108,"Biography,Drama,Thriller",6.8,52792.0
sucker punch,tt0978764,movie,2011,110,"Action,Adventure,Fantasy",6.1,260805.0
the chronicles of narnia the voyage of the dawn treader,tt0980970,movie,2010,113,"Adventure,Family,Fantasy",6.3,176959.0
the adventures of tintin,tt0983193,movie,2011,107,"Action,Adventure,Animation",7.3,254113.0
fantasy island,tt0983946,movie,2020,109,"Fantasy,Horror,Mystery",4.9,63575.0
machete,tt0985694,movie,2010,105,"Action,Crime,Thriller",6.6,209419.0
dear john,tt0989757,movie,2010,108,"Drama,Romance,War",6.3,163536.0
the green hornet,tt0990407,movie,2011,119,"Action,Comedy,Crime",5.8,168821.0
army of the dead,tt0993840,movie,2021,148,"Action,Adventure,Crime",5.8,200296.0
hanna,tt0993842,movie,2011,111,"Action,Adventure,Drama",6.7,214533.0
the wolf of wall street,tt0993846,movie,2013,180,"Biography,Comedy,Crime",8.2,1774704.0
the experiment,tt0997152,movie,2010,96,"Drama,Thriller",6.4,59716.0
straw dogs,tt0999913,movie,2011,110,"Action,Drama,Thriller",5.8,37640.0
the rental,tt10003008,movie,2020,88,"Drama,Horror,Mystery",5.7,43173.0
the last voyage of the demeter,tt1001520,movie,2023,118,"Fantasy,Horror,Thriller",6.1,69766.0
megamind,tt1001526,movie,2010,95,"Action,Adventure,Animation",7.3,324004.0
the little things,tt10016180,movie,2021,128,"Crime,Drama,Mystery",6.3,140734.0
laal singh chaddha,tt10028196,movie,2022,159,"Comedy,Drama,Romance",5.6,181356.0
countdown,tt10039344,movie,2019,90,"Horror,Thriller",5.4,52686.0
unhinged,tt10059518,movie,2020,90,"Action,Thriller",6.0,86386.0
antebellum,tt10065694,movie,2020,105,"Drama,Horror,Mystery",5.8,31740.0
the iron lady,tt1007029,movie,2011,105,"Biography,Drama",6.4,116704.0
gangubai kathiawadi,tt10083340,movie,2022,152,"Biography,Crime,Drama",7.8,66914.0
the tragedy of macbeth,tt10095582,movie,2021,105,"Drama,Fantasy,Mystery",7.1,44088.0
thunder force,tt10121392,movie,2021,106,"Action,Adventure,Comedy",4.6,48318.0
megalopolis,tt10128846,movie,2024,138,"Drama,Fantasy,Sci-Fi",4.7,41616.0
knight and day,tt1013743,movie,2010,109,"Action,Adventure,Comedy",6.3,224265.0
alice in wonderland,tt1014759,movie,2010,108,"Adventure,Family,Fantasy",6.4,466374.0
child 44,tt1014763,movie,2015,137,"Crime,Drama,History",6.4,79566.0
shazam fury of the gods,tt10151854,movie,2023,130,"Action,Adventure,Comedy",5.9,144395.0
thalaivi,tt10152736,movie,2021,153,"Biography,Drama",5.9,31616.0
cinderella,tt10155932,movie,2021,112,"Comedy,Family,Fantasy",4.4,50220.0
the nun ii,tt10160976,movie,2023,110,"Horror,Mystery,Thriller",5.6,80559.0
all quiet on the western front,tt1016150,movie,2022,148,"Drama,History,War",7.8,313172.0
the prom,tt10161886,movie,2020,130,"Comedy,Drama,Musical",5.9,30490.0
bones and all,tt10168670,movie,2022,131,"Drama,Horror,Romance",6.8,73081.0
red white royal blue,tt10172266,movie,2023,118,"Comedy,Romance",7.0,64450.0
the runaways,tt1017451,movie,2010,106,"Biography,Drama,Music",6.5,52540.0
a boy called christmas,tt10187208,movie,2021,106,"Adventure,Drama,Family",6.7,31245.0
soorarai pottru,tt10189514,movie,2020,153,Drama,8.6,131542.0
les misérables,tt10199590,movie,2019,104,"Crime,Drama,Thriller",7.6,30394.0
selma,tt1020072,movie,2014,128,"Biography,Drama,History",7.5,99026.0
centurion,tt1020558,movie,2010,97,"Action,Drama,History",6.3,89460.0
the gangster the cop the devil,tt10208198,movie,2019,109,"Action,Crime,Thriller",7.0,32792.0
marry me,tt10223460,movie,2022,112,"Comedy,Music,Romance",6.1,47949.0
jolt,tt10228134,movie,2021,91,"Action,Comedy,Crime",5.6,39159.0
beckett,tt10230994,movie,2021,110,"Action,Crime,Drama",5.7,30538.0
the way back,tt1023114,movie,2010,133,"Adventure,Drama,History",7.3,127233.0
last seen alive,tt10242388,movie,2022,95,"Action,Crime,Drama",5.7,35936.0
salems lot,tt10245072,movie,2024,114,"Horror,Thriller",5.6,40491.0
argo,tt1024648,movie,2012,120,"Biography,Drama,History",7.7,664753.0
gemini man,tt1025100,movie,2019,117,"Action,Sci-Fi,Thriller",5.7,130630.0
the greatest beer run ever,tt10268488,movie,2022,126,"Adventure,Comedy,Drama",6.8,36699.0
the father,tt10272386,movie,2020,97,"Drama,Mystery",8.2,242688.0
to catch a killer,tt10275534,movie,2023,119,"Action,Crime,Drama",6.6,56499.0
wall street money never sleeps,tt1027718,movie,2010,133,Drama,6.2,109736.0
coolie no 1,tt10280276,movie,2020,134,"Action,Comedy,Romance",4.2,74784.0
sardar udham,tt10280296,movie,2021,164,"Crime,Drama,History",8.3,50537.0
secretariat,tt1028576,movie,2010,123,"Biography,Drama,Family",7.2,32537.0
another round,tt10288566,movie,2020,117,"Comedy,Drama",7.7,224822.0
the power of the dog,tt10293406,movie,2021,126,"Drama,Western",6.8,221820.0
poltergeist,tt1029360,movie,2015,93,"Fantasy,Horror,Thriller",4.9,64409.0
shershaah,tt10295212,movie,2021,135,"Action,Biography,Drama",8.3,136112.0
lightyear,tt10298810,movie,2022,105,"Action,Adventure,Animation",6.1,135402.0
strange world,tt10298840,movie,2022,102,"Action,Adventure,Animation",5.7,50407.0
amsterdam,tt10304142,movie,2022,134,"Comedy,Drama,History",6.2,106772.0
fatman,tt10310140,movie,2020,100,"Action,Adventure,Comedy",5.9,35391.0
becky,tt10314450,movie,2020,93,"Action,Crime,Drama",6.1,30674.0
the contractor,tt10323676,movie,2022,103,"Action,Drama,Thriller",5.8,34975.0
article 15,tt10324144,movie,2019,130,"Crime,Drama,Mystery",8.1,41275.0
the forever purge,tt10327252,movie,2021,103,"Action,Crime,Drama",5.4,48486.0
the descendants,tt1033575,movie,2011,115,"Comedy,Drama",7.3,259459.0
spiral,tt10342730,movie,2021,93,"Horror,Mystery,Thriller",5.2,76683.0
iron sky,tt1034314,movie,2012,93,"Action,Adventure,Comedy",5.9,98716.0
the eagle,tt1034389,movie,2011,114,"Action,Adventure,Drama",6.2,77337.0
suspiria,tt1034415,movie,2018,152,"Drama,Fantasy,Horror",6.7,104598.0
gunjan saxena the kargil girl,tt10350626,movie,2020,112,"Action,Biography,Drama",5.6,36241.0
laxmii,tt10350922,movie,2020,141,"Action,Comedy,Horror",2.6,59748.0
after we collided,tt10362466,movie,2020,105,"Drama,Romance",5.1,43968.0
infinity pool,tt10365998,movie,2023,117,"Crime,Horror,Mystery",6.0,73202.0
john wick chapter 4,tt10366206,movie,2023,169,"Action,Crime,Thriller",7.6,408028.0
coda,tt10366460,movie,2021,111,"Comedy,Drama,Music",8.0,205758.0
the worst person in the world,tt10370710,movie,2021,128,"Comedy,Drama,Romance",7.7,125345.0
the book of eli,tt1037705,movie,2010,118,"Action,Adventure,Drama",6.8,360060.0
legion,tt1038686,movie,2010,100,"Action,Fantasy,Horror",5.3,119458.0
the bounty hunter,tt1038919,movie,2010,110,"Action,Comedy,Romance",5.6,140074.0
jayeshbhai jordaar,tt10393870,movie,2022,121,"Comedy,Drama",6.0,44440.0
terrifier 2,tt10403420,movie,2022,138,Horror,6.0,81610.0
miracle in cell no 7,tt10431500,movie,2019,132,Drama,8.2,62175.0
the legend of hercules,tt1043726,movie,2014,99,"Action,Adventure,Fantasy",4.3,57643.0
outside the wire,tt10451914,movie,2021,114,"Action,Adventure,Fantasy",5.4,48446.0
silver linings playbook,tt1045658,movie,2012,122,"Comedy,Drama,Romance",7.7,771770.0
ma raineys black bottom,tt10514222,movie,2020,94,"Drama,Music",6.9,77278.0
goosebumps,tt1051904,movie,2015,103,"Adventure,Comedy,Family",6.3,102051.0
the invisible man,tt1051906,movie,2020,124,"Drama,Horror,Mystery",7.1,282499.0
the forgotten battle,tt10521092,movie,2020,124,"Action,Adventure,War",7.1,41133.0
the call,tt10530176,movie,2020,112,"Crime,Horror,Mystery",7.1,52484.0
repo men,tt1053424,movie,2010,111,"Action,Sci-Fi,Thriller",6.3,113987.0
the big year,tt1053810,movie,2011,100,Comedy,6.2,50719.0
the midnight sky,tt10539608,movie,2020,118,"Adventure,Drama,Sci-Fi",5.7,94236.0
the hunger games the ballad of songbirds snakes,tt10545296,movie,2023,157,"Action,Adventure,Drama",6.6,180656.0
life as we know it,tt1055292,movie,2010,114,"Comedy,Drama,Romance",6.5,144524.0
dara of jasenovac,tt10554232,movie,2020,130,"Drama,War",8.0,82327.0
master,tt10579952,movie,2021,179,"Action,Crime,Drama",7.4,90613.0
one night in miami,tt10612922,movie,2020,114,Drama,7.1,35825.0
mank,tt10618286,movie,2020,131,"Biography,Drama",6.8,103987.0
alive,tt10620868,movie,2020,98,"Action,Drama,Horror",6.3,54492.0
minari,tt10633456,movie,2020,115,Drama,7.4,124630.0
talk to me,tt10638522,movie,2022,95,"Horror,Thriller",7.1,212304.0
babylon,tt10640346,movie,2022,189,"Comedy,Drama",7.1,204992.0
thor love and thunder,tt10648342,movie,2022,118,"Action,Adventure,Comedy",6.1,457318.0
boyhood,tt1065073,movie,2014,165,Drama,7.9,381103.0
it ends with us,tt10655524,movie,2024,130,"Drama,Romance",6.3,99372.0
halloween kills,tt10665338,movie,2021,105,"Action,Drama,Horror",5.5,107822.0
halloween ends,tt10665342,movie,2022,111,"Horror,Mystery,Romance",5.0,82397.0
water for elephants,tt1067583,movie,2011,120,"Drama,Romance",6.9,123838.0
to all the boys always and forever,tt10676012,movie,2021,116,"Comedy,Drama,Romance",6.3,39187.0
the marvels,tt10676048,movie,2023,105,"Action,Adventure,Sci-Fi",5.5,162434.0
monte carlo,tt1067774,movie,2011,109,"Adventure,Comedy,Family",5.8,52162.0
hubie halloween,tt10682266,movie,2020,103,"Comedy,Horror,Mystery",5.3,67910.0
footloose,tt1068242,movie,2011,113,"Comedy,Drama,Music",5.9,55348.0
the harder they fall,tt10696784,movie,2021,139,"Action,Drama,Western",6.6,77254.0
stillwater,tt10696896,movie,2021,139,"Crime,Drama,Mystery",6.6,63727.0
kgf chapter 2,tt10698680,movie,2022,166,"Action,Crime,Drama",8.2,168667.0
bachchhan paandey,tt10699086,movie,2022,147,"Action,Comedy,Crime",5.0,37267.0
ponniyin selvan part i,tt10701074,movie,2022,167,"Action,Drama",7.5,38422.0
the trial of the chicago 7,tt1070874,movie,2020,129,"Drama,History,Thriller",7.7,204701.0
ghost rider spirit of vengeance,tt1071875,movie,2011,96,"Action,Adventure,Fantasy",4.4,133681.0
arthur the king,tt10720352,movie,2024,107,"Adventure,Drama,Sport",7.0,38494.0
winchester,tt1072748,movie,2018,99,"Biography,Fantasy,Horror",5.5,39227.0
dont worry darling,tt10731256,movie,2022,123,"Drama,Mystery,Thriller",6.3,175305.0
sweet girl,tt10731768,movie,2021,110,"Action,Drama,Thriller",5.5,38045.0
gehraiyaan,tt10733228,movie,2022,148,"Drama,Romance",5.6,45137.0
skyfall,tt1074638,movie,2012,143,"Action,Adventure,Thriller",7.8,770131.0
love hard,tt10752004,movie,2021,104,"Comedy,Romance",6.3,68515.0
jonah hex,tt1075747,movie,2010,81,"Action,Drama,Fantasy",4.7,64575.0
next goal wins,tt10767052,movie,2023,104,"Comedy,Drama,Sport",6.5,31000.0
dark shadows,tt1077368,movie,2012,113,"Comedy,Fantasy,Horror",6.2,293638.0
the kashmir files,tt10811166,movie,2022,170,Drama,8.5,578858.0
the belko experiment,tt1082807,movie,2016,89,"Action,Horror,Thriller",6.2,66702.0
eddie the eagle,tt1083452,movie,2015,106,"Adventure,Biography,Comedy",7.3,107127.0
the matrix resurrections,tt10838180,movie,2021,148,"Action,Sci-Fi",5.6,301818.0
missing,tt10855768,movie,2023,111,"Drama,Mystery,Thriller",7.1,71343.0
bill ted face the music,tt1086064,movie,2020,91,"Adventure,Comedy,Music",5.9,56493.0
blended,tt1086772,movie,2014,117,"Comedy,Romance",6.5,157242.0
spiderman no way home,tt10872600,movie,2021,148,"Action,Adventure,Fantasy",8.1,1010080.0
365 days,tt10886166,movie,2020,114,"Drama,Romance",3.3,108036.0
radhe,tt10888594,movie,2021,109,"Action,Thriller",1.8,181624.0
mimi,tt10895576,movie,2021,132,"Comedy,Drama",7.8,46092.0
lone survivor,tt1091191,movie,2013,121,"Action,Biography,Drama",7.5,323003.0
freaky,tt10919380,movie,2020,102,"Comedy,Horror,Thriller",6.3,81181.0
paul,tt1092026,movie,2011,104,"Adventure,Comedy,Sci-Fi",6.9,280998.0
the darkest hour,tt1093357,movie,2011,89,"Action,Adventure,Horror",4.9,66057.0
titane,tt10944760,movie,2021,108,"Drama,Horror,Sci-Fi",6.4,65768.0
antman and the wasp quantumania,tt10954600,movie,2023,124,"Action,Adventure,Comedy",6.0,267504.0
old,tt10954652,movie,2021,108,"Drama,Mystery,Thriller",5.8,182659.0
nope,tt10954984,movie,2022,130,"Horror,Mystery,Sci-Fi",6.8,313760.0
things heard seen,tt10962368,movie,2021,121,"Drama,Horror,Mystery",5.3,40400.0
cmon cmon,tt10986222,movie,2021,109,Drama,7.3,42635.0
spirited,tt10999120,movie,2022,127,"Comedy,Family,Fantasy",6.6,59435.0
foxcatcher,tt1100089,movie,2014,134,"Biography,Drama,History",7.0,154805.0
pig,tt11003218,movie,2021,92,"Drama,Mystery",6.9,104083.0
the babysitter killer queen,tt11024272,movie,2020,101,"Comedy,Horror",5.8,59474.0
haseen dillruba,tt11027830,movie,2021,135,"Crime,Drama,Mystery",6.9,34997.0
killers,tt1103153,movie,2010,100,"Action,Comedy,Romance",5.5,99586.0
demon slayer kimetsu no yaiba the movie mugen train,tt11032374,movie,2020,117,"Action,Adventure,Animation",8.2,99489.0
tron legacy,tt1104001,movie,2010,125,"Action,Adventure,Sci-Fi",6.8,386319.0
toofaan,tt11045422,movie,2021,163,"Drama,Sport",6.1,53238.0
madame web,tt11057302,movie,2024,116,"Action,Thriller",4.1,113786.0
the christmas chronicles part two,tt11057644,movie,2020,112,"Adventure,Comedy,Family",6.0,40851.0
the map of tiny perfect things,tt11080108,movie,2021,98,"Comedy,Fantasy,Romance",6.8,33206.0
wrath of man,tt11083552,movie,2021,119,"Action,Crime,Thriller",7.1,237052.0
paddington,tt1109624,movie,2014,95,"Adventure,Comedy,Family",7.3,155534.0
spaceman,tt11097384,movie,2024,107,"Adventure,Drama,Romance",5.7,46888.0
troll,tt11116912,movie,2022,101,"Action,Adventure,Drama",5.8,58520.0
boiling point,tt11127680,movie,2021,92,"Drama,Thriller",7.5,55696.0
the northman,tt11138512,movie,2022,137,"Action,Adventure,Drama",7.0,297517.0
creed iii,tt11145118,movie,2023,116,"Action,Drama,Sport",6.7,106526.0
if,tt11152168,movie,2024,104,"Animation,Comedy,Drama",6.4,65819.0
pieces of a woman,tt11161474,movie,2020,126,Drama,7.0,59993.0
jackass 3d,tt1116184,movie,2010,94,"Action,Comedy,Documentary",7.0,70867.0
the card counter,tt11196036,movie,2021,111,"Crime,Drama,Thriller",6.2,47002.0
she said,tt11198810,movie,2022,129,"Crime,Drama,History",7.3,49180.0
blue valentine,tt1120985,movie,2010,112,"Drama,Romance",7.3,224662.0
seventh son,tt1121096,movie,2014,102,"Action,Adventure,Fantasy",5.5,84621.0
house of gucci,tt11214590,movie,2021,158,"Biography,Crime,Drama",6.6,174243.0
the unforgivable,tt11233960,movie,2021,112,"Crime,Drama,Mystery",7.2,127631.0
the voyeurs,tt11235772,movie,2021,116,"Drama,Mystery,Romance",6.1,48105.0
the ides of march,tt1124035,movie,2011,101,"Drama,Thriller",7.1,238588.0
free state of jones,tt1124037,movie,2016,139,"Action,Biography,Drama",6.9,67990.0
scream,tt11245972,movie,2022,114,"Horror,Mystery,Thriller",6.3,186175.0
dog,tt11252248,movie,2022,101,"Comedy,Drama",6.5,52098.0
big eyes,tt1126590,movie,2014,106,"Biography,Crime,Drama",6.9,104388.0
burlesque,tt1126591,movie,2010,119,"Drama,Music,Musical",6.4,98996.0
morning glory,tt1126618,movie,2010,107,"Comedy,Drama,Romance",6.5,87263.0
licorice pizza,tt11271038,movie,2021,133,"Comedy,Drama,Romance",7.1,159684.0
the outlaws,tt11274492,movie,2023,95,"Action,Comedy,Crime",5.4,41414.0
dont look up,tt11286314,movie,2021,138,"Comedy,Drama,Sci-Fi",7.1,667336.0
the unbearable weight of massive talent,tt11291274,movie,2022,107,"Action,Comedy,Crime",7.0,178161.0
rebel ridge,tt11301886,movie,2024,131,"Action,Crime,Drama",6.8,101631.0
beast,tt11301946,movie,2022,155,"Action,Comedy,Crime",5.2,39164.0
wish,tt11304740,movie,2023,95,"Adventure,Animation,Comedy",5.5,49970.0
shutter island,tt1130884,movie,2010,138,"Drama,Mystery,Thriller",8.2,1634336.0
joker folie à deux,tt11315808,movie,2024,138,"Drama,Musical,Thriller",5.2,180817.0
shiva baby,tt11317142,movie,2020,77,"Comedy,Drama",7.1,41842.0
green lantern,tt1133985,movie,2011,114,"Action,Adventure,Sci-Fi",5.5,307964.0
takers,tt1135084,movie,2010,107,"Action,Crime,Drama",6.2,68393.0
renfield,tt11358390,movie,2023,93,"Action,Comedy,Fantasy",6.4,119140.0
the killer,tt1136617,movie,2023,118,"Action,Adventure,Crime",6.7,222070.0
death wish,tt1137450,movie,2018,107,"Action,Crime,Drama",6.3,83006.0
the dissident,tt11382384,movie,2020,119,"Crime,Documentary,Thriller",7.8,31054.0
kingdom of the planet of the apes,tt11389872,movie,2024,145,"Action,Adventure,Drama",6.8,167474.0
the ghost writer,tt1139328,movie,2010,128,"Crime,Drama,Mystery",7.2,176481.0
totally killer,tt11426232,movie,2023,106,"Comedy,Horror,Mystery",6.5,68340.0
frankenweenie,tt1142977,movie,2012,87,"Animation,Comedy,Drama",6.9,126007.0
runway 34,tt11460992,movie,2022,145,"Drama,Thriller",7.0,31568.0
the social dilemma,tt11464826,movie,2020,94,"Documentary,Drama",7.6,94045.0
jackass forever,tt11466222,movie,2022,96,"Action,Comedy,Documentary",6.8,54682.0
beastly,tt1152398,movie,2011,86,"Drama,Fantasy,Romance",5.5,81906.0
no sudden move,tt11525644,movie,2021,115,"Crime,Drama,Mystery",6.4,44845.0
relay,tt11539996,movie,2024,112,"Action,Drama,Thriller",7.0,33272.0
the karate kid,tt1155076,movie,2010,140,"Action,Drama,Family",6.3,225950.0
farha,tt11555492,movie,2021,92,Drama,8.0,91089.0
a complete unknown,tt11563598,movie,2024,141,"Biography,Drama,Music",7.3,115700.0
glass onion,tt11564570,movie,2022,139,"Comedy,Crime,Drama",7.1,519940.0
dune part one,tt1160419,movie,2021,155,"Action,Adventure,Drama",8.0,1030919.0
the colony,tt1160996,movie,2013,95,"Action,Horror,Sci-Fi",5.3,49266.0
the rite,tt1161864,movie,2011,114,"Drama,Horror,Mystery",6.0,105931.0
biutiful,tt1164999,movie,2010,148,"Drama,Romance",7.4,97827.0
riders of justice,tt11655202,movie,2020,116,"Action,Comedy,Drama",7.5,75258.0
the witcher nightmare of the wolf,tt11657662,movie,2021,83,"Action,Adventure,Animation",7.2,54960.0
jailer,tt11663228,movie,2023,168,"Action,Comedy,Crime",7.2,45692.0
the man from toronto,tt11671006,movie,2022,110,"Action,Adventure,Comedy",5.8,66466.0
22 bullets,tt1167638,movie,2010,117,"Action,Crime,Drama",6.6,37873.0
the hobbit the desolation of smaug,tt1170358,movie,2013,161,"Adventure,Fantasy",7.8,751187.0
downton abbey a new era,tt11703710,movie,2022,124,"Drama,Romance",7.4,38299.0
demolition,tt1172049,movie,2015,101,"Comedy,Drama",7.0,132626.0
the company men,tt1172991,movie,2010,104,Drama,6.7,50822.0
texas chainsaw massacre,tt11755740,movie,2022,81,"Crime,Drama,Horror",4.7,69825.0
all good things,tt1175709,movie,2010,101,"Crime,Drama,Mystery",6.2,63569.0
mean girls,tt11762114,movie,2024,112,"Comedy,Musical",5.5,40802.0
a hero,tt11777738,movie,2021,127,Drama,7.5,32964.0
a walk in the woods,tt1178665,movie,2015,104,"Adventure,Biography,Comedy",6.4,32188.0
cold in july,tt1179031,movie,2014,109,"Crime,Thriller",6.7,39520.0
from paris with love,tt1179034,movie,2010,92,"Action,Crime,Thriller",6.4,126801.0
a nightmare on elm street,tt1179056,movie,2010,95,"Crime,Drama,Horror",5.2,114679.0
6 souls,tt1179069,movie,2010,112,"Horror,Mystery,Thriller",6.0,38974.0
10 cloverfield lane,tt1179933,movie,2016,103,"Drama,Horror,Sci-Fi",7.2,382607.0
till death,tt11804152,movie,2021,91,"Horror,Thriller",5.9,31007.0
the banshees of inisherin,tt11813216,movie,2022,114,"Comedy,Drama",7.6,293960.0
black death,tt1181791,movie,2010,102,"Action,Drama,History",6.4,54411.0
you will meet a tall dark stranger,tt1182350,movie,2010,98,"Comedy,Drama,Romance",6.3,48773.0
memory,tt11827628,movie,2022,114,"Action,Crime,Thriller",5.8,41905.0
the fallout,tt11847410,movie,2021,96,Drama,7.0,42318.0
orphan first kill,tt11851548,movie,2022,99,"Crime,Drama,Horror",5.9,53735.0
when in rome,tt1185416,movie,2010,91,"Comedy,Romance",5.5,67059.0
the creator,tt11858890,movie,2023,133,"Action,Adventure,Drama",6.7,195512.0
prey,tt11866324,movie,2022,100,"Action,Adventure,Horror",7.1,270925.0
my name is khan,tt1188996,movie,2010,165,"Drama,Romance",7.9,122838.0
the skin i live in,tt1189073,movie,2011,120,"Drama,Mystery,Thriller",7.6,179592.0
the lincoln lawyer,tt1189340,movie,2011,118,"Crime,Drama,Mystery",7.3,269436.0
the stranger,tt11897478,movie,2022,117,"Crime,Drama,Thriller",6.6,30370.0
hocus pocus 2,tt11909878,movie,2022,103,"Comedy,Family,Fantasy",6.0,59056.0
rango,tt1192628,movie,2011,107,"Action,Adventure,Animation",7.3,317599.0
step up 3d,tt1193631,movie,2010,107,"Drama,Music,Romance",6.2,62280.0
the bourne legacy,tt1194173,movie,2012,135,"Action,Adventure,Thriller",6.6,327600.0
the fiveyear engagement,tt1195478,movie,2012,124,"Comedy,Drama,Romance",6.2,105024.0
diary of a wimpy kid,tt1196141,movie,2010,94,"Comedy,Drama,Family",6.3,65847.0
charlie countryman,tt1196948,movie,2013,103,"Comedy,Drama,Romance",6.3,30763.0
singham again,tt11976134,movie,2024,144,"Action,Crime,Drama",4.3,76133.0
vengeance,tt11976532,movie,2022,107,"Comedy,Music,Mystery",6.8,41582.0
david attenborough a life on our planet,tt11989890,movie,2020,83,"Biography,Documentary",8.9,35985.0
varisu,tt11998558,movie,2023,169,"Action,Comedy,Drama",5.9,41196.0
violent night,tt12003946,movie,2022,112,"Action,Comedy,Thriller",6.7,120944.0
watcher,tt12004038,movie,2022,96,"Drama,Horror,Mystery",6.3,61012.0
harry potter and the deathly hallows part 2,tt1201607,movie,2011,130,"Adventure,Family,Fantasy",8.1,1040123.0
furiosa a mad max saga,tt12037194,movie,2024,148,"Action,Adventure,Sci-Fi",7.5,317361.0
tyrannosaur,tt1204340,movie,2011,92,Drama,7.5,35270.0
the muppets,tt1204342,movie,2011,103,"Adventure,Comedy,Family",7.1,100777.0
last vegas,tt1204975,movie,2013,105,Comedy,6.6,140118.0
ouija,tt1204977,movie,2014,89,"Horror,Mystery,Thriller",4.5,61716.0
jack ryan shadow recruit,tt1205537,movie,2014,105,"Action,Drama,Thriller",6.2,142792.0
out of the furnace,tt1206543,movie,2013,116,"Crime,Drama,Thriller",6.7,131748.0
rambo last blood,tt1206885,movie,2019,89,"Action,Crime,Thriller",6.1,119159.0
moneyball,tt1210166,movie,2011,133,"Biography,Drama,Sport",7.6,506175.0
the lone ranger,tt1210819,movie,2013,150,"Action,Adventure,Drama",6.4,252510.0
doctor strange,tt1211837,movie,2016,115,"Action,Adventure,Fantasy",7.5,875259.0
escape plan,tt1211956,movie,2013,115,"Action,Thriller",6.7,270017.0
hereafter,tt1212419,movie,2010,129,"Drama,Fantasy,Romance",6.5,98228.0
the lost city of z,tt1212428,movie,2016,141,"Adventure,Biography,Drama",6.6,105438.0
the backup plan,tt1212436,movie,2010,104,"Comedy,Romance",5.3,54688.0
lawless,tt1212450,movie,2012,116,"Biography,Crime,Drama",7.2,262228.0
first man,tt1213641,movie,2018,141,"Biography,Drama,History",7.3,215242.0
london boulevard,tt1213648,movie,2010,103,"Crime,Drama",6.2,51693.0
the worlds end,tt1213663,movie,2013,109,"Action,Comedy,Sci-Fi",6.9,312142.0
metal lords,tt12141112,movie,2022,97,"Comedy,Music",6.7,36599.0
seeking justice,tt1214962,movie,2011,105,"Action,Drama,Mystery",6.1,49270.0
cars 2,tt1216475,movie,2011,106,"Adventure,Animation,Comedy",6.2,253620.0
kill the messenger,tt1216491,movie,2014,112,"Biography,Crime,Drama",6.9,50147.0
leap year,tt1216492,movie,2010,100,"Comedy,Romance",6.5,116173.0
brave,tt1217209,movie,2012,93,"Action,Adventure,Animation",7.1,477047.0
battle los angeles,tt1217613,movie,2011,116,"Action,Adventure,Sci-Fi",5.7,190192.0
limitless,tt1219289,movie,2011,105,"Sci-Fi,Thriller",7.4,645021.0
legend of the guardians the owls of gahoole,tt1219342,movie,2010,97,"Action,Adventure,Animation",6.9,91746.0
ghost in the shell,tt1219827,movie,2017,107,"Action,Crime,Drama",6.3,239002.0
resident evil afterlife,tt1220634,movie,2010,96,"Action,Horror,Sci-Fi",5.8,187078.0
zookeeper,tt1222817,movie,2011,102,"Comedy,Family,Fantasy",5.2,69460.0
65,tt12261776,movie,2023,93,"Action,Adventure,Sci-Fi",5.4,106032.0
thirteen lives,tt12262116,movie,2022,147,"Biography,Drama,Thriller",7.8,78458.0
get him to the greek,tt1226229,movie,2010,109,"Comedy,Music",6.3,190163.0
edge of darkness,tt1226273,movie,2010,117,"Action,Adventure,Drama",6.6,103295.0
extraction ii,tt12263384,movie,2023,122,"Action,Crime,Thriller",7.0,171923.0
the debt,tt1226753,movie,2010,113,"Drama,Thriller",6.8,73813.0
beautiful boy,tt1226837,movie,2018,120,"Biography,Drama",7.4,127039.0
iron man 2,tt1228705,movie,2010,124,"Action,Sci-Fi",6.9,933083.0
let me in,tt1228987,movie,2010,116,"Drama,Fantasy,Horror",7.1,132972.0
mission impossible ghost protocol,tt1229238,movie,2011,132,"Action,Adventure,Thriller",7.4,563745.0
anchorman 2 the legend continues,tt1229340,movie,2013,119,Comedy,6.3,201517.0
jane eyre,tt1229822,movie,2011,120,"Drama,Mystery,Romance",7.3,97522.0
due date,tt1231583,movie,2010,95,"Comedy,Drama",6.5,370996.0
hot tub time machine,tt1231587,movie,2010,99,"Comedy,Sci-Fi",6.4,197898.0
thats my boy,tt1232200,movie,2012,116,"Comedy,Drama",5.6,121139.0
21 jump street,tt1232829,movie,2012,109,"Action,Comedy,Crime",7.2,643201.0
ironclad,tt1233301,movie,2011,121,"Action,Drama,History",6.1,45265.0
greenberg,tt1234654,movie,2010,107,"Comedy,Drama,Romance",6.1,40301.0
red dawn,tt1234719,movie,2012,93,"Action,War",5.3,83656.0
robocop,tt1234721,movie,2014,117,"Action,Crime,Sci-Fi",6.1,248687.0
cuckoo,tt12349832,movie,2024,102,"Horror,Mystery,Thriller",5.7,33586.0
wild target,tt1235189,movie,2010,98,"Action,Comedy,Crime",6.7,42449.0
broken city,tt1235522,movie,2013,109,"Action,Crime,Drama",6.1,85854.0
drishyam 2,tt12361178,movie,2021,152,"Crime,Drama,Mystery",8.4,44577.0
zack snyders justice league,tt12361974,movie,2021,242,"Action,Adventure,Fantasy",7.9,471169.0
your highness,tt1240982,movie,2011,102,"Action,Adventure,Comedy",5.5,107573.0
sonic the hedgehog 2,tt12412888,movie,2022,122,"Action,Adventure,Comedy",6.5,115030.0
death note,tt1241317,movie,2017,101,"Crime,Drama,Fantasy",4.5,95722.0
i spit on your grave,tt1242432,movie,2010,108,"Horror,Thriller",6.2,102333.0
we need to talk about kevin,tt1242460,movie,2011,112,"Drama,Mystery,Thriller",7.4,180613.0
the tourist,tt1243957,movie,2010,103,"Action,Romance,Thriller",6.0,268260.0
aloha,tt1243974,movie,2015,105,"Comedy,Drama,Romance",5.4,77578.0
conviction,tt1244754,movie,2010,107,"Biography,Crime,Drama",7.2,48106.0
this is the end,tt1245492,movie,2013,107,"Comedy,Fantasy,Sci-Fi",6.6,454317.0
red,tt1245526,movie,2010,111,"Action,Comedy,Crime",7.0,338003.0
serena,tt1247690,movie,2014,109,"Drama,History,Romance",5.5,31973.0
decision to leave,tt12477480,movie,2022,139,"Crime,Drama,Mystery",7.3,68223.0
kickass,tt1250777,movie,2010,117,"Action,Comedy,Crime",7.6,619591.0
emancipation,tt12530246,movie,2022,132,"Action,Thriller",6.3,31078.0
spencer,tt12536294,movie,2021,117,"Biography,Drama",6.5,81749.0
300 rise of an empire,tt1253863,movie,2014,102,"Action,Drama,Fantasy",6.2,328293.0
immortals,tt1253864,movie,2011,110,"Action,Drama,Fantasy",6.0,182831.0
holmes watson,tt1255919,movie,2018,90,"Comedy,Crime,Mystery",3.9,41955.0
incendies,tt1255953,movie,2010,131,"Drama,Mystery,War",8.3,248195.0
sharper,tt12573454,movie,2023,116,"Crime,Drama,Thriller",6.7,38550.0
twisters,tt12584954,movie,2024,122,"Action,Adventure,Thriller",6.5,193062.0
the man with the iron fists,tt1258972,movie,2012,95,Action,5.4,65521.0
bullet train,tt12593682,movie,2022,127,"Action,Comedy,Thriller",7.3,530160.0
the cabin in the woods,tt1259521,movie,2011,95,"Horror,Mystery,Thriller",7.0,488291.0
den of thieves,tt1259528,movie,2018,140,"Action,Crime,Drama",7.0,152614.0
the union,tt12610390,movie,2024,107,"Action,Comedy,Thriller",5.5,57879.0
parallel mothers,tt12618926,movie,2021,123,Drama,7.1,40067.0
sex and the city 2,tt1261945,movie,2010,146,"Comedy,Drama,Romance",4.6,88332.0
scream 4,tt1262416,movie,2011,111,"Horror,Mystery",6.2,189839.0
wicked,tt1262426,movie,2024,160,"Fantasy,Musical,Romance",7.3,227062.0
the roommate,tt1265990,movie,2011,91,"Drama,Horror,Thriller",4.8,43647.0
hercules,tt1267297,movie,2014,98,"Action,Adventure,Fantasy",6.0,171456.0
malcolm marie,tt12676326,movie,2021,106,"Drama,Romance",6.6,43326.0
the hand of god,tt12680684,movie,2021,130,Drama,7.3,54043.0
a very harold kumar christmas,tt1268799,movie,2011,90,"Adventure,Comedy",6.2,75182.0
the devils double,tt1270262,movie,2011,109,"Biography,Drama,Thriller",7.0,65328.0
dont be afraid of the dark,tt1270761,movie,2010,99,"Fantasy,Horror,Thriller",5.5,52175.0
venom,tt1270797,movie,2018,112,"Action,Adventure,Sci-Fi",6.6,603473.0
xmen first class,tt1270798,movie,2011,131,"Action,Sci-Fi",7.7,762060.0
2 guns,tt1272878,movie,2013,109,"Action,Comedy,Crime",6.7,236846.0
old henry,tt12731980,movie,2021,99,"Action,Drama,Western",7.3,44773.0
a serbian film,tt1273235,movie,2010,104,"Horror,Mystery,Thriller",4.9,79689.0
kalki 2898 ad,tt12735488,movie,2024,180,"Action,Adventure,Sci-Fi",7.0,75457.0
the spy next door,tt1273678,movie,2010,94,"Action,Comedy,Family",5.5,49477.0
leave the world behind,tt12747748,movie,2023,138,"Drama,Mystery,Thriller",6.4,240712.0
host,tt12749596,movie,2020,57,"Horror,Mystery",6.5,49933.0
tetris,tt12758060,movie,2023,118,"Biography,Drama,History",7.4,106004.0
looper,tt1276104,movie,2012,119,"Action,Drama,Sci-Fi",7.4,627140.0
a royal affair,tt1276419,movie,2012,137,"Biography,Drama,History",7.5,53909.0
madagascar 3 europes most wanted,tt1277953,movie,2012,93,"Adventure,Animation,Comedy",6.8,216170.0
belfast,tt12789558,movie,2021,98,"Biography,Drama",7.2,117341.0
date night,tt1279935,movie,2010,88,"Comedy,Crime,Romance",6.3,179189.0
luca,tt12801262,movie,2021,95,"Adventure,Animation,Comedy",7.4,221570.0
easy a,tt1282140,movie,2010,92,"Comedy,Drama,Romance",7.0,442239.0
your place or mine,tt12823454,movie,2023,109,"Comedy,Romance",5.7,44367.0
raksha bandhan,tt12834962,movie,2022,108,"Comedy,Drama,Family",5.5,31660.0
space sweepers,tt12838766,movie,2021,136,"Action,Adventure,Drama",6.5,31001.0
pathaan,tt12844910,movie,2023,146,"Action,Adventure,Thriller",5.8,165800.0
bad teacher,tt1284575,movie,2011,92,"Comedy,Romance",5.7,222399.0
the strangers prey at night,tt1285009,movie,2018,85,Horror,5.3,40085.0
the social network,tt1285016,movie,2010,120,"Biography,Drama",7.8,815876.0
don 2,tt1285241,movie,2011,148,"Action,Crime,Thriller",7.1,61886.0
the invitation,tt12873562,movie,2022,105,"Horror,Thriller",5.3,40351.0
evil dead,tt1288558,movie,2013,91,"Horror,Thriller",6.5,211678.0
my octopus teacher,tt12888462,movie,2020,85,"Documentary,Drama",8.1,70790.0
ghostbusters,tt1289401,movie,2016,117,"Action,Comedy,Fantasy",6.8,258143.0
the guernsey literary and potato peel pie society,tt1289403,movie,2018,124,"Drama,Romance,War",7.3,57668.0
mr harrigans phone,tt12908110,movie,2022,104,"Drama,Horror,Mystery",6.0,44120.0
the life of chuck,tt12908150,movie,2024,111,"Drama,Fantasy,Sci-Fi",7.3,64748.0
teenage mutant ninja turtles,tt1291150,movie,2014,101,"Action,Adventure,Animation",5.8,229566.0
solace,tt1291570,movie,2015,101,"Crime,Drama,Mystery",6.4,73672.0
adipurush,tt12915716,movie,2023,179,"Action,Drama",2.6,137193.0
behind the candelabra,tt1291580,movie,2013,118,"Biography,Drama,Music",7.0,47181.0
warrior,tt1291584,movie,2011,140,"Action,Drama,Sport",8.1,527106.0
the exorcist believer,tt12921446,movie,2023,111,Horror,4.8,50416.0
how to be single,tt1292566,movie,2016,110,"Comedy,Drama,Romance",6.1,98999.0
xxx return of xander cage,tt1293847,movie,2017,107,"Action,Adventure,Thriller",5.2,101556.0
the last song,tt1294226,movie,2010,107,"Drama,Music,Romance",6.0,95860.0
last night,tt1294688,movie,2010,93,"Drama,Romance",6.5,52570.0
blitz,tt1297919,movie,2011,97,"Action,Adventure,Crime",6.2,96163.0
the hustle,tt1298644,movie,2019,93,"Comedy,Crime",5.5,72166.0
the watch,tt1298649,movie,2012,102,"Comedy,Sci-Fi",5.7,137590.0
pirates of the caribbean on stranger tides,tt1298650,movie,2011,136,"Action,Adventure,Fantasy",6.6,604795.0
american murder the family next door,tt12987894,movie,2020,83,"Crime,Documentary",7.2,37342.0
iron man 3,tt1300854,movie,2013,130,"Action,Adventure,Sci-Fi",7.1,961438.0
the irishman,tt1302006,movie,2019,209,"Biography,Crime,Drama",7.8,470292.0
kung fu panda 2,tt1302011,movie,2011,90,"Action,Adventure,Animation",7.3,354751.0
army of thieves,tt13024674,movie,2021,127,"Action,Comedy,Crime",6.4,97479.0
enthiran,tt1305797,movie,2010,174,"Action,Sci-Fi,Thriller",7.2,33395.0
5050,tt1306980,movie,2011,100,"Comedy,Drama,Romance",7.6,353222.0
seeking a friend for the end of the world,tt1307068,movie,2012,101,"Adventure,Comedy,Drama",6.7,123083.0
the happytime murders,tt1308728,movie,2018,91,"Action,Comedy,Crime",5.5,32114.0
bullet to the head,tt1308729,movie,2012,92,"Action,Crime,Thriller",5.7,54272.0
one life,tt13097932,movie,2023,109,"Biography,Drama,History",7.5,39728.0
the trip,tt13109952,movie,2021,113,"Action,Comedy,Horror",6.9,30465.0
kill your darlings,tt1311071,movie,2013,104,"Biography,Drama,Romance",6.4,43259.0
animal kingdom,tt1313092,movie,2010,113,"Crime,Drama,Thriller",7.2,63267.0
shehzada,tt13130948,movie,2023,142,"Action,Comedy,Drama",4.5,32256.0
mission majnu,tt13131232,movie,2023,129,"Action,Drama,History",6.9,45577.0
borat subsequent moviefilm,tt13143964,movie,2020,95,Comedy,6.6,164142.0
devil,tt1314655,movie,2010,80,"Horror,Mystery,Thriller",6.3,165502.0
rise of the planet of the apes,tt1318514,movie,2011,105,"Action,Drama,Sci-Fi",7.6,603979.0
mufasa the lion king,tt13186482,movie,2024,118,"Adventure,Animation,Drama",6.6,81593.0
uglies,tt13186604,movie,2024,100,"Action,Adventure,Drama",4.7,36699.0
the last exorcism,tt1320244,movie,2010,87,"Horror,Mystery,Thriller",5.7,54242.0
the expendables,tt1320253,movie,2010,103,"Action,Adventure,Thriller",6.4,379611.0
gullivers travels,tt1320261,movie,2010,85,"Adventure,Comedy,Family",4.9,77627.0
death at a funeral,tt1321509,movie,2010,92,"Comedy,Drama",5.7,56931.0
in the heights,tt1321510,movie,2021,143,"Drama,Musical,Romance",7.2,55644.0
oldboy,tt1321511,movie,2013,104,"Action,Drama,Mystery",5.8,84764.0
the beaver,tt1321860,movie,2011,91,Drama,6.6,52154.0
gangster squad,tt1321870,movie,2013,113,"Action,Crime,Drama",6.7,228478.0
august osage county,tt1322269,movie,2013,121,"Comedy,Drama",7.2,99374.0
going the distance,tt1322312,movie,2010,102,"Comedy,Romance",6.3,61182.0
beast,tt13223398,movie,2022,93,"Action,Adventure,Drama",5.6,47870.0
frozen,tt1323045,movie,2010,93,"Adventure,Thriller",6.1,87098.0
despicable me,tt1323594,movie,2010,95,"Adventure,Animation,Comedy",7.6,629811.0
past lives,tt13238346,movie,2023,105,"Drama,Romance",7.8,170782.0
the twilight saga breaking dawn part 1,tt1324999,movie,2011,117,"Adventure,Drama,Fantasy",5.0,272130.0
the twilight saga eclipse,tt1325004,movie,2010,124,"Action,Adventure,Drama",5.1,280371.0
the lucky one,tt1327194,movie,2012,101,"Drama,Mystery,Romance",6.4,118171.0
reptile,tt13274016,movie,2023,134,"Crime,Drama,Mystery",6.8,108992.0
the butler,tt1327773,movie,2013,132,"Biography,Drama",7.2,123552.0
napoleon,tt13287846,movie,2023,158,"Action,Adventure,Biography",6.3,185195.0
day shift,tt13314558,movie,2022,113,"Action,Comedy,Fantasy",6.1,98715.0
the lost city,tt13320622,movie,2022,112,"Action,Adventure,Comedy",6.1,175784.0
slumberland,tt13320662,movie,2022,117,"Adventure,Comedy,Drama",6.7,35866.0
do revenge,tt13327038,movie,2022,118,"Comedy,Drama,Romance",6.3,56719.0
movie 43,tt1333125,movie,2013,94,Comedy,4.4,119969.0
the resident,tt1334102,movie,2011,91,"Crime,Drama,Horror",5.3,30584.0
never let me go,tt1334260,movie,2010,103,"Drama,Romance",7.1,159727.0
arthur,tt1334512,movie,2011,110,"Comedy,Romance",5.7,53836.0
the perfect host,tt1334553,movie,2010,93,"Comedy,Crime,Thriller",6.7,30702.0
evil dead rise,tt13345606,movie,2023,96,Horror,6.5,166191.0
good luck to you leo grande,tt13352968,movie,2022,97,"Comedy,Drama",7.2,44079.0
47 ronin,tt1335975,movie,2013,128,"Action,Drama,Fantasy",6.2,179169.0
rock of ages,tt1336608,movie,2012,123,"Comedy,Drama,Musical",5.9,84373.0
cyrus,tt1336617,movie,2010,91,"Comedy,Drama,Romance",6.3,37496.0
the popes exorcist,tt13375076,movie,2023,103,"Horror,Thriller",6.1,101562.0
the crow,tt1340094,movie,2024,111,"Action,Crime,Fantasy",4.7,40921.0
in a better world,tt1340107,movie,2010,118,"Drama,Romance",7.6,43029.0
terminator genisys,tt1340138,movie,2015,126,"Action,Adventure,Sci-Fi",6.3,306583.0
fresh,tt13403046,movie,2022,114,"Comedy,Horror,Romance",6.7,91958.0
insidious the red door,tt13405778,movie,2023,107,"Horror,Mystery,Thriller",5.5,63114.0
tinker tailor soldier spy,tt1340800,movie,2011,127,"Drama,Mystery,Thriller",7.0,225690.0
four lions,tt1341167,movie,2010,97,"Comedy,Crime,Drama",7.3,90694.0
how do you know,tt1341188,movie,2010,121,"Comedy,Drama,Romance",5.4,57259.0
the great gatsby,tt1343092,movie,2013,143,"Drama,Romance",7.2,640315.0
a quiet place day one,tt13433802,movie,2024,99,"Drama,Horror,Sci-Fi",6.3,173574.0
dredd,tt1343727,movie,2012,95,"Action,Crime,Sci-Fi",7.1,311203.0
jug jugg jeeyo,tt13449624,movie,2022,148,"Comedy,Drama,Family",6.1,43394.0
damsel,tt13452446,movie,2024,110,"Action,Adventure,Fantasy",6.1,118557.0
red rocket,tt13453006,movie,2021,130,"Comedy,Drama,Romance",7.1,42691.0
persuasion,tt13456318,movie,2022,108,"Comedy,Drama,Romance",5.8,40083.0
the dark knight rises,tt1345836,movie,2012,164,"Action,Crime,Drama",8.4,1983934.0
antim the final truth,tt13491110,movie,2021,138,"Action,Crime,Drama",6.1,43356.0
dhamaka,tt13510660,movie,2021,103,"Action,Crime,Drama",6.7,43963.0
jack the giant slayer,tt1351685,movie,2013,114,"Action,Adventure,Fantasy",6.3,154879.0
beau is afraid,tt13521006,movie,2023,179,"Comedy,Drama,Horror",6.6,78042.0
if i stay,tt1355630,movie,2014,107,"Comedy,Drama,Fantasy",6.7,131244.0
the infiltrator,tt1355631,movie,2016,127,"Biography,Crime,Drama",7.0,84704.0
passengers,tt1355644,movie,2016,116,"Drama,Romance,Sci-Fi",7.0,493259.0
black mass,tt1355683,movie,2015,123,"Biography,Crime,Drama",6.8,201881.0
x,tt13560574,movie,2022,105,"Horror,Mystery,Thriller",6.5,222496.0
heart of stone,tt13603966,movie,2023,122,"Action,Crime,Thriller",5.7,68030.0
the bubble,tt13610562,movie,2022,126,Comedy,4.7,30351.0
tom jerry,tt1361336,movie,2021,101,"Adventure,Animation,Comedy",5.3,43049.0
moana 2,tt13622970,movie,2024,100,"Adventure,Animation,Comedy",6.3,124008.0
see how they run,tt13640696,movie,2022,98,"Comedy,Crime,Mystery",6.5,73367.0
beasts of no nation,tt1365050,movie,2015,137,"Drama,War",7.7,91132.0
may december,tt13651794,movie,2023,117,"Comedy,Drama",6.7,72598.0
tomb raider,tt1365519,movie,2018,119,"Action,Adventure,Fantasy",6.3,240839.0
the sitter,tt1366344,movie,2011,81,Comedy,5.6,74797.0
the cold light of day,tt1366365,movie,2012,93,"Action,Adventure,Thriller",4.9,41213.0
karthikeya 2,tt13664684,movie,2022,150,"Action,Adventure,Fantasy",7.8,65154.0
women talking,tt13669038,movie,2022,104,Drama,6.9,63811.0
the ward,tt1369706,movie,2010,89,"Horror,Mystery,Thriller",5.5,47269.0
cloud atlas,tt1371111,movie,2012,172,"Drama,Mystery,Sci-Fi",7.3,385890.0
this is where i leave you,tt1371150,movie,2014,103,"Comedy,Drama",6.7,94532.0
coriolanus,tt1372686,movie,2011,123,"Drama,Thriller,War",6.1,34881.0
pride and prejudice and zombies,tt1374989,movie,2016,108,"Action,Comedy,Fantasy",5.8,64200.0
upside down,tt1374992,movie,2012,109,"Drama,Romance,Sci-Fi",6.3,75748.0
animal,tt13751694,movie,2023,204,"Action,Crime,Drama",6.2,114535.0
inception,tt1375666,movie,2010,148,"Action,Adventure,Sci-Fi",8.8,2799547.0
grown ups,tt1375670,movie,2010,102,Comedy,6.0,310779.0
the company you keep,tt1381404,movie,2012,125,"Drama,Thriller",6.4,37384.0
fighter,tt13818368,movie,2024,166,"Action,Drama",6.2,53999.0
the whale,tt13833688,movie,2022,117,Drama,7.6,280432.0
men,tt13841850,movie,2022,100,"Drama,Fantasy,Horror",6.0,78053.0
the adjustment bureau,tt1385826,movie,2011,106,"Crime,Drama,Mystery",7.0,281879.0
cop out,tt1385867,movie,2010,107,"Action,Comedy,Crime",5.5,92407.0
the other guys,tt1386588,movie,2010,107,"Action,Comedy,Crime",6.7,308442.0
suicide squad,tt1386697,movie,2016,123,"Action,Adventure,Fantasy",5.9,757427.0
total recall,tt1386703,movie,2012,118,"Action,Adventure,Sci-Fi",6.2,275932.0
ip man 2,tt1386932,movie,2010,108,"Action,Biography,Drama",7.5,116379.0
against the ice,tt13873302,movie,2022,102,"Adventure,Drama,History",6.5,31640.0
downsizing,tt1389072,movie,2017,135,"Drama,Fantasy,Sci-Fi",5.8,137150.0
stand up guys,tt1389096,movie,2012,95,"Comedy,Crime,Thriller",6.4,59568.0
we bought a zoo,tt1389137,movie,2011,124,"Comedy,Drama,Family",7.0,159978.0
in the heart of the sea,tt1390411,movie,2015,122,"Action,Adventure,Biography",6.9,158558.0
the hunger games,tt1392170,movie,2012,142,"Action,Adventure,Sci-Fi",7.2,1076885.0
mad max fury road,tt1392190,movie,2015,120,"Action,Adventure,Sci-Fi",8.1,1201625.0
prisoners,tt1392214,movie,2013,153,"Crime,Drama,Mystery",8.2,927247.0
boy kills world,tt13923084,movie,2023,111,"Action,Adventure,Comedy",6.4,39987.0
salaar,tt13927994,movie,2023,175,"Action,Crime,Drama",6.7,78475.0
dumb money,tt13957560,movie,2023,105,"Biography,Comedy,Drama",6.8,62390.0
mr poppers penguins,tt1396218,movie,2011,94,"Comedy,Family,Fantasy",6.0,112469.0
under paris,tt13964390,movie,2024,104,"Action,Horror,Sci-Fi",5.2,39309.0
it,tt1396484,movie,2017,135,Horror,7.3,691681.0
taken 2,tt1397280,movie,2012,92,"Action,Crime,Thriller",6.2,336248.0
journey 2 the mysterious island,tt1397514,movie,2012,94,"Action,Adventure,Comedy",5.7,120438.0
straight outta compton,tt1398426,movie,2015,147,"Biography,Drama,History",7.8,233066.0
transformers dark of the moon,tt1399103,movie,2011,154,"Action,Adventure,Comedy",6.2,454405.0
winters bone,tt1399683,movie,2010,100,"Crime,Drama,Mystery",7.1,157458.0
rare exports,tt1401143,movie,2010,84,"Adventure,Fantasy,Horror",6.6,35443.0
unknown,tt1401152,movie,2011,113,"Action,Mystery,Thriller",6.8,276180.0
happy feet two,tt1402488,movie,2011,100,"Adventure,Animation,Comedy",5.8,50715.0
hesher,tt1403177,movie,2010,106,"Comedy,Drama",6.9,55590.0
true grit,tt1403865,movie,2010,110,"Drama,Western",7.6,375432.0
drive my car,tt14039582,movie,2021,179,Drama,7.5,76134.0
remember me,tt1403981,movie,2010,113,"Drama,Romance",7.1,163182.0
celeste jesse forever,tt1405365,movie,2012,92,"Comedy,Drama,Romance",6.6,35102.0
14 peaks nothing is impossible,tt14079374,movie,2021,101,"Adventure,Documentary,Sport",7.7,33529.0
star trek into darkness,tt1408101,movie,2013,132,"Action,Adventure,Sci-Fi",7.7,509634.0
ride along,tt1408253,movie,2014,99,"Action,Comedy,Crime",6.1,129161.0
tarot,tt14088510,movie,2024,92,Horror,4.8,38501.0
men in black³,tt1409024,movie,2012,106,"Action,Adventure,Comedy",6.8,410560.0
the flowers of war,tt1410063,movie,2011,146,"Drama,History,Romance",7.5,58223.0
dasvi,tt14107554,movie,2022,125,"Comedy,Drama",7.3,62598.0
ticket to paradise,tt14109724,movie,2022,104,"Comedy,Drama,Romance",6.1,80866.0
no strings attached,tt1411238,movie,2011,108,"Comedy,Romance",6.2,254774.0
riddick,tt1411250,movie,2013,119,"Action,Adventure,Sci-Fi",6.4,185893.0
the outfit,tt14114802,movie,2022,105,"Crime,Drama,Mystery",7.2,85861.0
the hangover part ii,tt1411697,movie,2011,102,Comedy,6.5,575086.0
hop,tt1411704,movie,2011,95,"Adventure,Animation,Comedy",5.4,40430.0
the best exotic marigold hotel,tt1412386,movie,2011,124,"Comedy,Drama,Romance",7.2,103730.0
table 19,tt1412528,movie,2017,87,"Comedy,Drama,Romance",5.8,33336.0
kimi,tt14128670,movie,2022,89,"Crime,Drama,Mystery",6.3,43097.0
12 strong,tt1413492,movie,2018,130,"Action,Drama,History",6.6,100434.0
paranoia,tt1413495,movie,2013,106,"Drama,Thriller",5.6,40295.0
the pale blue eye,tt14138650,movie,2022,128,"Crime,Horror,Mystery",6.6,140477.0
you again,tt1414382,movie,2010,105,"Comedy,Romance",5.8,56702.0
seaspiracy,tt14152756,movie,2021,89,"Adventure,Documentary",8.1,35517.0
nanny mcphee returns,tt1415283,movie,2010,109,"Comedy,Family,Fantasy",6.1,39724.0
kill the irishman,tt1416801,movie,2011,106,"Action,Biography,Crime",7.0,54477.0
i frankenstein,tt1418377,movie,2014,92,"Action,Fantasy,Sci-Fi",5.1,86175.0
the fabelmans,tt14208870,movie,2022,151,Drama,7.5,134074.0
cocaine bear,tt14209916,movie,2023,95,"Comedy,Crime,Thriller",5.9,125956.0
somewhere,tt1421051,movie,2010,97,"Comedy,Drama,Romance",6.3,48542.0
a lonely place to die,tt1422136,movie,2011,99,"Crime,Thriller",6.2,32133.0
family switch,tt14227048,movie,2023,106,"Comedy,Family,Fantasy",5.7,33179.0
asteroid city,tt14230388,movie,2023,105,"Comedy,Drama,Romance",6.4,143865.0
poor things,tt14230458,movie,2023,141,"Comedy,Drama,Romance",7.7,389167.0
stone,tt1423995,movie,2010,105,"Drama,Mystery,Thriller",5.4,44026.0
predators,tt1424381,movie,2010,107,"Action,Adventure,Sci-Fi",6.4,261768.0
senna,tt1424432,movie,2010,106,"Biography,Documentary,Sport",8.4,83673.0
speak no evil,tt14253846,movie,2022,97,"Drama,Horror,Mystery",6.7,63295.0
wolfs,tt14257582,movie,2024,108,"Comedy,Crime,Thriller",6.5,102583.0
better man,tt14260836,movie,2024,135,"Biography,Fantasy,Music",7.5,44769.0
lovelace,tt1426329,movie,2013,93,"Biography,Drama",6.2,44523.0
hansel gretel witch hunters,tt1428538,movie,2013,88,"Action,Fantasy,Horror",6.1,226260.0
the wolverine,tt1430132,movie,2013,126,"Action,Sci-Fi",6.7,522491.0
arthur christmas,tt1430607,movie,2011,97,"Adventure,Animation,Comedy",7.1,73504.0
brick mansions,tt1430612,movie,2014,90,"Action,Crime,Drama",5.6,45678.0
the pirates band of misfits,tt1430626,movie,2012,88,"Action,Adventure,Animation",6.7,54164.0
me time,tt14309446,movie,2022,101,Comedy,5.1,45211.0
deadpool,tt1431045,movie,2016,108,"Action,Comedy,Sci-Fi",8.0,1247644.0
another year,tt1431181,movie,2010,129,"Comedy,Drama",7.4,32129.0
faster,tt1433108,movie,2010,98,"Action,Crime,Drama",6.4,116984.0
jujutsu kaisen 0,tt14331144,movie,2021,112,"Action,Animation,Fantasy",7.8,60720.0
disconnect,tt1433811,movie,2012,115,"Crime,Drama,Mystery",7.5,80081.0
hysteria,tt1435513,movie,2011,100,"Biography,Comedy,Romance",6.7,34098.0
13 assassins,tt1436045,movie,2010,141,"Action,Adventure,Drama",7.5,71536.0
rio,tt1436562,movie,2011,96,"Adventure,Animation,Comedy",6.9,271743.0
lift,tt14371878,movie,2024,107,"Action,Comedy,Crime",5.6,52304.0
sleep tight,tt1437358,movie,2011,102,"Crime,Drama,Thriller",7.2,49713.0
cha cha real smooth,tt14376344,movie,2022,107,"Comedy,Drama",7.3,31054.0
fright night,tt1438176,movie,2011,106,"Action,Comedy,Drama",6.4,119411.0
charlie st cloud,tt1438254,movie,2010,99,"Drama,Fantasy,Romance",6.4,66394.0
perfect sense,tt1439572,movie,2011,92,"Drama,Romance,Sci-Fi",7.0,66960.0
battleship,tt1440129,movie,2012,131,"Action,Adventure,Sci-Fi",5.8,268743.0
a little bit of heaven,tt1440161,movie,2011,106,"Comedy,Drama,Fantasy",6.3,30671.0
submarine,tt1440292,movie,2010,97,"Comedy,Drama,Romance",7.3,100732.0
this must be the place,tt1440345,movie,2011,118,"Adventure,Comedy,Drama",6.7,38549.0
the american,tt1440728,movie,2010,105,"Crime,Drama,Thriller",6.3,106472.0
martha marcy may marlene,tt1441326,movie,2011,102,"Drama,Mystery,Thriller",6.8,58560.0
under the skin,tt1441395,movie,2013,108,"Drama,Horror,Mystery",6.3,169824.0
the way,tt1441912,movie,2010,123,"Comedy,Drama",7.3,37944.0
salmon fishing in the yemen,tt1441952,movie,2011,107,"Comedy,Drama,Romance",6.8,68923.0
testament of youth,tt1441953,movie,2014,129,"Biography,Drama,History",7.2,31808.0
father stu,tt14439896,movie,2022,124,"Biography,Drama,Sport",6.5,35919.0
tár,tt14444726,movie,2022,158,"Drama,Music",7.4,109091.0
rise of the guardians,tt1446192,movie,2012,97,"Action,Adventure,Animation",7.2,208406.0
prometheus,tt1446714,movie,2012,124,"Adventure,Sci-Fi",7.0,696868.0
thanksgiving,tt1448754,movie,2023,106,"Horror,Mystery,Thriller",6.2,79960.0
killer elite,tt1448755,movie,2011,116,"Action,Crime,Thriller",6.4,140801.0
winnie the pooh,tt1449283,movie,2011,63,"Adventure,Animation,Comedy",7.1,30690.0
filth,tt1450321,movie,2013,97,"Action,Comedy,Crime",7.0,121967.0
no one will save you,tt14509110,movie,2023,93,"Horror,Mystery,Sci-Fi",6.2,78745.0
monsters university,tt1453405,movie,2013,104,"Adventure,Animation,Comedy",7.2,422611.0
nefarious,tt14537248,movie,2023,97,"Drama,Horror,Thriller",6.4,38767.0
godzilla x kong the new empire,tt14539740,movie,2024,115,"Action,Adventure,Fantasy",6.0,133601.0
the help,tt1454029,movie,2011,146,Drama,8.1,526763.0
gravity,tt1454468,movie,2013,91,"Drama,Sci-Fi,Thriller",7.7,897277.0
crimes of the future,tt14549466,movie,2022,107,"Drama,Horror,Sci-Fi",5.8,46714.0
goon,tt1456635,movie,2011,92,"Comedy,Drama,Sport",6.8,94087.0
tomorrow when the war began,tt1456941,movie,2010,104,"Action,Adventure,Drama",6.1,32726.0
the conjuring,tt1457767,movie,2013,112,"Horror,Mystery,Thriller",7.5,618905.0
its whats inside,tt14577874,movie,2024,103,"Comedy,Mystery,Sci-Fi",6.6,50804.0
kidnap,tt1458169,movie,2017,95,"Action,Crime,Thriller",5.9,41007.0
the next three days,tt1458175,movie,2010,133,"Action,Crime,Drama",7.3,214905.0
dream house,tt1462041,movie,2011,92,"Drama,Mystery,Thriller",6.0,71137.0
buried,tt1462758,movie,2010,95,"Drama,Mystery,Thriller",7.0,175973.0
indiana jones and the dial of destiny,tt1462764,movie,2023,154,"Action,Adventure,Sci-Fi",6.5,231519.0
the odd life of timothy green,tt1462769,movie,2012,105,"Comedy,Drama,Family",6.6,50203.0
the grandmaster,tt1462900,movie,2013,130,"Action,Biography,Drama",6.6,38575.0
big mommas like father like son,tt1464174,movie,2011,107,"Action,Comedy,Crime",4.5,31243.0
enola holmes 2,tt14641788,movie,2022,129,"Action,Adventure,Crime",6.8,117909.0
uncharted,tt1464335,movie,2022,116,"Action,Adventure",6.3,297479.0
i am number four,tt1464540,movie,2011,111,"Action,Adventure,Sci-Fi",6.1,252582.0
stake land,tt1464580,movie,2010,98,"Drama,Horror",6.4,45718.0
mute,tt1464763,movie,2018,126,"Mystery,Sci-Fi,Thriller",5.5,39525.0
tucker and dale vs evil,tt1465522,movie,2010,89,"Comedy,Horror",7.5,208331.0
baywatch,tt1469304,movie,2017,116,"Action,Comedy,Crime",5.5,217994.0
macgruber,tt1470023,movie,2010,90,"Action,Comedy",5.6,50023.0
monsters,tt1470827,movie,2010,94,"Adventure,Drama,Romance",6.3,101690.0
falling for christmas,tt14715170,movie,2022,93,"Comedy,Romance",5.3,33813.0
the cost of deception,tt14723224,movie,2021,125,"Action,Crime,Drama",1.5,40909.0
bridget joness baby,tt1473832,movie,2016,123,"Comedy,Drama,Romance",6.4,91009.0
saw 3d,tt1477076,movie,2010,90,"Horror,Mystery",5.5,117996.0
aquaman,tt1477834,movie,2018,143,"Action,Adventure,Fantasy",6.8,551454.0
cedar rapids,tt1477837,movie,2011,87,Comedy,6.3,40953.0
bridesmaids,tt1478338,movie,2011,125,Comedy,6.8,324451.0
the art of racing in the rain,tt1478839,movie,2019,109,"Comedy,Drama,Romance",7.6,48262.0
attack the block,tt1478964,movie,2011,88,"Action,Adventure,Comedy",6.6,115405.0
killing season,tt1480295,movie,2013,91,"Action,Drama,Thriller",5.4,40092.0
cosmopolis,tt1480656,movie,2012,109,"Crime,Drama,Mystery",5.1,52054.0
happythankyoumoreplease,tt1481572,movie,2010,100,"Comedy,Drama,Romance",6.7,30975.0
the weekend away,tt14817272,movie,2022,89,"Crime,Drama,Mystery",5.7,35840.0
the lorax,tt1482459,movie,2012,86,"Adventure,Animation,Comedy",6.4,143191.0
the lord of the rings the war of the rohirrim,tt14824600,movie,2024,134,"Action,Adventure,Animation",6.3,39464.0
you people,tt14826022,movie,2023,117,"Comedy,Romance",5.5,67097.0
oblivion,tt1483013,movie,2013,124,"Action,Adventure,Sci-Fi",7.0,584354.0
sisu,tt14846026,movie,2022,91,"Action,Thriller,War",6.9,119002.0
the holdovers,tt14849194,movie,2023,133,"Comedy,Drama",7.9,245807.0
atlas,tt14856980,movie,2024,118,"Action,Adventure,Drama",5.6,59406.0
the greatest showman,tt1485796,movie,2017,105,"Biography,Drama,Musical",7.5,345144.0
blink twice,tt14858658,movie,2024,102,"Mystery,Thriller",6.5,128240.0
red riding hood,tt1486185,movie,2011,100,"Fantasy,Horror,Mystery",5.4,119337.0
the raven,tt1486192,movie,2012,110,"Crime,Drama,Mystery",6.4,90253.0
what if,tt1486834,movie,2013,98,"Comedy,Romance",6.8,84314.0
the changeup,tt1488555,movie,2011,112,"Comedy,Fantasy",6.3,204222.0
guillermo del toros pinocchio,tt1488589,movie,2022,117,"Adventure,Animation,Drama",7.6,143530.0
triple frontier,tt1488606,movie,2019,125,"Action,Adventure,Thriller",6.5,160732.0
booksmart,tt1489887,movie,2019,102,Comedy,7.1,139804.0
central intelligence,tt1489889,movie,2016,107,"Action,Comedy,Crime",6.3,237407.0
the lego movie,tt1490017,movie,2014,100,"Action,Adventure,Animation",7.7,413741.0
the iceman,tt1491044,movie,2012,106,"Biography,Crime,Drama",6.8,83593.0
unfrosted,tt14914430,movie,2024,97,"Biography,Comedy,History",5.5,36675.0
satyaprem ki katha,tt14914988,movie,2023,146,"Comedy,Drama,Musical",6.6,31702.0
red one,tt14948432,movie,2024,123,"Action,Adventure,Comedy",6.2,158526.0
underworld awakening,tt1496025,movie,2012,88,"Action,Fantasy,Thriller",6.3,167155.0
im still here,tt14961016,movie,2024,137,"Biography,Drama,History",8.1,146257.0
the paperboy,tt1496422,movie,2012,107,"Crime,Drama,Mystery",5.7,41725.0
late night with the devil,tt14966898,movie,2023,93,Horror,7.0,145439.0
the tinder swindler,tt14992922,movie,2022,114,"Crime,Documentary",7.1,77501.0
rocky aur rani kii prem kahaani,tt14993250,movie,2023,168,"Comedy,Drama,Family",6.5,50730.0
horrible bosses,tt1499658,movie,2011,98,"Comedy,Crime",6.9,486864.0
rebel moon part one a child of fire,tt14998742,movie,2023,133,"Action,Adventure,Drama",5.6,140011.0
argylle,tt15009428,movie,2024,139,"Action,Comedy,Thriller",5.6,99334.0
bad boys for life,tt1502397,movie,2020,124,"Action,Comedy,Crime",6.5,196302.0
drive angry,tt1502404,movie,2011,104,"Action,Comedy,Crime",5.4,106509.0
halloween,tt1502407,movie,2018,106,"Crime,Drama,Horror",6.5,186153.0
fantastic four,tt1502712,movie,2015,100,"Action,Adventure,Sci-Fi",4.3,192046.0
the kings speech,tt1504320,movie,2010,118,"Biography,Drama,History",8.0,731653.0
haywire,tt1506999,movie,2011,93,"Action,Drama,Thriller",5.8,92840.0
i came by,tt15083184,movie,2022,110,Thriller,6.2,39054.0
jai bhim,tt15097216,movie,2021,164,"Crime,Drama",8.6,233574.0
the three musketeers,tt1509767,movie,2011,110,"Action,Adventure,Fantasy",5.7,115577.0
super,tt1512235,movie,2010,96,"Action,Comedy,Crime",6.7,87143.0
julias eyes,tt1512685,movie,2010,118,"Horror,Mystery,Thriller",6.7,39093.0
freddy,tt15145764,movie,2022,124,"Drama,Mystery,Romance",7.3,36600.0
sherlock holmes a game of shadows,tt1515091,movie,2011,129,"Action,Adventure,Mystery",7.4,501164.0
strays,tt15153532,movie,2023,93,"Adventure,Comedy",6.3,37596.0
thunivu,tt15163652,movie,2023,146,"Action,Crime,Thriller",6.1,30710.0
the host,tt1517260,movie,2013,125,"Action,Adventure,Drama",5.8,121647.0
barbie,tt1517268,movie,2023,114,"Adventure,Comedy,Fantasy",6.8,664211.0
a star is born,tt1517451,movie,2018,136,"Drama,Music,Romance",7.6,447447.0
spy kids 4 all the time in the world,tt1517489,movie,2011,89,"Action,Adventure,Comedy",3.6,30551.0
anonymous,tt1521197,movie,2011,130,"Drama,Thriller",6.8,43285.0
dune part two,tt15239678,movie,2024,166,"Action,Adventure,Drama",8.4,726448.0
contraband,tt1524137,movie,2012,109,"Action,Adventure,Crime",6.4,129050.0
vacation,tt1524930,movie,2015,99,"Adventure,Comedy",6.2,131858.0
murder mystery 2,tt15255288,movie,2023,89,"Action,Adventure,Comedy",5.7,83225.0
emily the criminal,tt15255876,movie,2022,97,"Crime,Drama,Thriller",6.7,66922.0
pain hustlers,tt15257160,movie,2023,123,"Crime,Drama",6.6,54834.0
joy ride,tt15268244,movie,2023,95,Comedy,6.4,30548.0
melancholia,tt1527186,movie,2011,135,"Drama,Sci-Fi",7.1,207544.0
the man from nowhere,tt1527788,movie,2010,119,"Action,Crime,Drama",7.7,80162.0
horns,tt1528071,movie,2013,120,"Comedy,Fantasy,Horror",6.4,91633.0
exodus gods and kings,tt1528100,movie,2014,150,"Action,Adventure,Drama",6.0,186403.0
daddys home,tt1528854,movie,2015,96,"Comedy,Family",6.2,138776.0
trust,tt1529572,movie,2010,106,"Crime,Drama,Mystery",6.9,46090.0
argentina 1985,tt15301048,movie,2022,140,"Biography,Crime,Drama",7.6,36024.0
the human centipede 2 full sequence,tt1530509,movie,2011,91,Horror,3.8,47424.0
the beekeeper,tt15314262,movie,2024,105,"Action,Crime,Thriller",6.3,178246.0
everything must go,tt1531663,movie,2010,97,"Comedy,Drama",6.4,55184.0
byzantium,tt1531901,movie,2012,118,"Drama,Fantasy,Horror",6.5,48514.0
beginners,tt1532503,movie,2010,105,"Comedy,Drama,Romance",7.2,97252.0
fall,tt15325794,movie,2022,107,"Action,Thriller",6.4,135487.0
ghosted,tt15326988,movie,2023,117,"Action,Adventure,Comedy",5.8,79737.0
kantara,tt15327088,movie,2022,148,"Action,Adventure,Drama",8.1,116176.0
martin,tt15334030,movie,2024,147,"Action,Drama,Thriller",2.1,36537.0
marcel the shell with shoes on,tt15339456,movie,2021,90,"Animation,Comedy,Drama",7.6,33616.0
champions,tt15339570,movie,2023,124,"Comedy,Drama,Sport",6.8,36301.0
elysium,tt1535108,movie,2013,109,"Action,Drama,Sci-Fi",6.6,490369.0
captain phillips,tt1535109,movie,2013,134,"Action,Biography,Crime",7.8,517992.0
hope springs,tt1535438,movie,2012,100,"Comedy,Drama,Romance",6.3,45847.0
jawan,tt15354916,movie,2023,169,"Action,Crime,Drama",6.9,110559.0
the divide,tt1535616,movie,2011,112,"Drama,Horror,Sci-Fi",5.7,40310.0
paranormal activity 2,tt1536044,movie,2010,91,"Horror,Mystery",5.7,115179.0
what happened to monday,tt1536537,movie,2017,123,"Action,Crime,Fantasy",6.8,144163.0
the mortal instruments city of bones,tt1538403,movie,2013,130,"Action,Adventure,Fantasy",5.8,143498.0
merry christmas,tt15392282,movie,2024,144,"Drama,Mystery,Thriller",6.9,30513.0
oppenheimer,tt15398776,movie,2023,180,"Biography,Drama,History",8.2,1014423.0
blair witch,tt1540011,movie,2016,89,"Horror,Mystery,Thriller",5.0,53271.0
playing for keeps,tt1540128,movie,2012,105,"Comedy,Romance,Sport",5.7,32260.0
the guard,tt1540133,movie,2011,96,"Comedy,Crime,Thriller",7.3,101227.0
flypaper,tt1541160,movie,2011,87,"Comedy,Crime,Mystery",6.3,34989.0
127 hours,tt1542344,movie,2010,94,"Biography,Drama",7.5,423311.0
dunki,tt15428134,movie,2023,160,"Action,Adventure,Comedy",6.5,85514.0
hanu man,tt15433956,movie,2024,158,"Action,Adventure,Fantasy",7.7,30335.0
kho gaye hum kahan,tt15434074,movie,2023,135,"Comedy,Drama,Romance",7.3,31661.0
premium rush,tt1547234,movie,2012,91,"Action,Thriller",6.5,122278.0
smile,tt15474916,movie,2022,115,"Horror,Mystery,Thriller",6.5,237104.0
another earth,tt1549572,movie,2011,92,"Drama,Romance,Sci-Fi",6.9,104071.0
the last stand,tt1549920,movie,2013,107,"Action,Drama,Thriller",6.3,150240.0
drishyam 2,tt15501640,movie,2022,140,"Crime,Drama,Mystery",8.2,51610.0
elite squad 2 the enemy within,tt1555149,movie,2010,115,"Crime,Drama,Thriller",8.0,91954.0
caddo lake,tt15552142,movie,2024,103,"Drama,Mystery,Sci-Fi",6.8,53888.0
i saw the tv glow,tt15574270,movie,2024,100,"Drama,Horror,Mystery",5.8,44253.0
beautiful creatures,tt1559547,movie,2013,124,"Drama,Fantasy,Romance",6.1,93212.0
an action hero,tt15600222,movie,2022,130,"Action,Comedy,Crime",7.0,33604.0
boy,tt1560139,movie,2010,87,"Comedy,Drama",7.5,31463.0
zombieland double tap,tt1560220,movie,2019,99,"Action,Comedy,Horror",6.6,224307.0
the master,tt1560747,movie,2012,138,Drama,7.1,200246.0
the devil inside,tt1560985,movie,2012,83,Horror,4.2,38435.0
raone,tt1562871,movie,2011,156,"Action,Sci-Fi,Thriller",5.0,51637.0
zindagi na milegi dobara,tt1562872,movie,2011,155,"Comedy,Drama,Musical",8.2,95269.0
one day,tt1563738,movie,2011,107,"Drama,Romance",7.0,179077.0
overboard,tt1563742,movie,2018,112,"Comedy,Romance",6.0,44618.0
just go with it,tt1564367,movie,2011,117,"Comedy,Romance",6.4,288503.0
skyline,tt1564585,movie,2010,92,"Action,Sci-Fi,Thriller",4.5,94279.0
leo,tt15654328,movie,2023,164,"Action,Crime,Drama",7.2,73529.0
no hard feelings,tt15671028,movie,2023,103,"Comedy,Romance",6.3,213781.0
the voices,tt1567437,movie,2014,103,"Comedy,Crime,Horror",6.3,66633.0
get the gringo,tt1567609,movie,2012,96,"Action,Drama,Thriller",6.9,114631.0
knock at the cabin,tt15679400,movie,2023,100,"Horror,Mystery,Thriller",6.1,140790.0
man on a ledge,tt1568338,movie,2012,102,"Action,Crime,Thriller",6.6,162073.0
the girl with the dragon tattoo,tt1568346,movie,2011,158,"Crime,Drama,Mystery",7.8,526746.0
war horse,tt1568911,movie,2011,146,"Adventure,Drama,History",7.2,172696.0
the secret world of arrietty,tt1568921,movie,2010,94,"Adventure,Animation,Drama",7.6,116337.0
crazy stupid love,tt1570728,movie,2011,118,"Comedy,Drama,Romance",7.4,614490.0
a dangerous method,tt1571222,movie,2011,99,"Biography,Drama,Romance",6.4,111879.0
mortal engines,tt1571234,movie,2018,128,"Action,Adventure,Fantasy",6.1,152524.0
the skeleton twins,tt1571249,movie,2014,93,"Comedy,Drama,Romance",6.8,46767.0
texas chainsaw,tt1572315,movie,2013,92,"Crime,Drama,Horror",4.8,60352.0
omg 2,tt15732324,movie,2023,156,"Comedy,Drama",7.5,47374.0
the last kingdom seven kings must die,tt15767808,movie,2023,117,"Action,Drama,History",6.9,43315.0
in the land of saints and sinners,tt15782690,movie,2023,106,"Action,Crime,Drama",6.4,30805.0
the dilemma,tt1578275,movie,2011,111,"Comedy,Drama",5.3,58712.0
elemental,tt15789038,movie,2023,101,"Adventure,Animation,Comedy",7.0,162741.0
nowhere,tt15789472,movie,2023,109,"Drama,Thriller",6.3,48569.0
barbarian,tt15791034,movie,2022,102,"Horror,Mystery,Thriller",7.0,256971.0
house at the end of the street,tt1582507,movie,2012,101,"Drama,Horror,Mystery",5.5,84417.0
larry crowne,tt1583420,movie,2011,98,"Comedy,Drama,Romance",6.1,76963.0
gi joe retaliation,tt1583421,movie,2013,110,"Action,Adventure,Sci-Fi",5.7,192757.0
catfish,tt1584016,movie,2010,87,"Documentary,Drama,Mystery",7.1,44335.0
what to expect when youre expecting,tt1586265,movie,2012,110,"Comedy,Drama,Romance",5.7,78015.0
machine gun preacher,tt1586752,movie,2011,129,"Action,Biography,Crime",6.7,71092.0
maleficent,tt1587310,movie,2014,97,"Adventure,Drama,Family",6.9,423094.0
exit through the gift shop,tt1587707,movie,2010,87,"Comedy,Crime,Documentary",7.9,70791.0
i saw the devil,tt1588170,movie,2010,144,"Action,Thriller",7.8,164394.0
warm bodies,tt1588173,movie,2013,98,"Action,Comedy,Horror",6.8,254673.0
jeff who lives at home,tt1588334,movie,2011,83,"Comedy,Drama",6.4,66456.0
sleeping beauty,tt1588398,movie,2011,101,"Drama,Mystery,Romance",5.3,36360.0
confessions,tt1590089,movie,2010,106,"Drama,Thriller",7.7,44941.0
the commuter,tt1590193,movie,2018,104,"Action,Mystery,Thriller",6.3,133548.0
insidious,tt1591095,movie,2010,103,"Horror,Mystery,Thriller",6.8,364968.0
act of valor,tt1591479,movie,2012,110,"Action,Adventure,Thriller",6.4,73903.0
take this waltz,tt1592281,movie,2011,116,"Comedy,Drama",6.5,31293.0
lockout,tt1592525,movie,2012,95,"Action,Sci-Fi,Thriller",6.0,103294.0
lol,tt1592873,movie,2012,97,"Comedy,Drama,Romance",4.4,59850.0
the innkeepers,tt1594562,movie,2011,101,"Drama,Horror,Mystery",5.5,39401.0
to the wonder,tt1595656,movie,2012,112,"Drama,Romance",5.8,30877.0
fast five,tt1596343,movie,2011,130,"Action,Crime,Thriller",7.3,431881.0
pawn sacrifice,tt1596345,movie,2014,115,"Biography,Drama,History",7.0,53984.0
soul surfer,tt1596346,movie,2011,112,"Biography,Drama,Family",7.0,55557.0
this means war,tt1596350,movie,2012,103,"Action,Comedy,Romance",6.3,200367.0
the big short,tt1596363,movie,2015,130,"Biography,Comedy,Drama",7.8,536524.0
the woman in black,tt1596365,movie,2012,95,"Drama,Fantasy,Horror",6.4,199273.0
the archies,tt15979666,movie,2023,141,"Comedy,Drama,Musical",4.2,53525.0
z for zachariah,tt1598642,movie,2015,98,"Drama,Romance,Sci-Fi",6.0,34452.0
contagion,tt1598778,movie,2011,106,"Drama,Thriller",6.8,329863.0
new years eve,tt1598822,movie,2011,118,"Comedy,Romance",5.6,92752.0
one for the money,tt1598828,movie,2012,91,"Action,Comedy,Crime",5.3,45365.0
safe house,tt1599348,movie,2012,115,"Action,Thriller",6.7,249147.0
abduction,tt1600195,movie,2011,106,"Action,Drama,Mystery",5.1,85902.0
the drop,tt1600196,movie,2014,106,"Crime,Drama,Mystery",7.0,169600.0
heartbeats,tt1600524,movie,2010,101,"Comedy,Drama,Romance",7.0,31090.0
the grey,tt1601913,movie,2011,117,"Action,Adventure,Drama",6.7,273924.0
only god forgives,tt1602613,movie,2013,90,"Action,Crime,Drama",5.7,122605.0
amour,tt1602620,movie,2012,127,Drama,7.9,110316.0
american reunion,tt1605630,movie,2012,113,Comedy,6.7,233378.0
frank,tt1605717,movie,2014,95,"Comedy,Drama,Music",6.9,84519.0
midnight in paris,tt1605783,movie,2011,94,"Comedy,Fantasy,Romance",7.6,470111.0
a good day to die hard,tt1606378,movie,2013,98,"Action,Thriller",5.2,222799.0
the vow,tt1606389,movie,2012,104,"Drama,Romance",6.8,213366.0
win win,tt1606392,movie,2011,106,"Comedy,Drama,Sport",7.1,56251.0
zoolander 2,tt1608290,movie,2016,101,"Action,Adventure,Comedy",4.7,81359.0
abraham lincoln vampire hunter,tt1611224,movie,2012,105,"Action,Fantasy,Horror",5.9,167988.0
rubber,tt1612774,movie,2010,82,"Comedy,Fantasy,Horror",5.7,42780.0
kontiki,tt1613750,movie,2012,118,"Adventure,Biography,Drama",7.1,54366.0
headhunters,tt1614989,movie,2011,100,"Action,Crime,Thriller",7.5,111220.0
savages,tt1615065,movie,2012,131,"Crime,Drama,Thriller",6.4,138477.0
margin call,tt1615147,movie,2011,107,"Drama,Thriller",7.1,161058.0
the foreigner,tt1615160,movie,2017,113,"Action,Crime,Thriller",7.0,131990.0
alvin and the chipmunks chipwrecked,tt1615918,movie,2011,87,"Adventure,Animation,Comedy",4.4,44382.0
j edgar,tt1616195,movie,2011,137,"Biography,Drama,Romance",6.5,138000.0
jupiter ascending,tt1617661,movie,2015,127,"Action,Adventure,Animation",5.3,201197.0
murder mystery,tt1618434,movie,2019,97,"Crime,Mystery,Romance",6.1,188897.0
the last witch hunter,tt1618442,movie,2015,106,"Action,Adventure,Fantasy",5.9,116212.0
jackie,tt1619029,movie,2016,100,"Biography,Drama",6.6,86924.0
a wrinkle in time,tt1620680,movie,2018,109,"Adventure,Drama,Family",4.3,49784.0
dabangg,tt1620719,movie,2010,126,"Action,Comedy,Crime",6.3,37294.0
paan singh tomar,tt1620933,movie,2012,135,"Action,Biography,Crime",8.2,39962.0
bleed for this,tt1620935,movie,2016,117,"Biography,Drama,Sport",6.8,33429.0
the addams family,tt1620981,movie,2019,86,"Animation,Comedy,Family",5.9,49330.0
think like a man,tt1621045,movie,2012,122,"Comedy,Romance",6.5,52679.0
30 minutes or less,tt1622547,movie,2011,83,"Action,Comedy,Crime",6.0,110439.0
final destination 5,tt1622979,movie,2011,92,"Horror,Thriller",5.9,150404.0
oz the great and powerful,tt1623205,movie,2013,130,"Adventure,Family,Fantasy",6.3,221080.0
paranorman,tt1623288,movie,2012,92,"Adventure,Animation,Comedy",7.0,117189.0
young adult,tt1625346,movie,2011,94,"Comedy,Drama",6.3,89943.0
hector and the search for happiness,tt1626146,movie,2014,114,"Adventure,Comedy,Drama",6.9,52645.0
society of the snow,tt16277242,movie,2023,144,"Adventure,Biography,Drama",7.8,172621.0
independence day resurgence,tt1628841,movie,2016,120,"Action,Adventure,Sci-Fi",5.2,198996.0
chasing mavericks,tt1629757,movie,2012,116,"Biography,Drama,Sport",7.1,36085.0
avatar the way of water,tt1630029,movie,2022,192,"Action,Adventure,Animation",7.5,606071.0
when evil lurks,tt16300962,movie,2023,99,Horror,6.9,60408.0
fair play,tt16304446,movie,2023,113,"Drama,Thriller",6.4,46426.0
edge of tomorrow,tt1631867,movie,2014,113,"Action,Adventure,Sci-Fi",7.9,800863.0
friends with benefits,tt1632708,movie,2011,109,"Comedy,Romance",6.5,418811.0
bloodshot,tt1634106,movie,2020,109,"Action,Adventure,Sci-Fi",5.7,90849.0
johnny english reborn,tt1634122,movie,2011,101,"Action,Adventure,Comedy",6.3,148978.0
venom the last dance,tt16366836,movie,2024,110,"Action,Fantasy,Horror",6.0,152725.0
project x,tt1636826,movie,2012,88,"Comedy,Thriller",6.7,256409.0
in time,tt1637688,movie,2011,109,"Action,Sci-Fi,Thriller",6.7,481763.0
our idiot brother,tt1637706,movie,2011,90,"Comedy,Drama",6.4,92444.0
ted,tt1637725,movie,2012,106,Comedy,6.9,707219.0
love rosie,tt1638002,movie,2014,102,"Comedy,Romance",7.1,167966.0
the man from uncle,tt1638355,movie,2015,116,"Action,Adventure,Comedy",7.2,355628.0
udaan,tt1639426,movie,2010,134,Drama,8.1,49750.0
hobo with a shotgun,tt1640459,movie,2011,86,"Action,Adventure,Comedy",6.1,50445.0
the legend is born ip man,tt1641638,movie,2010,100,"Action,Biography,Drama",7.0,33226.0
air,tt16419074,movie,2023,111,"Drama,Sport",7.4,193940.0
challengers,tt16426418,movie,2024,131,"Comedy,Drama,Romance",7.0,176314.0
suzume,tt16428256,movie,2022,122,"Adventure,Animation,Drama",7.6,61761.0
the family plan,tt16431870,movie,2023,118,"Action,Comedy",6.3,63387.0
the art of getting by,tt1645080,movie,2011,83,"Comedy,Drama,Family",6.5,62230.0
inside job,tt1645089,movie,2010,109,"Crime,Documentary",8.2,82786.0
erased,tt1645155,movie,2012,100,"Action,Thriller",6.0,34308.0
the dictator,tt1645170,movie,2012,83,Comedy,6.5,365573.0
how to train your dragon 2,tt1646971,movie,2014,102,"Action,Adventure,Animation",7.8,399797.0
the double,tt1646980,movie,2011,98,"Action,Adventure,Crime",5.9,32585.0
wrath of the titans,tt1646987,movie,2012,99,"Action,Adventure,Fantasy",5.7,202965.0
million dollar arm,tt1647668,movie,2014,124,"Biography,Drama,Family",7.0,49297.0
here comes the boom,tt1648179,movie,2012,105,"Action,Comedy,Sport",6.4,99113.0
the dark tower,tt1648190,movie,2017,95,"Action,Adventure,Drama",5.6,155210.0
three steps above heaven,tt1648216,movie,2010,118,"Action,Drama,Romance",6.7,31025.0
demon slayer kimetsu no yaiba tsuzumi mansion arc,tt16492678,movie,2021,87,"Action,Animation,Fantasy",8.4,35890.0
the gray man,tt1649418,movie,2022,122,"Action,Mystery,Thriller",6.5,270633.0
the impossible,tt1649419,movie,2012,114,"Drama,History,Thriller",7.5,262237.0
rec 3 genesis,tt1649444,movie,2012,80,"Action,Adventure,Fantasy",5.0,41106.0
diary of a wimpy kid rodrick rules,tt1650043,movie,2011,99,"Comedy,Family",6.6,42275.0
super 8,tt1650062,movie,2011,112,"Action,Sci-Fi,Thriller",7.0,380065.0
kickass 2,tt1650554,movie,2013,103,"Action,Comedy,Crime",6.5,299598.0
goodbye christopher robin,tt1653665,movie,2017,107,"Biography,Drama,Family",7.1,31606.0
pushpa the rule part 2,tt16539454,movie,2024,201,"Action,Crime,Drama",6.1,66261.0
blonde,tt1655389,movie,2022,167,"Drama,History",5.4,78131.0
my week with marilyn,tt1655420,movie,2011,99,"Biography,Drama",6.9,91407.0
the age of adaline,tt1655441,movie,2015,112,"Drama,Fantasy,Romance",7.2,227492.0
the artist,tt1655442,movie,2011,100,"Comedy,Drama,Romance",7.8,255058.0
wanderlust,tt1655460,movie,2012,98,"Comedy,Romance",5.6,82792.0
stolen,tt1656186,movie,2012,96,"Action,Crime,Thriller",5.5,47598.0
safe,tt1656190,movie,2012,94,"Action,Crime,Thriller",6.5,124408.0
colombiana,tt1657507,movie,2011,108,"Action,Crime,Drama",6.4,114156.0
the tall man,tt1658837,movie,2012,106,"Crime,Drama,Horror",5.9,44879.0
the perks of being a wallflower,tt1659337,movie,2012,103,Drama,7.9,592611.0
ricky stanicky,tt1660648,movie,2024,113,Comedy,6.2,61370.0
cinderella,tt1661199,movie,2015,105,"Adventure,Drama,Family",6.9,204486.0
grudge match,tt1661382,movie,2013,113,"Comedy,Drama,Sport",6.4,64883.0
the revenant,tt1663202,movie,2015,156,"Action,Drama,Western",8.0,945102.0
pacific rim,tt1663662,movie,2013,131,"Action,Adventure,Sci-Fi",6.9,557334.0
vampires suck,tt1666186,movie,2010,82,"Comedy,Horror",3.5,54737.0
the duff,tt1666801,movie,2015,101,"Comedy,Romance",6.4,106796.0
deadfall,tt1667310,movie,2012,95,"Action,Adventure,Crime",6.2,42332.0
mirror mirror,tt1667353,movie,2012,106,"Adventure,Comedy,Drama",5.6,94946.0
ice age continental drift,tt1667889,movie,2012,88,"Adventure,Animation,Comedy",6.5,242486.0
hunting season,tt1668191,movie,2010,140,"Crime,Drama,Mystery",7.4,39289.0
now you see me,tt1670345,movie,2013,115,"Crime,Mystery,Thriller",7.2,767352.0
the twilight saga breaking dawn part 2,tt1673434,movie,2012,115,"Adventure,Drama,Fantasy",5.6,281095.0
entourage,tt1674771,movie,2015,104,"Comedy,Drama",6.5,85578.0
trespass,tt1674784,movie,2011,91,"Crime,Drama,Mystery",5.3,47447.0
take shelter,tt1675192,movie,2011,120,"Drama,Thriller",7.3,115263.0
the intouchables,tt1675434,movie,2011,112,"Comedy,Drama",8.5,1021623.0
ready player one,tt1677720,movie,2018,140,"Action,Adventure,Sci-Fi",7.4,539016.0
trolls,tt1679335,movie,2016,92,"Adventure,Animation,Comedy",6.4,100070.0
stoker,tt1682180,movie,2013,99,"Drama,Mystery,Thriller",6.7,120140.0
detachment,tt1683526,movie,2011,98,Drama,7.7,111064.0
welcome to the punch,tt1684233,movie,2013,99,"Action,Crime,Thriller",6.1,35611.0
the fall guy,tt1684562,movie,2024,126,"Action,Comedy,Drama",6.8,256353.0
vampire academy,tt1686821,movie,2014,104,"Action,Comedy,Drama",5.4,58517.0
the awakening,tt1687901,movie,2011,102,"Drama,Horror,Mystery",6.5,71859.0
despicable me 2,tt1690953,movie,2013,98,"Adventure,Animation,Comedy",7.3,457608.0
before i fall,tt1691916,movie,2017,98,"Drama,Fantasy,Mystery",6.4,60353.0
planes,tt1691917,movie,2013,91,"Adventure,Animation,Comedy",5.7,52356.0
carnage,tt1692486,movie,2011,80,"Comedy,Drama",7.1,138162.0
the guilt trip,tt1694020,movie,2012,95,"Comedy,Drama",5.8,41596.0
haunted mansion,tt1695843,movie,2023,123,"Comedy,Drama,Family",6.0,49939.0
alexander and the terrible horrible no good very bad day,tt1698641,movie,2014,81,"Comedy,Drama,Family",6.2,48845.0
sausage party,tt1700841,movie,2016,89,"Adventure,Animation,Comedy",6.1,226074.0
anatomy of a fall,tt17009710,movie,2023,151,"Crime,Drama,Mystery",7.6,207783.0
safe haven,tt1702439,movie,2013,115,"Drama,Romance,Thriller",6.7,120849.0
justin bieber never say never,tt1702443,movie,2011,105,"Documentary,Music",1.7,76579.0
the equalizer 3,tt17024450,movie,2023,109,"Action,Crime,Thriller",6.8,159936.0
the hunter,tt1703148,movie,2011,100,"Adventure,Drama,Thriller",6.7,42649.0
grave encounters,tt1703199,movie,2011,92,"Fantasy,Horror,Mystery",6.1,70727.0
navalny,tt17041964,movie,2022,99,"Biography,Documentary",7.8,48187.0
bernie,tt1704573,movie,2011,104,"Biography,Comedy,Crime",6.8,67051.0
chronicle,tt1706593,movie,2012,84,"Adventure,Comedy,Crime",7.0,276799.0
snowpiercer,tt1706620,movie,2013,126,"Action,Sci-Fi,Thriller",7.1,419071.0
les misérables,tt1707386,movie,2012,158,"Drama,Musical,Romance",7.5,361309.0
weird the al yankovic story,tt17076046,movie,2022,108,"Action,Biography,Comedy",6.8,48364.0
the last days on mars,tt1709143,movie,2013,98,"Adventure,Horror,Sci-Fi",5.5,40657.0
21 over,tt1711425,movie,2013,93,Comedy,5.8,79722.0
office christmas party,tt1711525,movie,2016,105,Comedy,5.9,94157.0
alex cross,tt1712170,movie,2012,101,"Action,Crime,Mystery",5.2,36769.0
triple 9,tt1712261,movie,2016,115,"Action,Crime,Drama",6.3,81439.0
the bay,tt1713476,movie,2012,85,"Horror,Sci-Fi,Thriller",5.7,32672.0
piranha 3dd,tt1714203,movie,2012,83,"Comedy,Horror,Sci-Fi",3.8,47795.0
the spectacular now,tt1714206,movie,2013,95,"Drama,Romance",7.0,168141.0
in the land of blood and honey,tt1714209,movie,2011,127,"Drama,Romance,War",4.7,34938.0
weekend,tt1714210,movie,2011,97,"Drama,Romance",7.6,34486.0
only lovers left alive,tt1714915,movie,2013,123,"Comedy,Drama,Fantasy",7.2,115266.0
wallace gromit vengeance most fowl,tt17163970,movie,2024,82,"Adventure,Animation,Comedy",7.5,41118.0
the inbetweeners,tt1716772,movie,2011,97,Comedy,6.7,90729.0
people like us,tt1716777,movie,2012,114,"Comedy,Drama",7.0,45007.0
friends with kids,tt1720616,movie,2011,107,"Comedy,Drama,Romance",6.1,44057.0
were the millers,tt1723121,movie,2013,110,"Comedy,Crime",7.0,522184.0
shame,tt1723811,movie,2011,101,Drama,7.2,216847.0
before i go to sleep,tt1726592,movie,2014,92,"Drama,Mystery,Thriller",6.3,89680.0
killer joe,tt1726669,movie,2011,102,"Crime,Drama,Thriller",6.7,87739.0
the way way back,tt1727388,movie,2013,103,"Comedy,Drama",7.4,163620.0
absolutely anything,tt1727770,movie,2015,85,"Comedy,Sci-Fi",6.0,54204.0
scouts guide to the zombie apocalypse,tt1727776,movie,2015,93,"Action,Comedy,Horror",6.3,60636.0
bohemian rhapsody,tt1727824,movie,2018,134,"Biography,Drama,Music",7.9,641927.0
civil war,tt17279496,movie,2024,109,"Action,Thriller,War",7.0,265709.0
bodyguard,tt1729637,movie,2011,130,"Action,Comedy,Drama",4.8,30599.0
the zookeepers wife,tt1730768,movie,2017,127,"Biography,Drama,History",7.0,49137.0
enders game,tt1731141,movie,2013,114,"Action,Adventure,Sci-Fi",6.6,264349.0
the lords of salem,tt1731697,movie,2012,101,"Horror,Thriller",5.2,34202.0
unlocked,tt1734493,movie,2017,98,"Action,Thriller",6.3,41006.0
saltburn,tt17351924,movie,2023,131,"Drama,Thriller",7.0,263314.0
snow white and the huntsman,tt1735898,movie,2012,127,"Action,Adventure,Drama",6.1,314297.0
oslo august 31st,tt1736633,movie,2011,95,Drama,7.6,33703.0
troll hunter,tt1740707,movie,2010,103,"Drama,Fantasy,Thriller",6.9,83115.0
secret in their eyes,tt1741273,movie,2015,111,"Crime,Drama,Mystery",6.3,54753.0
jersey boys,tt1742044,movie,2014,134,"Biography,Drama,Music",6.8,38377.0
sabotage,tt1742334,movie,2014,109,"Action,Crime,Drama",5.7,68894.0
top gun maverick,tt1745960,movie,2022,130,"Action,Drama",8.2,851315.0
moonrise kingdom,tt1748122,movie,2012,94,"Adventure,Comedy,Drama",7.7,382094.0
red lights,tt1748179,movie,2012,114,"Drama,Fantasy,Mystery",6.2,70775.0
the collection,tt1748227,movie,2012,82,"Horror,Thriller",6.1,57586.0
horizon an american saga chapter 1,tt17505010,movie,2024,181,"Drama,Western",6.6,44825.0
the substance,tt17526714,movie,2024,141,"Drama,Horror,Sci-Fi",7.2,412273.0
bottoms,tt17527468,movie,2023,91,Comedy,6.7,57388.0
a dogs purpose,tt1753383,movie,2017,100,"Adventure,Comedy,Drama",7.3,86044.0
the little prince,tt1754656,movie,2015,108,"Adventure,Animation,Comedy",7.6,71155.0
the prototype,tt1754700,movie,2022,97,"Action,Sci-Fi,Thriller",2.2,47567.0
like crazy,tt1758692,movie,2011,86,"Drama,Romance",6.6,64553.0
the to do list,tt1758795,movie,2013,104,"Comedy,Romance",5.8,44110.0
the snowman,tt1758810,movie,2017,119,"Crime,Drama,Horror",5.2,76882.0
this is 40,tt1758830,movie,2012,134,"Comedy,Drama,Romance",6.2,159454.0
the first time,tt1763303,movie,2012,95,"Comedy,Drama,Romance",6.8,75569.0
arbitrage,tt1764183,movie,2012,107,"Drama,Thriller",6.6,57615.0
killing them softly,tt1764234,movie,2012,97,"Crime,Drama,Thriller",6.2,159960.0
the expendables 2,tt1764651,movie,2012,103,"Action,Adventure,Thriller",6.6,333936.0
scream vi,tt17663992,movie,2023,122,"Horror,Mystery,Thriller",6.4,150436.0
odd thomas,tt1767354,movie,2013,97,"Comedy,Fantasy,Horror",6.8,61804.0
shes funny that way,tt1767372,movie,2014,93,"Comedy,Drama",6.2,30586.0
apollo 18,tt1772240,movie,2011,86,"Horror,Mystery,Sci-Fi",5.2,60052.0
the hidden face,tt1772250,movie,2011,97,"Drama,Mystery,Thriller",7.3,49309.0
stonehearst asylum,tt1772264,movie,2014,112,"Drama,Horror,Mystery",6.8,64616.0
danny collins,tt1772288,movie,2015,106,"Comedy,Drama,Music",7.0,34859.0
wreckit ralph,tt1772341,movie,2012,101,"Adventure,Animation,Comedy",7.7,496133.0
jiro dreams of sushi,tt1772925,movie,2011,81,Documentary,7.8,39681.0
paranormal activity 3,tt1778304,movie,2011,83,"Horror,Mystery,Thriller",5.8,104227.0
anna karenina,tt1781769,movie,2012,129,"Drama,Romance",6.6,112038.0
no escape,tt1781922,movie,2015,103,"Action,Thriller",6.8,98401.0
conquest 1453,tt1783232,movie,2012,162,"Action,Drama,History",6.4,59886.0
john dies at the end,tt1783732,movie,2012,99,"Comedy,Fantasy,Horror",6.3,41719.0
talaash the answer lies within,tt1787988,movie,2012,140,"Crime,Drama,Mystery",7.3,48466.0
kill list,tt1788391,movie,2011,95,"Crime,Drama,Horror",6.3,49633.0
pirates of the caribbean dead men tell no tales,tt1790809,movie,2017,129,"Action,Adventure,Fantasy",6.5,382969.0
the maze runner,tt1790864,movie,2014,113,"Action,Mystery,Sci-Fi",6.8,559352.0
zero dark thirty,tt1790885,movie,2012,157,"Drama,History,Thriller",7.4,340328.0
the campaign,tt1790886,movie,2012,85,Comedy,6.1,141327.0
inherent vice,tt1791528,movie,2014,148,"Comedy,Crime,Drama",6.6,119149.0
while were young,tt1791682,movie,2014,97,"Comedy,Drama,Mystery",6.3,55830.0
from up on poppy hill,tt1798188,movie,2011,91,"Animation,Comedy,Drama",7.4,58961.0
bad santa 2,tt1798603,movie,2016,92,"Comedy,Crime,Drama",5.6,31686.0
southpaw,tt1798684,movie,2015,124,"Action,Drama,Sport",7.3,277209.0
her,tt1798709,movie,2013,126,"Drama,Romance,Sci-Fi",8.0,724246.0
american hustle,tt1800241,movie,2013,138,"Crime,Drama",7.2,517751.0
that awkward moment,tt1800246,movie,2014,94,"Comedy,Romance",6.1,110304.0
gold,tt1800302,movie,2016,120,"Biography,Crime,Drama",6.7,74020.0
step up revolution,tt1800741,movie,2012,99,"Drama,Music,Romance",6.4,59872.0
bade miyan chote miyan,tt18072316,movie,2024,163,"Action,Adventure,Sci-Fi",3.7,40706.0
unbroken,tt1809398,movie,2014,137,"Biography,Drama,Sport",7.2,198287.0
admission,tt1814621,movie,2013,107,"Comedy,Drama,Romance",5.7,37103.0
after earth,tt1815862,movie,2013,100,"Action,Adventure,Drama",4.8,216256.0
the place beyond the pines,tt1817273,movie,2012,140,"Crime,Drama,Thriller",7.3,307861.0
kahaani,tt1821480,movie,2012,122,"Mystery,Thriller",8.1,69750.0
nebraska,tt1821549,movie,2013,115,Drama,7.7,128330.0
the nut job,tt1821658,movie,2014,85,"Adventure,Animation,Comedy",5.7,32267.0
red 2,tt1821694,movie,2013,116,"Action,Comedy,Crime",6.6,188348.0
to strike,tt1821700,movie,2013,130,"Action,Crime,Drama",7.4,30102.0
annie,tt1823664,movie,2014,118,"Comedy,Drama,Family",5.4,43341.0
chappie,tt1823672,movie,2015,120,"Action,Crime,Drama",6.8,283202.0
the double,tt1825157,movie,2013,93,"Comedy,Drama,Mystery",6.4,55417.0
black panther,tt1825683,movie,2018,134,"Action,Adventure,Sci-Fi",7.3,905188.0
sonic the hedgehog 3,tt18259086,movie,2024,110,"Action,Adventure,Comedy",6.9,78502.0
once upon a time in anatolia,tt1827487,movie,2011,157,"Crime,Drama,Thriller",7.8,53633.0
a separation,tt1832382,movie,2011,123,Drama,8.3,276860.0
the informer,tt1833116,movie,2019,113,"Action,Crime,Drama",6.6,46004.0
dhoom 3,tt1833673,movie,2013,172,"Action,Crime,Thriller",5.4,53234.0
the fifth estate,tt1837703,movie,2013,128,"Biography,Crime,Drama",6.2,44016.0
winters tale,tt1837709,movie,2014,118,"Drama,Fantasy,Mystery",6.1,59007.0
gone,tt1838544,movie,2012,94,"Action,Adventure,Mystery",5.9,48126.0
honest thief,tt1838556,movie,2020,99,"Action,Crime,Drama",6.0,63313.0
old dads,tt18394190,movie,2023,104,Comedy,6.2,47061.0
ruby sparks,tt1839492,movie,2012,104,"Comedy,Drama,Fantasy",7.2,108961.0
rockstar,tt1839596,movie,2011,159,"Drama,Music,Romance",7.8,54790.0
divergent,tt1840309,movie,2014,139,"Action,Adventure,Drama",6.6,516797.0
the words,tt1840417,movie,2012,102,"Drama,Mystery,Romance",7.0,84459.0
tiger 3,tt18411490,movie,2023,155,"Action,Adventure,Thriller",5.6,56348.0
alien romulus,tt18412256,movie,2024,119,"Horror,Sci-Fi,Thriller",7.1,283841.0
captain america the winter soldier,tt1843866,movie,2014,136,"Action,Adventure,Sci-Fi",7.7,967265.0
hunter killer,tt1846589,movie,2018,121,"Action,Thriller",6.6,80403.0
the loft,tt1850397,movie,2014,108,"Mystery,Romance,Thriller",6.3,63552.0
sisters,tt1850457,movie,2015,118,Comedy,6.0,73155.0
django unchained,tt1853728,movie,2012,165,"Drama,Western",8.5,1872309.0
youre next,tt1853739,movie,2011,95,"Drama,Horror,Mystery",6.6,118715.0
percy jackson sea of monsters,tt1854564,movie,2013,106,"Adventure,Family,Fantasy",5.7,133733.0
holy spider,tt18550140,movie,2022,118,"Crime,Drama,Thriller",7.3,31735.0
end of watch,tt1855199,movie,2012,109,"Action,Crime,Drama",7.6,290958.0
resident evil retribution,tt1855325,movie,2012,95,"Action,Horror,Sci-Fi",5.3,158225.0
my old ass,tt18559464,movie,2024,89,"Comedy,Drama,Romance",6.9,46813.0
blade runner 2049,tt1856101,movie,2017,164,"Action,Drama,Mystery",8.0,748440.0
to rome with love,tt1859650,movie,2012,112,"Comedy,Music,Romance",6.3,93168.0
dirty grandpa,tt1860213,movie,2016,102,Comedy,5.9,141429.0
the highwaymen,tt1860242,movie,2019,132,"Biography,Crime,Drama",6.9,113139.0
turbo,tt1860353,movie,2013,96,"Adventure,Animation,Comedy",6.4,124038.0
deepwater horizon,tt1860357,movie,2016,107,"Action,Drama,History",7.1,198405.0
safety not guaranteed,tt1862079,movie,2012,86,"Adventure,Comedy,Drama",6.9,134900.0
song of the sea,tt1865505,movie,2014,93,"Adventure,Animation,Drama",8.0,67818.0
the sessions,tt1866249,movie,2012,95,"Biography,Comedy,Drama",7.2,44974.0
crooked house,tt1869347,movie,2017,115,"Crime,Drama,Mystery",6.3,30431.0
the east,tt1869716,movie,2013,116,"Adventure,Crime,Drama",6.8,53973.0
the amazing spiderman 2,tt1872181,movie,2014,142,"Action,Adventure,Sci-Fi",6.6,586410.0
the judge,tt1872194,movie,2014,141,"Crime,Drama,Mystery",7.4,218570.0
liberal arts,tt1872818,movie,2012,97,"Comedy,Drama,Romance",6.7,41966.0
the batman,tt1877830,movie,2022,176,"Action,Crime,Drama",7.8,920206.0
xmen days of future past,tt1877832,movie,2014,132,"Action,Adventure,Sci-Fi",7.9,785861.0
the edge of seventeen,tt1878870,movie,2016,104,"Comedy,Drama,Romance",7.3,150722.0
operation mincemeat,tt1879016,movie,2021,128,"Drama,War",6.6,43468.0
maggie,tt1881002,movie,2015,95,"Drama,Horror,Sci-Fi",5.6,48772.0
pearl,tt18925334,movie,2022,103,"Drama,Horror,Thriller",7.0,157410.0
redemption,tt1893256,movie,2013,100,"Action,Crime,Drama",6.2,81644.0
how i live now,tt1894476,movie,2013,101,"Action,Adventure,Drama",6.4,33449.0
brimstone,tt1895315,movie,2016,148,"Drama,Thriller,Western",7.0,49030.0
spotlight,tt1895587,movie,2015,129,"Biography,Crime,Drama",8.1,533335.0
fly me to the moon,tt1896747,movie,2024,132,"Comedy,Romance",6.6,58049.0
the raid redemption,tt1899353,movie,2011,101,"Action,Crime,Thriller",7.6,229325.0
parker,tt1904996,movie,2013,118,"Action,Crime,Thriller",6.2,135637.0
devils pass,tt1905040,movie,2013,100,"Horror,Mystery,Thriller",5.7,30407.0
fast furious 6,tt1905041,movie,2013,130,"Action,Thriller",7.0,438699.0
flight,tt1907668,movie,2012,138,"Drama,Thriller",7.3,396055.0
the call,tt1911644,movie,2013,94,"Drama,Thriller",6.7,134224.0
penguins of madagascar,tt1911658,movie,2014,92,"Action,Adventure,Animation",6.6,114774.0
god bless america,tt1912398,movie,2011,105,"Comedy,Crime,Drama",7.1,74291.0
magic mike,tt1915581,movie,2012,110,"Comedy,Drama,Music",6.1,152352.0
bachelorette,tt1920849,movie,2012,87,"Comedy,Romance",5.3,50262.0
pompeii,tt1921064,movie,2014,105,"Action,Adventure,Drama",5.5,122175.0
sinister,tt1922777,movie,2012,110,"Horror,Mystery,Thriller",6.8,314664.0
cry macho,tt1924245,movie,2021,104,Drama,5.7,36406.0
the best offer,tt1924396,movie,2013,131,"Crime,Drama,Mystery",7.8,136612.0
trance,tt1924429,movie,2013,101,"Crime,Drama,Mystery",6.9,120786.0
lets be cops,tt1924435,movie,2014,104,"Action,Comedy,Crime",6.4,144053.0
heaven is for real,tt1929263,movie,2014,99,"Biography,Drama,Family",5.9,30115.0
the big wedding,tt1931435,movie,2013,89,"Comedy,Drama,Romance",5.6,53686.0
seven psychopaths,tt1931533,movie,2012,110,"Comedy,Crime",7.1,286982.0
thanks for sharing,tt1932718,movie,2012,112,"Comedy,Drama,Romance",6.4,30387.0
delhi belly,tt1934231,movie,2011,103,"Action,Comedy,Crime",7.6,34716.0
mud,tt1935179,movie,2012,130,"Adventure,Drama",7.3,199069.0
miss peregrines home for peculiar children,tt1935859,movie,2016,127,"Adventure,Drama,Family",6.7,207614.0
the body,tt1937149,movie,2012,112,"Crime,Drama,Mystery",7.6,78815.0
now is good,tt1937264,movie,2012,103,"Drama,Romance",7.0,35645.0
nymphomaniac vol i,tt1937390,movie,2013,117,Drama,6.9,138353.0
carrie,tt1939659,movie,2013,100,"Drama,Horror,Thriller",5.8,155365.0
nimona,tt19500164,movie,2023,101,"Action,Adventure,Animation",7.5,61530.0
ford v ferrari,tt1950186,movie,2019,152,"Action,Biography,Drama",8.1,566393.0
the immigrant,tt1951181,movie,2013,120,"Drama,Romance",6.6,35110.0
the hangover part iii,tt1951261,movie,2013,100,"Comedy,Crime",5.9,361381.0
the hunger games catching fire,tt1951264,movie,2013,146,"Action,Adventure,Sci-Fi",7.5,770478.0
the hunger games mockingjay part 1,tt1951265,movie,2014,123,"Action,Adventure,Sci-Fi",6.6,543670.0
the hunger games mockingjay part 2,tt1951266,movie,2015,137,"Action,Adventure,Sci-Fi",6.6,411709.0
gangs of wasseypur,tt1954470,movie,2012,321,"Action,Comedy,Crime",8.2,113668.0
sex tape,tt1956620,movie,2014,94,"Comedy,Romance",5.1,122794.0
american mary,tt1959332,movie,2012,103,"Drama,Horror",6.2,30750.0
noah,tt1959490,movie,2014,138,"Action,Adventure,Drama",5.8,276151.0
the hitmans bodyguard,tt1959563,movie,2017,118,"Action,Comedy,Crime",6.9,261842.0
american assassin,tt1961175,movie,2017,111,"Action,Thriller",6.2,100187.0
winniethepooh blood and honey,tt19623240,movie,2023,84,Horror,2.9,36778.0
love lies bleeding,tt19637052,movie,2024,104,"Crime,Drama,Mystery",6.6,63516.0
tomorrowland,tt1964418,movie,2015,130,"Action,Adventure,Family",6.4,199155.0
in the house,tt1964624,movie,2012,105,"Drama,Mystery,Thriller",7.3,35872.0
the imposter,tt1966604,movie,2012,99,"Biography,Crime,Documentary",7.4,52742.0
labor day,tt1967545,movie,2013,111,"Crime,Drama,Romance",6.9,56202.0
automata,tt1971325,movie,2014,109,"Action,Drama,Sci-Fi",6.0,61642.0
compliance,tt1971352,movie,2012,90,"Crime,Drama,Thriller",6.4,40588.0
a most wanted man,tt1972571,movie,2014,122,"Crime,Drama,Thriller",6.7,84555.0
king arthur legend of the sword,tt1972591,movie,2017,126,"Action,Adventure,Drama",6.7,246535.0
the best of me,tt1972779,movie,2014,118,"Drama,Romance",6.7,80966.0
the neon demon,tt1974419,movie,2016,117,"Horror,Thriller",6.1,110604.0
the two faces of january,tt1976000,movie,2014,96,"Crime,Mystery,Romance",6.2,35101.0
victor frankenstein,tt1976009,movie,2015,110,"Drama,Horror,Sci-Fi",6.0,63485.0
aftersun,tt19770238,movie,2022,102,Drama,7.6,126805.0
rurouni kenshin part i origins,tt1979319,movie,2012,134,"Action,Adventure,Drama",7.4,31171.0
rush,tt1979320,movie,2013,123,"Biography,Drama,Sport",8.1,556496.0
toy story 4,tt1979376,movie,2019,100,"Adventure,Animation,Comedy",7.6,312263.0
the good dinosaur,tt1979388,movie,2015,93,"Action,Adventure,Animation",6.7,139093.0
pain gain,tt1980209,movie,2013,129,"Action,Biography,Comedy",6.4,240724.0
begin again,tt1980929,movie,2013,104,"Comedy,Drama,Music",7.4,175945.0
thor the dark world,tt1981115,movie,2013,112,"Action,Adventure,Fantasy",6.7,774124.0
geostorm,tt1981128,movie,2017,111,"Action,Sci-Fi,Thriller",5.4,132166.0
pitch perfect,tt1981677,movie,2012,112,"Comedy,Music,Romance",7.1,349880.0
the angry birds movie,tt1985949,movie,2016,97,"Action,Adventure,Animation",6.3,116495.0
cloudy with a chance of meatballs 2,tt1985966,movie,2013,95,"Adventure,Animation,Comedy",6.3,124956.0
land of bad,tt19864802,movie,2024,113,"Action,Thriller",6.6,57987.0
the upside,tt1987680,movie,2017,126,"Comedy,Drama",7.1,69710.0
robot frank,tt1990314,movie,2012,89,"Comedy,Crime,Drama",7.0,67174.0
chernobyl diaries,tt1991245,movie,2012,86,"Horror,Mystery,Thriller",5.1,70541.0
would you rather,tt1999995,movie,2012,93,"Horror,Thriller",5.7,49643.0
machete kills,tt2002718,movie,2013,107,"Action,Comedy,Crime",5.6,85411.0
neighbors,tt2004420,movie,2014,97,Comedy,6.3,344629.0
war dogs,tt2005151,movie,2016,114,"Biography,Comedy,Crime",7.1,295847.0
the frozen ground,tt2005374,movie,2013,105,"Biography,Crime,Drama",6.4,72496.0
the 33,tt2006295,movie,2015,127,"Biography,Drama,History",6.9,41671.0
the outsider,tt2011311,movie,2018,120,"Crime,Drama,Thriller",6.3,31535.0
knox goes away,tt20115766,movie,2023,114,"Crime,Thriller",7.0,30195.0
the wind rises,tt2013293,movie,2013,126,"Animation,Biography,Drama",7.8,112208.0
guardians of the galaxy,tt2015381,movie,2014,121,"Action,Adventure,Comedy",8.0,1357639.0
ek tha tiger,tt2016894,movie,2012,132,"Action,Adventure,Drama",5.7,42480.0
man of tai chi,tt2016940,movie,2013,105,"Action,Drama",6.0,42302.0
the smurfs 2,tt2017020,movie,2013,105,"Adventure,Animation,Comedy",5.3,50371.0
all is lost,tt2017038,movie,2013,106,"Action,Adventure,Drama",6.9,87541.0
conclave,tt20215234,movie,2024,120,"Drama,Thriller",7.4,255910.0
hit man,tt20215968,movie,2023,115,"Comedy,Crime,Romance",6.8,129434.0
emilia pérez,tt20221436,movie,2024,132,"Crime,Drama,Musical",5.3,112788.0
diary of a wimpy kid dog days,tt2023453,movie,2012,94,"Comedy,Family",6.3,33944.0
wicked little letters,tt20234774,movie,2023,100,"Biography,Comedy,Crime",7.0,44100.0
mama,tt2023587,movie,2013,100,"Fantasy,Horror,Thriller",6.2,199901.0
sightseers,tt2023690,movie,2012,88,"Adventure,Comedy,Crime",6.5,31502.0
identity thief,tt2024432,movie,2013,111,"Comedy,Crime,Drama",5.7,148373.0
nonstop,tt2024469,movie,2014,106,"Action,Mystery,Thriller",6.9,286931.0
the broken circle breakdown,tt2024519,movie,2012,111,"Drama,Music,Romance",7.7,45130.0
12 years a slave,tt2024544,movie,2013,134,"Biography,Drama,History",8.1,784028.0
what is a woman,tt20256528,movie,2022,95,Documentary,8.1,47332.0
the finest hours,tt2025690,movie,2016,117,"Action,Drama,History",6.7,74459.0
laggies,tt2034031,movie,2014,99,"Comedy,Drama,Romance",6.4,47285.0
the great wall,tt2034800,movie,2016,103,"Action,Adventure,Fantasy",5.9,158752.0
flatliners,tt2039338,movie,2017,109,"Drama,Horror,Mystery",5.2,53993.0
the gambler,tt2039393,movie,2014,111,"Crime,Drama,Thriller",6.0,77542.0
inside llewyn davis,tt2042568,movie,2013,104,"Drama,Music",7.4,171559.0
beetlejuice beetlejuice,tt2049403,movie,2024,105,"Comedy,Fantasy,Horror",6.6,172361.0
europa report,tt2051879,movie,2013,90,"Drama,Mystery,Sci-Fi",6.4,79089.0
rust and bone,tt2053425,movie,2012,120,"Drama,Romance",7.4,72891.0
side effects,tt2053463,movie,2013,106,"Crime,Drama,Mystery",7.0,204861.0
the promised land,tt20561198,movie,2023,127,"Action,Biography,Drama",7.7,39963.0
a bigger splash,tt2056771,movie,2015,125,"Drama,Music,Thriller",6.4,36494.0
eye in the sky,tt2057392,movie,2015,102,"Action,Drama,Thriller",7.3,95776.0
the railway man,tt2058107,movie,2013,116,"Biography,Drama,Romance",7.1,44420.0
point break,tt2058673,movie,2015,114,"Action,Adventure,Crime",5.3,69073.0
13 sins,tt2059171,movie,2014,93,"Horror,Thriller",6.3,41938.0
rocketman,tt2066051,movie,2019,121,"Biography,Drama,Music",7.3,208355.0
open grave,tt2071550,movie,2013,102,"Horror,Mystery,Sci-Fi",6.1,32720.0
sleepless,tt2072233,movie,2017,95,"Action,Crime,Thriller",5.6,36432.0
holy motors,tt2076220,movie,2012,115,"Drama,Fantasy",7.0,51175.0
ip man 4 the finale,tt2076298,movie,2019,107,"Action,Biography,Drama",7.0,40593.0
chaos walking,tt2076822,movie,2021,109,"Action,Adventure,Drama",5.7,63269.0
steve jobs,tt2080374,movie,2015,122,"Biography,Drama",7.2,186873.0
barfi,tt2082197,movie,2012,151,"Comedy,Drama,Romance",8.1,93338.0
trouble with the curve,tt2083383,movie,2012,111,"Drama,Romance,Sport",6.8,71923.0
the imitation game,tt2084970,movie,2014,114,"Biography,Drama,Thriller",8.0,874874.0
upstream color,tt2084989,movie,2013,96,"Drama,Mystery,Sci-Fi",6.5,36080.0
sita ramam,tt20850406,movie,2022,163,"Action,Drama,Musical",8.5,83164.0
big game,tt2088003,movie,2014,110,"Action,Adventure,Comedy",5.4,37099.0
captain underpants the first epic movie,tt2091256,movie,2017,89,"Action,Adventure,Animation",6.2,36355.0
promised land,tt2091473,movie,2012,106,Drama,6.6,40926.0
mr right,tt2091935,movie,2015,95,"Action,Comedy,Crime",6.3,65477.0
hours,tt2094018,movie,2013,97,"Drama,Thriller",6.3,31856.0
assassins creed,tt2094766,movie,2016,115,"Action,Adventure,Sci-Fi",5.6,218626.0
dumb and dumber to,tt2096672,movie,2014,109,Comedy,5.6,153200.0
inside out,tt2096673,movie,2015,95,"Adventure,Animation,Comedy",8.1,908834.0
mcfarland usa,tt2097298,movie,2015,129,"Biography,Drama,Sport",7.4,46232.0
hit and run,tt2097307,movie,2012,100,"Action,Adventure,Comedy",6.1,39017.0
dead man down,tt2101341,movie,2013,118,"Action,Adventure,Crime",6.4,71800.0
knight of cups,tt2101383,movie,2015,118,"Drama,Fantasy,Romance",5.6,31708.0
spring breakers,tt2101441,movie,2012,94,"Crime,Drama,Thriller",5.3,154191.0
the physician,tt2101473,movie,2013,155,"Adventure,Drama,History",7.2,44834.0
in your eyes,tt2101569,movie,2014,106,"Fantasy,Romance",6.9,32917.0
fallen leaves,tt21027780,movie,2023,81,"Comedy,Drama,Romance",7.3,36271.0
maniac,tt2103217,movie,2012,89,"Crime,Horror,Thriller",6.1,42637.0
tammy,tt2103254,movie,2014,97,"Comedy,Romance",4.9,56829.0
adore,tt2103267,movie,2013,112,"Drama,Romance",6.2,38662.0
dawn of the planet of the apes,tt2103281,movie,2014,130,"Action,Adventure,Drama",7.6,510028.0
vhs,tt2105044,movie,2012,116,"Fantasy,Horror,Mystery",5.8,75256.0
a family affair,tt21051906,movie,2024,111,"Comedy,Drama,Romance",5.4,39693.0
into the storm,tt2106361,movie,2014,89,"Action,Adventure,Drama",5.8,74086.0
the iron claw,tt21064584,movie,2023,132,"Biography,Drama,Sport",7.5,117828.0
the hunt,tt2106476,movie,2012,115,Drama,8.3,406882.0
spectral,tt2106651,movie,2016,107,"Action,Adventure,Sci-Fi",6.3,70377.0
paranormal activity 4,tt2109184,movie,2012,88,"Horror,Mystery",4.7,73750.0
transformers age of extinction,tt2109248,movie,2014,165,"Action,Adventure,Comedy",5.6,348554.0
a different man,tt21097228,movie,2024,112,"Drama,Thriller",6.9,37367.0
chennai express,tt2112124,movie,2013,141,"Action,Comedy,Romance",6.3,71898.0
the 100 yearold man who climbed out the window and disappeared,tt2113681,movie,2013,114,"Adventure,Comedy",7.0,44173.0
the final girls,tt2118624,movie,2015,91,"Comedy,Fantasy,Horror",6.5,57011.0
lisa frankenstein,tt21188080,movie,2024,101,"Comedy,Horror,Romance",6.1,31914.0
all of us strangers,tt21192142,movie,2023,105,"Drama,Romance",7.6,78298.0
hacksaw ridge,tt2119532,movie,2016,139,"Biography,Drama,History",8.1,675782.0
the house with a clock in its walls,tt2119543,movie,2018,105,"Comedy,Family,Fantasy",6.1,59511.0
pixels,tt2120120,movie,2015,105,"Action,Adventure,Comedy",5.6,178376.0
force majeure,tt2121382,movie,2014,120,"Comedy,Drama",7.2,72553.0
ghostbusters frozen empire,tt21235248,movie,2024,115,"Adventure,Comedy,Fantasy",6.1,104932.0
beasts of the southern wild,tt2125435,movie,2012,93,"Adventure,Drama,Fantasy",7.2,86707.0
searching for sugar man,tt2125608,movie,2012,86,"Biography,Documentary,Music",8.2,76124.0
back to black,tt21261712,movie,2024,122,"Biography,Drama,Music",6.3,30602.0
san andreas,tt2126355,movie,2015,114,"Action,Adventure,Thriller",6.1,274736.0
second act,tt2126357,movie,2018,103,"Comedy,Drama,Romance",5.8,32252.0
the bling ring,tt2132285,movie,2013,90,"Biography,Crime,Drama",5.6,95624.0
carryon,tt21382296,movie,2024,119,"Action,Crime,Thriller",6.5,191657.0
crew,tt21383812,movie,2024,118,"Comedy,Drama",5.8,39457.0
playing it cool,tt2139555,movie,2014,94,"Comedy,Romance",5.9,31882.0
long shot,tt2139881,movie,2019,125,"Comedy,Romance",6.8,128202.0
wolf children,tt2140203,movie,2012,117,"Animation,Drama,Family",8.1,54470.0
saving mr banks,tt2140373,movie,2013,125,"Biography,Comedy,Drama",7.5,175338.0
selfless,tt2140379,movie,2015,117,"Action,Mystery,Sci-Fi",6.5,107778.0
tanu weds manu returns,tt2140465,movie,2015,128,"Comedy,Drama,Romance",7.6,30637.0
the accountant,tt2140479,movie,2016,128,"Action,Crime,Drama",7.3,393890.0
the current war,tt2140507,movie,2017,102,"Biography,Drama,History",6.5,33179.0
two night stand,tt2140619,movie,2014,86,"Comedy,Romance",6.3,76368.0
the bikeriders,tt21454134,movie,2023,116,"Crime,Drama",6.6,76765.0
lost ladies,tt21626284,movie,2023,122,"Comedy,Drama",8.3,59149.0
tracks,tt2167266,movie,2013,112,"Adventure,Biography,Drama",7.1,33004.0
kung fu panda 4,tt21692408,movie,2024,94,"Action,Adventure,Animation",6.3,80451.0
bad words,tt2170299,movie,2013,89,"Comedy,Drama",6.7,58011.0
horrible bosses 2,tt2170439,movie,2014,108,"Comedy,Crime",6.3,193038.0
st vincent,tt2170593,movie,2014,102,"Comedy,Drama",7.2,113149.0
maps to the stars,tt2172584,movie,2014,111,"Comedy,Drama,Mystery",6.2,44620.0
3 days to kill,tt2172934,movie,2014,117,"Action,Drama,Thriller",6.2,101220.0
jab tak hai jaan,tt2176013,movie,2012,176,"Drama,Romance",6.7,62542.0
the monuments men,tt2177771,movie,2014,118,"Biography,Comedy,Drama",6.1,148259.0
yeh jawaani hai deewani,tt2178470,movie,2013,160,"Comedy,Drama,Musical",7.3,57565.0
the kings of summer,tt2179116,movie,2013,95,"Adventure,Comedy,Drama",7.1,87348.0
american sniper,tt2179136,movie,2014,133,"Action,Biography,Drama",7.3,567156.0
deep water,tt2180339,movie,2022,115,"Crime,Drama,Mystery",5.5,70877.0
into the woods,tt2180411,movie,2014,125,"Adventure,Comedy,Drama",5.9,153428.0
saw x,tt21807222,movie,2023,118,"Horror,Mystery,Thriller",6.6,96862.0
english vinglish,tt2181931,movie,2012,134,"Comedy,Drama,Family",7.8,44822.0
a real pain,tt21823606,movie,2024,90,"Comedy,Drama",7.0,139541.0
love at first sight,tt2183014,movie,2023,91,"Drama,Romance",6.8,42396.0
upgraded,tt21830902,movie,2024,104,"Comedy,Romance",6.1,33023.0
the purge,tt2184339,movie,2013,85,"Horror,Sci-Fi,Thriller",5.8,259515.0
blackberry,tt21867434,movie,2023,120,"Biography,Comedy,Drama",7.3,68497.0
thuppakki,tt2187153,movie,2012,165,"Action,Crime,Musical",8.1,41125.0
culpa mía,tt21909764,movie,2023,117,"Drama,Romance",6.1,43429.0
grown ups 2,tt2191701,movie,2013,101,Comedy,5.4,189815.0
the counselor,tt2193215,movie,2013,117,"Action,Adventure,Crime",5.4,109688.0
dream scenario,tt21942866,movie,2023,102,"Comedy,Drama,Fantasy",6.8,92846.0
about time,tt2194499,movie,2013,123,"Comedy,Drama,Fantasy",7.8,431359.0
run all night,tt2199571,movie,2015,114,"Action,Crime,Thriller",6.6,119677.0
vishwaroopam,tt2199711,movie,2013,148,"Action,Thriller",7.9,43259.0
inside out 2,tt22022452,movie,2024,96,"Adventure,Animation,Comedy",7.5,247034.0
aashiqui 2,tt2203308,movie,2013,132,"Drama,Music,Musical",7.1,38013.0
the other woman,tt2203939,movie,2014,109,"Comedy,Romance",6.0,160223.0
priscilla,tt22041854,movie,2023,113,"Biography,Drama,Music",6.4,54044.0
maxxxine,tt22048412,movie,2024,103,"Crime,Horror",6.2,85203.0
stuck in love,tt2205697,movie,2012,97,"Comedy,Drama,Romance",7.2,95377.0
before midnight,tt2209418,movie,2013,109,"Drama,Romance",7.9,185029.0
transcendence,tt2209764,movie,2014,119,"Drama,Sci-Fi,Thriller",6.2,246501.0
kai po che,tt2213054,movie,2013,120,"Drama,Sport",7.8,39904.0
love and monsters,tt2222042,movie,2020,109,"Action,Adventure,Comedy",6.9,158809.0
draft day,tt2223990,movie,2014,110,"Drama,Sport",6.8,72875.0
home,tt2224026,movie,2015,94,"Adventure,Animation,Comedy",6.5,120728.0
insidious chapter 2,tt2226417,movie,2013,106,"Horror,Mystery,Thriller",6.6,201803.0
the mountain between us,tt2226597,movie,2017,112,"Drama,Thriller",6.4,88162.0
don jon,tt2229499,movie,2013,90,"Comedy,Drama,Romance",6.5,254623.0
chor nikal ke bhaga,tt22297828,movie,2023,110,"Crime,Drama,Thriller",7.2,56323.0
curse of chucky,tt2230358,movie,2013,97,"Horror,Thriller",5.6,47492.0
wild card,tt2231253,movie,2015,92,"Action,Crime,Drama",5.6,64381.0
rampage,tt2231461,movie,2018,107,"Action,Adventure,Sci-Fi",6.1,200547.0
grave encounters 2,tt2231554,movie,2012,98,"Horror,Mystery",5.1,30033.0
calvary,tt2234003,movie,2014,102,"Crime,Drama,Mystery",7.4,67710.0
the internship,tt2234155,movie,2013,119,Comedy,6.3,227090.0
rebecca,tt2235695,movie,2020,123,"Drama,Mystery,Romance",6.1,50215.0
strange darling,tt22375054,movie,2023,97,"Horror,Thriller",7.0,68072.0
white bird in a blizzard,tt2238050,movie,2014,91,"Drama,Mystery,Thriller",6.4,31134.0
valerian and the city of a thousand planets,tt2239822,movie,2017,136,"Action,Adventure,Animation",6.4,208879.0
kinds of kindness,tt22408160,movie,2024,164,"Comedy,Drama,Horror",6.4,70764.0
money monster,tt2241351,movie,2016,98,"Action,Crime,Drama",6.5,111914.0
a haunted house,tt2243537,movie,2013,86,"Comedy,Fantasy,Horror",5.1,54515.0
i give it a year,tt2244901,movie,2013,97,"Comedy,Romance",5.7,40874.0
big hero 6,tt2245084,movie,2014,102,"Action,Adventure,Animation",7.8,550686.0
spiderman homecoming,tt2250912,movie,2017,133,"Action,Adventure,Sci-Fi",7.4,791611.0
eega,tt2258337,movie,2012,145,"Action,Comedy,Drama",7.7,30223.0
black sea,tt2261331,movie,2014,114,"Adventure,Drama,Thriller",6.4,43072.0
the book of life,tt2262227,movie,2014,95,"Adventure,Animation,Comedy",7.2,84094.0
dragon ball z battle of gods,tt2263944,movie,2013,85,"Action,Adventure,Animation",7.1,31967.0
the raid 2,tt2265171,movie,2014,150,"Action,Crime,Thriller",7.9,138533.0
drinking buddies,tt2265398,movie,2013,90,"Comedy,Drama,Romance",6.1,62436.0
kung fu panda 3,tt2267968,movie,2016,95,"Action,Adventure,Animation",7.1,216360.0
gone girl,tt2267998,movie,2014,149,"Drama,Mystery,Thriller",8.1,1162764.0
magic mike xxl,tt2268016,movie,2015,115,"Comedy,Drama,Music",5.6,63507.0
a haunting in venice,tt22687790,movie,2023,103,"Crime,Drama,Horror",6.5,140408.0
true story,tt2273657,movie,2015,99,"Biography,Crime,Drama",6.3,75719.0
hellboy,tt2274648,movie,2019,120,"Action,Adventure,Fantasy",5.3,107105.0
redirected,tt2275946,movie,2014,99,"Action,Comedy,Crime",6.4,35004.0
finding dory,tt2277860,movie,2016,97,"Adventure,Animation,Comedy",7.2,332247.0
the grand budapest hotel,tt2278388,movie,2014,99,"Comedy,Drama",8.1,964888.0
blue is the warmest colour,tt2278871,movie,2013,180,"Drama,Romance",7.6,172732.0
the spongebob movie sponge out of water,tt2279373,movie,2015,92,"Adventure,Animation,Comedy",6.0,67361.0
muppets most wanted,tt2281587,movie,2014,107,"Adventure,Comedy,Crime",6.4,39272.0
men in black international,tt2283336,movie,2019,114,"Action,Adventure,Comedy",5.6,159902.0
jumanji welcome to the jungle,tt2283362,movie,2017,119,"Action,Adventure,Comedy",6.9,499449.0
omg oh my god,tt2283748,movie,2012,125,"Comedy,Drama,Fantasy",8.1,70871.0
minions,tt2293640,movie,2015,91,"Adventure,Animation,Comedy",6.4,282926.0
22 jump street,tt2294449,movie,2014,112,"Action,Comedy,Crime",7.0,437782.0
frozen,tt2294629,movie,2013,102,"Adventure,Animation,Comedy",7.4,710221.0
in a world,tt2294677,movie,2013,93,Comedy,6.6,33837.0
olympus has fallen,tt2302755,movie,2013,119,"Action,Thriller",6.5,306088.0
mandela long walk to freedom,tt2304771,movie,2013,141,"Biography,Drama,History",7.1,30036.0
the 5th wave,tt2304933,movie,2016,112,"Action,Adventure,Sci-Fi",5.2,125932.0
wild,tt2305051,movie,2014,115,"Adventure,Biography,Drama",7.1,145934.0
the hobbit the battle of the five armies,tt2310332,movie,2014,144,"Adventure,Fantasy",7.4,615396.0
homefront,tt2312718,movie,2013,100,"Action,Crime,Thriller",6.5,142144.0
immaculate,tt23137390,movie,2024,89,"Horror,Thriller",5.8,60161.0
rebel moon part two the scargiver,tt23137904,movie,2024,122,"Action,Adventure,Drama",5.3,63299.0
eden,tt23149780,movie,2024,129,"Adventure,Drama,History",6.5,42151.0
alien covenant,tt2316204,movie,2017,122,"Horror,Sci-Fi,Thriller",6.4,343505.0
enemy,tt2316411,movie,2013,91,"Drama,Mystery,Thriller",6.9,237865.0
the machine,tt2317225,movie,2013,91,"Action,Drama,Sci-Fi",6.0,32879.0
vicky donor,tt2317337,movie,2012,126,"Comedy,Romance",7.7,47865.0
endless love,tt2318092,movie,2014,104,"Drama,Mystery,Romance",6.2,49187.0
my life as a zucchini,tt2321405,movie,2016,70,"Animation,Comedy,Drama",7.8,32697.0
the babadook,tt2321549,movie,2014,94,"Drama,Horror,Mystery",6.8,268913.0
fifty shades of grey,tt2322441,movie,2015,125,"Drama,Romance,Thriller",4.2,355110.0
a girl walks home alone at night,tt2326554,movie,2014,101,"Drama,Horror,Romance",6.9,41207.0
the captive,tt2326612,movie,2014,112,"Crime,Drama,Mystery",5.9,37634.0
mary queen of scots,tt2328900,movie,2018,124,"Biography,Drama,History",6.3,60485.0
godzilla minus one,tt23289160,movie,2023,124,"Action,Adventure,Drama",7.6,201787.0
like father like son,tt2331143,movie,2013,121,Drama,7.8,30851.0
the expendables 3,tt2333784,movie,2014,126,"Action,Adventure,Comedy",6.1,205612.0
the zero theorem,tt2333804,movie,2013,107,"Comedy,Drama,Fantasy",6.0,51640.0
fruitvale station,tt2334649,movie,2013,85,"Biography,Crime,Drama",7.5,91556.0
snatched,tt2334871,movie,2017,90,"Action,Adventure,Comedy",4.7,39192.0
blue jasmine,tt2334873,movie,2013,98,"Comedy,Drama,Romance",7.3,219629.0
white house down,tt2334879,movie,2013,131,"Action,Drama,Thriller",6.3,248344.0
pk,tt2338151,movie,2014,153,"Comedy,Drama,Musical",8.1,221587.0
the woman in black 2 angel of death,tt2339741,movie,2014,98,"Drama,Horror,Thriller",4.8,30447.0
third person,tt2343793,movie,2013,137,"Drama,Romance",6.3,30232.0
the rover,tt2345737,movie,2014,103,"Action,Crime,Drama",6.4,54256.0
the mummy,tt2345759,movie,2017,110,"Action,Adventure,Fantasy",5.4,221147.0
longlegs,tt23468450,movie,2024,101,"Crime,Horror,Mystery",6.5,221350.0
frances ha,tt2347569,movie,2012,86,"Comedy,Drama,Romance",7.4,101999.0
the lunchbox,tt2350496,movie,2013,104,"Drama,Romance",7.8,67603.0
elevation,tt23558280,movie,2024,91,"Action,Horror,Mystery",5.6,30260.0
american fiction,tt23561236,movie,2023,117,"Comedy,Drama",7.5,132831.0
bhaag milkha bhaag,tt2356180,movie,2013,186,"Biography,Drama,Sport",8.2,78496.0
jobs,tt2357129,movie,2013,128,"Biography,Drama",6.0,107172.0
rio 2,tt2357291,movie,2014,101,"Adventure,Animation,Comedy",6.3,110713.0
the great beauty,tt2358891,movie,2013,141,Drama,7.7,105717.0
unfinished business,tt2358925,movie,2015,91,"Comedy,Drama",5.4,37437.0
blue ruin,tt2359024,movie,2013,90,"Crime,Drama,Thriller",7.1,86219.0
raanjhanaa,tt2359810,movie,2013,140,"Drama,Romance",7.6,37934.0
live by night,tt2361317,movie,2016,129,"Action,Crime,Drama",6.4,62177.0
the intern,tt2361509,movie,2015,121,"Comedy,Drama",7.1,307376.0
runner runner,tt2364841,movie,2013,88,"Crime,Mystery,Thriller",5.6,67171.0
the take,tt2368619,movie,2016,92,"Action,Adventure,Crime",6.4,54971.0
need for speed,tt2369135,movie,2014,132,"Action,Crime,Drama",6.4,186244.0
short term 12,tt2370248,movie,2013,96,Drama,7.9,95328.0
kick,tt2372222,movie,2014,146,"Action,Comedy,Crime",5.9,76807.0
monster,tt23736044,movie,2023,127,"Drama,Mystery,Thriller",7.8,40771.0
1 nenokkadine,tt2375559,movie,2014,170,"Action,Thriller",7.9,47704.0
the act of killing,tt2375605,movie,2012,117,"Biography,Crime,Documentary",8.2,44011.0
deliver us from evil,tt2377322,movie,2014,118,"Crime,Horror,Mystery",6.2,90840.0
special 26,tt2377938,movie,2013,144,"Crime,Drama,History",8.0,62189.0
instructions not included,tt2378281,movie,2013,122,"Comedy,Drama",7.5,34365.0
the glass castle,tt2378507,movie,2017,127,"Biography,Drama",7.1,40761.0
spectre,tt2379713,movie,2015,148,"Action,Adventure,Thriller",6.8,494418.0
coco,tt2380307,movie,2017,105,"Adventure,Animation,Drama",8.4,700531.0
brooklyn,tt2381111,movie,2015,117,"Drama,Romance",7.5,158209.0
mission impossible rogue nation,tt2381249,movie,2015,131,"Action,Adventure,Thriller",7.4,444514.0
focus,tt2381941,movie,2015,105,"Comedy,Crime,Drama",6.6,294114.0
the huntsman winters war,tt2381991,movie,2016,114,"Action,Adventure,Drama",6.1,126314.0
nymphomaniac vol ii,tt2382009,movie,2013,124,Drama,6.6,103314.0
no time to die,tt2382320,movie,2021,163,"Action,Adventure,Thriller",7.3,484889.0
joe,tt2382396,movie,2013,117,"Crime,Drama,Thriller",6.8,53414.0
12th fail,tt23849204,movie,2023,147,"Biography,Drama",8.7,169382.0
how to train your dragon the hidden world,tt2386490,movie,2019,104,"Action,Adventure,Animation",7.4,177721.0
dark skies,tt2387433,movie,2013,97,"Horror,Sci-Fi,Thriller",6.3,84684.0
keeping up with the joneses,tt2387499,movie,2016,105,"Action,Comedy",5.9,71873.0
delivery man,tt2387559,movie,2013,105,"Comedy,Drama",6.3,85662.0
oculus,tt2388715,movie,2013,104,"Horror,Mystery,Thriller",6.6,149152.0
mowgli legend of the jungle,tt2388771,movie,2018,104,"Adventure,Drama,Fantasy",6.5,69185.0
enough said,tt2390361,movie,2013,93,"Comedy,Drama,Romance",7.0,69908.0
avengers age of ultron,tt2395427,movie,2015,141,"Action,Adventure,Sci-Fi",7.3,995347.0
gully boy,tt2395469,movie,2019,154,"Drama,Music,Romance",7.9,47028.0
mudbound,tt2396589,movie,2017,134,"Drama,War",7.4,57364.0
predestination,tt2397535,movie,2014,97,"Action,Drama,Sci-Fi",7.4,332981.0
the homesman,tt2398231,movie,2014,122,"Drama,Western",6.6,38407.0
the invitation,tt2400463,movie,2015,100,"Drama,Horror,Mystery",6.6,128786.0
anomalisa,tt2401878,movie,2015,90,"Animation,Comedy,Drama",7.2,78621.0
dark places,tt2402101,movie,2015,113,"Crime,Drama,Mystery",6.2,49832.0
the november man,tt2402157,movie,2014,108,"Action,Adventure,Crime",6.3,73096.0
carol,tt2402927,movie,2015,118,"Drama,Romance",7.3,153272.0
the green inferno,tt2403021,movie,2013,100,"Adventure,Horror",5.4,54533.0
belle,tt2404181,movie,2013,100,"Biography,Drama,Romance",7.3,34775.0
gods of egypt,tt2404233,movie,2016,127,"Action,Adventure,Drama",5.4,135226.0
the family,tt2404311,movie,2013,111,"Comedy,Crime,Thriller",6.3,127759.0
woman in gold,tt2404425,movie,2015,109,"Biography,Drama,History",7.3,65899.0
the magnificent seven,tt2404435,movie,2016,132,"Action,Adventure,Drama",6.9,245025.0
the past,tt2404461,movie,2013,130,"Drama,Mystery",7.7,52354.0
the heat,tt2404463,movie,2013,117,"Action,Comedy,Crime",6.6,188094.0
atomic blonde,tt2406566,movie,2017,115,"Action,Thriller",6.7,219304.0
20 days in mariupol,tt24082438,movie,2023,97,"Documentary,War",8.6,43639.0
the instigators,tt24169886,movie,2024,101,"Action,Comedy,Crime",6.2,42936.0
the kerala story,tt24268454,movie,2023,138,Drama,6.7,79357.0
creep,tt2428170,movie,2014,77,"Horror,Thriller",6.3,82864.0
philomena,tt2431286,movie,2013,98,"Biography,Comedy,Drama",7.6,107148.0
project almanac,tt2436386,movie,2015,106,"Drama,Mystery,Sci-Fi",6.4,87851.0
department q the keeper of lost causes,tt2438644,movie,2013,96,"Crime,Drama,Mystery",7.2,36101.0
the six triple eight,tt24458622,movie,2024,127,"Drama,History,War",6.7,31573.0
taken 3,tt2446042,movie,2014,108,"Action,Crime,Thriller",6.0,214451.0
joy,tt2446980,movie,2015,124,"Biography,Drama",6.6,152097.0
sirf ek bandaa kaafi hai,tt24485052,movie,2023,132,"Crime,Drama,Thriller",8.0,31032.0
vhs2,tt2450186,movie,2013,96,"Horror,Thriller",6.0,48508.0
the peanuts movie,tt2452042,movie,2015,88,"Adventure,Animation,Comedy",7.0,53262.0
son of a gun,tt2452200,movie,2014,108,"Action,Crime,Drama",6.4,30943.0
isnt it romantic,tt2452244,movie,2019,89,"Comedy,Fantasy,Musical",5.9,76979.0
clouds of sils maria,tt2452254,movie,2014,124,Drama,6.7,32487.0
the fundamentals of caring,tt2452386,movie,2016,97,"Comedy,Drama",7.3,86466.0
happy new year,tt2461132,movie,2014,180,"Action,Comedy,Drama",5.0,44269.0
masterminds,tt2461150,movie,2016,95,"Biography,Comedy,Crime",5.8,65641.0
the adam project,tt2463208,movie,2022,106,"Action,Adventure,Comedy",6.7,256383.0
walk of shame,tt2463288,movie,2014,95,Comedy,6.0,59126.0
left behind,tt2467046,movie,2014,110,"Action,Fantasy,Sci-Fi",3.1,44377.0
paranormal activity the ghost dimension,tt2473510,movie,2015,88,"Horror,Mystery",4.6,33168.0
paranormal activity the marked ones,tt2473682,movie,2014,84,"Horror,Mystery",5.1,47903.0
the ridiculous 6,tt2479478,movie,2015,119,"Action,Adventure,Comedy",4.9,58309.0
palo alto,tt2479800,movie,2013,100,Drama,6.1,33462.0
dont move,tt24807110,movie,2024,92,"Horror,Thriller",5.8,45039.0
extremely wicked shockingly evil and vile,tt2481498,movie,2019,110,"Biography,Crime,Drama",6.7,112110.0
subservience,tt24871974,movie,2024,106,"Sci-Fi,Thriller",5.4,35573.0
star wars episode vii the force awakens,tt2488496,movie,2015,138,"Action,Adventure,Sci-Fi",7.7,1022318.0
cooties,tt2490326,movie,2014,88,"Action,Comedy,Horror",5.7,30681.0
last knights,tt2493486,movie,2015,115,"Action,Drama",6.2,47637.0
stretch,tt2494280,movie,2014,94,"Comedy,Crime",6.5,32868.0
bone tomahawk,tt2494362,movie,2015,132,"Drama,Horror,Western",7.1,139039.0
burnt,tt2503944,movie,2015,101,"Comedy,Drama",6.6,142002.0
hotel transylvania 2,tt2510894,movie,2015,89,"Adventure,Animation,Comedy",6.6,161018.0
the gunman,tt2515034,movie,2015,115,"Action,Crime,Mystery",5.8,45182.0
star wars episode viii the last jedi,tt2527336,movie,2017,152,"Action,Adventure,Fantasy",6.8,715474.0
star wars episode ix the rise of skywalker,tt2527338,movie,2019,141,"Action,Adventure,Fantasy",6.3,538956.0
gods not dead,tt2528814,movie,2014,113,"Drama,Romance",4.6,46779.0
blockers,tt2531344,movie,2018,102,"Comedy,Drama",6.2,91708.0
i spit on your grave 2,tt2537176,movie,2013,106,"Horror,Thriller",5.7,36137.0
arrival,tt2543164,movie,2016,116,"Drama,Mystery,Sci-Fi",7.9,857422.0
wonder,tt2543472,movie,2017,113,"Drama,Family",7.9,195820.0
blackfish,tt2545118,movie,2013,83,"Documentary,Drama,Thriller",8.1,76312.0
the light between oceans,tt2547584,movie,2016,133,"Drama,Romance",7.2,62930.0
the cloverfield paradox,tt2548396,movie,2018,102,"Horror,Sci-Fi,Thriller",5.5,120608.0
crimson peak,tt2554274,movie,2015,119,"Drama,Horror,Mystery",6.5,168956.0
the second best exotic marigold hotel,tt2555736,movie,2015,122,"Comedy,Drama,Romance",6.5,37639.0
holiday,tt2556308,movie,2014,160,"Action,Crime,Thriller",7.2,31879.0
pacific rim uprising,tt2557478,movie,2018,111,"Action,Adventure,Sci-Fi",5.6,136604.0
a million ways to die in the west,tt2557490,movie,2014,116,"Comedy,Western",6.1,209507.0
boston strangler,tt2560078,movie,2023,112,"Crime,Drama,History",6.5,40913.0
get hard,tt2561572,movie,2015,100,"Comedy,Crime,Drama",6.0,154852.0
birdman or the unexpected virtue of ignorance,tt2562232,movie,2014,119,"Comedy,Drama",7.7,696592.0
alice through the looking glass,tt2567026,movie,2016,113,"Adventure,Family,Fantasy",6.2,134079.0
starred up,tt2567712,movie,2013,106,"Crime,Drama,Thriller",7.3,51340.0
going in style,tt2568862,movie,2017,96,"Comedy,Crime",6.6,98658.0
gunday,tt2574698,movie,2014,152,"Action,Drama,Musical",2.8,61267.0
the tale of the princess kaguya,tt2576852,movie,2013,137,"Animation,Drama,Family",8.0,61452.0
me and earl and the dying girl,tt2582496,movie,2015,105,"Comedy,Drama",7.7,144218.0
fathers daughters,tt2582502,movie,2015,116,Drama,7.0,30613.0
sand castle,tt2582576,movie,2017,113,"Action,Drama,War",6.3,30615.0
hell or high water,tt2582782,movie,2016,102,"Crime,Drama,Thriller",7.6,275846.0
whiplash,tt2582802,movie,2014,106,"Drama,Music",8.5,1145274.0
the fault in our stars,tt2582846,movie,2014,126,"Drama,Romance",7.6,423475.0
jojo rabbit,tt2584384,movie,2019,108,"Comedy,Drama,War",7.9,485361.0
the garden of words,tt2591814,movie,2013,46,"Animation,Drama,Romance",7.4,59988.0
resident evil the final chapter,tt2592614,movie,2016,107,"Action,Horror,Sci-Fi",5.5,107849.0
anyone but you,tt26047818,movie,2023,103,"Comedy,Romance",6.1,170635.0
celal and ceren,tt2610768,movie,2013,114,"Comedy,Romance",3.3,44730.0
71,tt2614684,movie,2014,99,"Action,Crime,Drama",7.2,64723.0
leatherface,tt2620590,movie,2017,90,"Crime,Drama,Horror",5.0,31123.0
step up all in,tt2626350,movie,2014,112,"Drama,Music,Romance",5.9,37417.0
baahubali the beginning,tt2631186,movie,2015,159,"Action,Drama",8.0,153059.0
ted 2,tt2637276,movie,2015,115,Comedy,6.3,259326.0
hot tub time machine 2,tt2637294,movie,2015,93,"Comedy,Mystery,Sci-Fi",5.0,44993.0
benhur,tt2638144,movie,2016,123,"Action,Adventure,Drama",5.7,49439.0
greta,tt2639336,movie,2018,98,"Drama,Mystery,Thriller",6.1,41775.0
the count of montecristo,tt26446278,movie,2024,178,"Action,Adventure,Drama",7.6,47319.0
manjummel boys,tt26458038,movie,2024,135,"Adventure,Drama,Thriller",8.2,33186.0
oddity,tt26470109,movie,2024,98,"Horror,Thriller",6.7,56426.0
midnight special,tt2649554,movie,2016,112,"Drama,Mystery,Sci-Fi",6.6,86506.0
the good lie,tt2652092,movie,2014,110,"Biography,Drama",7.4,35509.0
maharaja,tt26548265,movie,2024,141,"Action,Crime,Drama",8.3,80678.0
star trek beyond,tt2660888,movie,2016,122,"Action,Adventure,Sci-Fi",7.0,269423.0
the order,tt26625693,movie,2024,116,"Crime,Drama,Thriller",6.8,60965.0
auron mein kahan dum tha,tt26659814,movie,2024,150,"Action,Crime,Drama",6.2,41225.0
aavesham,tt26660021,movie,2024,155,"Action,Comedy",7.8,32722.0
time lapse,tt2669336,movie,2014,104,"Mystery,Sci-Fi,Thriller",6.5,52761.0
fences,tt2671706,movie,2016,139,Drama,7.2,125048.0
the watchers,tt26736843,movie,2024,102,"Fantasy,Horror,Mystery",5.7,68702.0
me before you,tt2674426,movie,2016,110,"Drama,Romance",7.4,332094.0
madgaon express,tt26745657,movie,2024,143,"Comedy,Drama",7.0,42567.0
trap,tt26753003,movie,2024,105,"Crime,Horror,Mystery",5.8,162972.0
in order of disappearance,tt2675914,movie,2014,116,"Action,Comedy,Crime",7.1,30846.0
hitman agent 47,tt2679042,movie,2015,96,"Action,Adventure,Crime",5.7,101027.0
night at the museum secret of the tomb,tt2692250,movie,2014,98,"Adventure,Comedy,Family",6.2,148799.0
locke,tt2692904,movie,2013,85,Drama,7.1,168510.0
bhool bhulaiyaa 3,tt26932223,movie,2024,158,"Comedy,Fantasy,Horror",4.6,78827.0
vettaiyan,tt26936666,movie,2024,163,"Action,Crime,Drama",6.9,41146.0
jackpot,tt26940324,movie,2024,106,"Action,Comedy",5.8,34341.0
the boss,tt2702724,movie,2016,99,Comedy,5.4,50569.0
murder mubarak,tt27028399,movie,2024,140,"Comedy,Horror,Mystery",5.8,51469.0
game night,tt2704998,movie,2018,100,"Action,Adventure,Comedy",6.9,276329.0
the grinch,tt2709692,movie,2018,85,"Animation,Comedy,Family",6.4,113332.0
the secret life of pets,tt2709768,movie,2016,86,"Adventure,Animation,Comedy",6.5,234707.0
we live in time,tt27131358,movie,2024,108,"Drama,Romance",7.0,71181.0
fury,tt2713180,movie,2014,134,"Action,Drama,War",7.6,604890.0
blackhat,tt2717822,movie,2015,133,"Action,Crime,Thriller",5.5,67381.0
ida,tt2718492,movie,2013,82,Drama,7.4,62987.0
small things like these,tt27196021,movie,2024,98,"Drama,History",6.7,36554.0
everest,tt2719848,movie,2015,121,"Adventure,Biography,Drama",7.1,246359.0
the salvation,tt2720680,movie,2014,92,"Action,Drama,Thriller",6.7,46206.0
the longest ride,tt2726560,movie,2015,123,"Drama,Romance",7.1,94271.0
two days one night,tt2737050,movie,2014,95,Drama,7.3,52182.0
bird box,tt2737304,movie,2018,124,"Horror,Mystery,Sci-Fi",6.6,419997.0
juror 2,tt27403986,movie,2024,114,"Crime,Drama,Mystery",7.0,123413.0
teri baaton mein aisa uljha jiya,tt27459160,movie,2024,141,"Comedy,Drama,Romance",6.2,55586.0
chandu champion,tt27470893,movie,2024,142,"Action,Biography,Drama",7.8,36465.0
abigail,tt27489557,movie,2024,109,"Action,Comedy,Crime",6.5,116967.0
perfect days,tt27503384,movie,2023,124,Drama,7.9,102353.0
stree 2 sarkate ka aatank,tt27510174,movie,2024,147,"Comedy,Horror",6.9,46320.0
young beautiful,tt2752200,movie,2013,95,"Drama,Romance",6.7,40658.0
sinister 2,tt2752772,movie,2015,97,"Horror,Mystery,Thriller",5.3,66903.0
speak no evil,tt27534307,movie,2024,110,"Drama,Horror,Thriller",6.8,131021.0
lucky baskhar,tt27540542,movie,2024,148,"Crime,Drama,Thriller",8.0,41341.0
the one i love,tt2756032,movie,2014,91,"Comedy,Drama,Fantasy",7.0,46996.0
winter sleep,tt2758880,movie,2014,196,Drama,8.0,58734.0
bacurau,tt2762506,movie,2019,131,"Action,Adventure,Drama",7.3,34507.0
t2 trainspotting,tt2763304,movie,2017,117,"Comedy,Crime,Drama",7.1,141053.0
saturday night,tt27657135,movie,2024,109,"Biography,Comedy,Drama",6.9,38327.0
beauty and the beast,tt2771200,movie,2017,129,"Adventure,Family,Fantasy",7.1,357428.0
veronica mars,tt2771372,movie,2014,107,"Crime,Drama,Mystery",6.7,56610.0
kaiva,tt27719898,movie,2023,138,"Action,Drama,Romance",7.6,69631.0
the platform 2,tt27729779,movie,2024,99,"Horror,Sci-Fi,Thriller",4.9,46278.0
shaitaan,tt27744786,movie,2024,132,"Drama,Horror,Thriller",6.5,56197.0
the interview,tt2788710,movie,2014,112,"Action,Adventure,Comedy",6.5,375794.0
petes dragon,tt2788732,movie,2016,102,"Action,Adventure,Comedy",6.7,64243.0
terrifier 3,tt27911000,movie,2024,125,Horror,6.2,61921.0
lust stories 2,tt27989067,movie,2023,132,"Drama,Romance",5.7,52051.0
annihilation,tt2798920,movie,2018,115,"Adventure,Drama,Horror",6.8,392038.0
serial bad weddings,tt2800240,movie,2014,97,Comedy,7.0,48147.0
heretic,tt28015403,movie,2024,111,"Horror,Thriller",7.0,221434.0
kingsman the secret service,tt2802144,movie,2014,129,"Action,Adventure,Comedy",7.7,773913.0
leviathan,tt2802154,movie,2014,140,"Crime,Drama",7.6,59745.0
do patti,tt28075881,movie,2024,126,"Crime,Drama,Mystery",6.3,70520.0
september 5,tt28082769,movie,2024,95,"Drama,History,Thriller",7.1,35968.0
furious 7,tt2820852,movie,2015,137,"Action,Thriller",7.1,438305.0
surongo,tt28218009,movie,2023,150,"Crime,Drama,Mystery",6.9,30623.0
mike and dave need wedding dates,tt2823054,movie,2016,98,"Comedy,Romance",6.0,100304.0
presence,tt28249919,movie,2024,84,"Drama,Horror,Thriller",6.1,42564.0
kill,tt28259207,movie,2023,105,"Action,Crime,Drama",7.4,46141.0
the old man the gun,tt2837574,movie,2018,93,"Biography,Comedy,Crime",6.7,52521.0
pitch perfect 2,tt2848292,movie,2015,115,"Comedy,Music",6.4,179747.0
the croods a new age,tt2850386,movie,2020,95,"Adventure,Animation,Comedy",6.9,60852.0
tag,tt2854926,movie,2018,100,"Action,Comedy",6.5,160637.0
anora,tt28607951,movie,2024,139,"Comedy,Drama,Romance",7.4,267961.0
coherence,tt2866360,movie,2013,89,"Mystery,Sci-Fi,Thriller",7.2,171241.0
ride along 2,tt2869728,movie,2016,102,"Action,Comedy,Crime",5.9,67177.0
as above so below,tt2870612,movie,2014,93,"Adventure,Horror,Mystery",6.3,129537.0
amy,tt2870648,movie,2015,128,"Biography,Documentary,Music",7.8,57779.0
wish i was here,tt2870708,movie,2014,106,"Comedy,Drama",6.6,39708.0
magic in the moonlight,tt2870756,movie,2014,97,"Comedy,Drama,Romance",6.5,73429.0
the shack,tt2872518,movie,2017,132,"Drama,Fantasy",6.3,42416.0
nightcrawler,tt2872718,movie,2014,117,"Crime,Drama,Thriller",7.8,664943.0
lucy,tt2872732,movie,2014,89,"Action,Sci-Fi,Thriller",6.4,576226.0
shaun the sheep movie,tt2872750,movie,2015,85,"Adventure,Animation,Comedy",7.3,46599.0
red sparrow,tt2873282,movie,2018,140,"Action,Drama,Thriller",6.6,217082.0
chef,tt2883512,movie,2014,114,"Adventure,Comedy,Drama",7.3,249640.0
macbeth,tt2884018,movie,2015,113,"Drama,History,War",6.6,61628.0
i origins,tt2884206,movie,2014,106,"Drama,Mystery,Romance",7.3,140666.0
ip man 3,tt2888046,movie,2015,105,"Action,Biography,Crime",7.0,64374.0
99 homes,tt2891174,movie,2014,112,"Crime,Drama",7.1,41331.0
dungeons dragons honor among thieves,tt2906216,movie,2023,134,"Action,Adventure,Comedy",7.2,272191.0
the divergent series insurgent,tt2908446,movie,2015,119,"Action,Adventure,Romance",6.2,270543.0
the signal,tt2910814,movie,2014,97,"Drama,Mystery,Sci-Fi",6.0,72496.0
the dressmaker,tt2910904,movie,2015,119,"Comedy,Drama",7.0,70586.0
john wick,tt2911666,movie,2014,101,"Action,Crime,Thriller",7.5,823183.0
the lazarus effect,tt2918436,movie,2015,83,"Horror,Mystery,Sci-Fi",5.2,48613.0
smile 2,tt29268110,movie,2024,127,"Horror,Mystery,Thriller",6.7,138144.0
47 meters down,tt2932536,movie,2017,89,"Horror,Mystery,Thriller",5.6,65094.0
far from the madding crowd,tt2935476,movie,2015,119,"Drama,Romance",7.1,57379.0
ad astra,tt2935510,movie,2019,123,"Adventure,Drama,Mystery",6.5,279440.0
the school for good and evil,tt2935622,movie,2022,147,"Action,Comedy,Drama",5.9,41723.0
everybody wants some,tt2937696,movie,2016,117,Comedy,6.9,64020.0
a most violent year,tt2937898,movie,2014,125,"Crime,Drama,Thriller",6.9,81555.0
the transporter refueled,tt2938956,movie,2015,96,"Action,Thriller",5.2,47355.0
zootopia,tt2948356,movie,2016,108,"Action,Adventure,Animation",8.0,629874.0
soul,tt2948372,movie,2020,100,"Adventure,Animation,Comedy",8.0,445050.0
encanto,tt2953050,movie,2021,102,"Animation,Comedy,Family",7.2,295180.0
the wild robot,tt29623480,movie,2024,102,"Adventure,Animation,Family",8.2,218386.0
hot pursuit,tt2967224,movie,2015,87,"Action,Comedy,Crime",5.2,57694.0
the purge anarchy,tt2975578,movie,2014,103,"Action,Horror,Sci-Fi",6.4,172233.0
batman v superman dawn of justice,tt2975590,movie,2016,151,"Action,Adventure,Sci-Fi",6.4,789414.0
a hologram for the king,tt2980210,movie,2016,98,"Comedy,Drama,Romance",6.1,49666.0
the theory of everything,tt2980516,movie,2014,123,"Biography,Drama,Romance",7.7,506717.0
the guest,tt2980592,movie,2014,100,"Action,Mystery,Thriller",6.7,113848.0
the hundredfoot journey,tt2980648,movie,2014,122,"Comedy,Drama",7.3,91175.0
highway,tt2980794,movie,2014,133,"Crime,Drama,Romance",7.6,32600.0
color of victory,tt29808429,movie,2024,157,"Drama,History,Sport",6.1,40508.0
suck me shakespeer,tt2987732,movie,2013,119,Comedy,6.9,34490.0
the christmas chronicles,tt2990140,movie,2018,104,"Adventure,Comedy,Family",7.0,93957.0
tangerines,tt2991224,movie,2013,87,"Drama,War",8.1,51562.0
camp xray,tt2994190,movie,2014,117,"Drama,War",6.8,44281.0
babygirl,tt30057084,movie,2024,114,"Drama,Romance,Thriller",5.8,80076.0
the water diviner,tt3007512,movie,2014,111,"Drama,History,War",7.0,80838.0
wild tales,tt3011894,movie,2014,122,"Comedy,Drama,Thriller",8.1,237107.0
the lego ninjago movie,tt3014284,movie,2017,101,"Action,Adventure,Animation",6.1,34106.0
criminal,tt3014866,movie,2016,113,"Action,Sci-Fi,Thriller",6.3,74727.0
in a violent nature,tt30321146,movie,2024,94,"Drama,Horror,Thriller",5.5,30633.0
the jungle book,tt3040964,movie,2016,106,"Action,Adventure,Animation",7.3,304912.0
who am i,tt3042408,movie,2014,102,"Crime,Drama,Mystery",7.4,66627.0
mortdecai,tt3045616,movie,2015,107,"Action,Adventure,Comedy",5.5,79814.0
friendship,tt30505698,movie,2024,100,Comedy,6.6,38790.0
inferno,tt3062096,movie,2016,121,"Action,Adventure,Crime",6.2,201829.0
jackass presents bad grandpa,tt3063516,movie,2013,92,Comedy,6.5,100525.0
man up,tt3064298,movie,2015,88,"Comedy,Drama,Romance",6.8,59433.0
the conjuring 2,tt3065204,movie,2016,134,"Horror,Mystery,Thriller",7.3,340828.0
hardcore henry,tt3072482,movie,2015,96,"Action,Adventure,Sci-Fi",6.7,108340.0
creed,tt3076658,movie,2015,133,"Action,Drama,Sport",7.6,332994.0
suffragette,tt3077214,movie,2015,106,"Drama,History",6.9,46376.0
spy,tt3079380,movie,2015,120,"Action,Comedy",7.0,273407.0
beverly hills cop axel f,tt3083016,movie,2024,118,"Action,Comedy,Crime",6.4,86727.0
goodnight mommy,tt3086442,movie,2014,99,"Horror,Mystery,Thriller",6.7,64021.0
artemis fowl,tt3089630,movie,2020,95,"Adventure,Family,Fantasy",4.3,31624.0
no other land,tt30953759,movie,2024,92,Documentary,8.2,34184.0
the inbetweeners 2,tt3097204,movie,2014,96,Comedy,6.4,49004.0
tusk,tt3099498,movie,2014,102,"Comedy,Horror",5.4,72422.0
crazy rich asians,tt3104988,movie,2018,120,"Comedy,Drama,Romance",6.9,207968.0
the tender bar,tt3108894,movie,2021,106,"Biography,Drama,Romance",6.7,37183.0
now you see me 2,tt3110958,movie,2016,129,"Action,Adventure,Comedy",6.4,358959.0
circle,tt3118452,movie,2015,87,"Drama,Horror,Mystery",6.0,72386.0
sierra burgess is a loser,tt3120280,movie,2018,105,"Comedy,Drama,Romance",5.7,42627.0
son of batman,tt3139072,movie,2014,74,"Action,Adventure,Animation",6.7,33993.0
tamasha,tt3148502,movie,2015,139,"Comedy,Drama,Romance",7.4,36031.0
a brilliant young mind,tt3149038,movie,2014,111,"Drama,Romance",7.1,31232.0
scoob,tt3152592,movie,2020,93,"Adventure,Animation,Comedy",5.6,32746.0
trainwreck,tt3152624,movie,2015,125,"Comedy,Drama,Romance",6.2,146921.0
luther the fallen sun,tt3155298,movie,2023,129,"Action,Crime,Drama",6.4,72208.0
sleeping with other people,tt3165612,movie,2015,101,"Comedy,Drama,Romance",6.5,51375.0
mr holmes,tt3168230,movie,2015,104,"Crime,Drama,Family",6.8,70216.0
pride,tt3169706,movie,2014,119,"Biography,Comedy,Drama",7.8,64893.0
room,tt3170832,movie,2015,118,"Drama,Thriller",8.1,478781.0
the diary of a teenage girl,tt3172532,movie,2015,102,"Comedy,Drama,Romance",6.8,35401.0
before i wake,tt3174376,movie,2016,97,"Drama,Fantasy,Horror",6.2,55969.0
men women children,tt3179568,movie,2014,119,"Comedy,Drama",6.6,34811.0
the boy next door,tt3181822,movie,2015,91,Thriller,4.7,48168.0
fantastic beasts and where to find them,tt3183660,movie,2016,132,"Adventure,Family,Fantasy",7.2,538842.0
insidious chapter 3,tt3195644,movie,2015,97,"Horror,Mystery,Thriller",6.1,127755.0
extinction,tt3201640,movie,2018,95,"Action,Drama,Sci-Fi",5.8,61837.0
trumbo,tt3203606,movie,2015,124,"Biography,Drama",7.4,87439.0
the cobbler,tt3203616,movie,2014,99,"Comedy,Drama,Fantasy",5.8,64915.0
slow west,tt3205376,movie,2015,84,"Adventure,Drama,Romance",6.9,49950.0
those who wish me dead,tt3215824,movie,2021,100,"Action,Drama,Thriller",6.0,78318.0
a beautiful day in the neighborhood,tt3224458,movie,2019,109,"Biography,Drama,Family",7.2,93871.0
cruella,tt3228774,movie,2021,134,"Adventure,Comedy,Crime",7.3,294452.0
savi,tt32308617,movie,2024,126,"Action,Crime,Drama",5.9,36948.0
risen,tt3231054,movie,2016,107,"Action,Drama,History",6.4,33042.0
it follows,tt3235888,movie,2014,100,"Horror,Mystery,Thriller",6.8,297304.0
survivor,tt3247714,movie,2015,96,"Action,Crime,Thriller",5.7,37441.0
marshland,tt3253930,movie,2014,105,"Crime,Mystery,Thriller",7.2,38730.0
io,tt3256226,movie,2019,96,"Adventure,Drama,Sci-Fi",4.8,37868.0
loving vincent,tt3262342,movie,2017,94,"Animation,Drama,Mystery",7.8,67881.0
sully,tt3263904,movie,2016,96,"Biography,Drama,History",7.4,320977.0
reminiscence,tt3272066,movie,2021,116,"Mystery,Romance,Sci-Fi",5.9,70705.0
heist,tt3276924,movie,2015,93,"Action,Crime,Drama",6.1,34365.0
tale of tales,tt3278330,movie,2015,134,"Drama,Fantasy,Horror",6.4,33227.0
cult of chucky,tt3280262,movie,2017,91,"Horror,Thriller",5.3,33935.0
little women,tt3281548,movie,2019,135,"Drama,Romance",7.8,282397.0
the blackcoats daughter,tt3286052,movie,2015,93,"Horror,Mystery,Thriller",5.9,31959.0
equals,tt3289728,movie,2015,101,"Drama,Romance,Sci-Fi",6.0,34399.0
the autopsy of jane doe,tt3289956,movie,2016,86,"Horror,Mystery,Thriller",6.8,163230.0
the expendables 4,tt3291150,movie,2023,103,"Action,Adventure,Thriller",4.8,55115.0
london has fallen,tt3300542,movie,2016,99,"Action,Thriller",5.9,180010.0
the 12th man,tt3300980,movie,2017,135,"Drama,History,Thriller",7.3,32111.0
youth,tt3312830,movie,2015,124,"Comedy,Drama,Music",7.3,88122.0
logan,tt3315342,movie,2017,137,"Action,Drama,Sci-Fi",8.1,921354.0
american ultra,tt3316948,movie,2015,96,"Action,Comedy",6.1,100023.0
still alice,tt3316960,movie,2014,101,Drama,7.5,150193.0
game over man,tt3317234,movie,2018,101,"Action,Comedy",5.5,35490.0
regression,tt3319920,movie,2015,106,"Crime,Drama,Mystery",5.6,44877.0
concussion,tt3322364,movie,2015,123,"Biography,Drama,Sport",7.1,104594.0
queen,tt3322420,movie,2013,146,"Adventure,Comedy,Drama",8.1,71220.0
annabelle,tt3322940,movie,2014,99,"Horror,Mystery,Thriller",5.5,194819.0
pan,tt3332064,movie,2015,111,"Action,Adventure,Comedy",5.7,69381.0
jigsaw,tt3348730,movie,2017,92,"Horror,Mystery,Thriller",5.7,102209.0
road house,tt3359350,movie,2024,121,"Action,Drama,Thriller",6.2,183232.0
tolkien,tt3361792,movie,2019,112,"Biography,Drama,Romance",6.8,51118.0
max,tt3369806,movie,2015,111,"Adventure,Drama,Family",6.6,30649.0
transformers the last knight,tt3371366,movie,2017,154,"Action,Adventure,Comedy",5.2,185079.0
the brothers grimsby,tt3381008,movie,2016,83,"Action,Adventure,Comedy",6.2,119408.0
xmen apocalypse,tt3385516,movie,2016,144,"Action,Adventure,Sci-Fi",6.8,490675.0
stan ollie,tt3385524,movie,2018,98,"Biography,Comedy,Drama",7.2,41535.0
scary stories to tell in the dark,tt3387520,movie,2019,108,"Adventure,Horror,Mystery",6.2,91836.0
the forest,tt3387542,movie,2016,93,"Horror,Mystery,Thriller",4.8,47709.0
the taking of deborah logan,tt3387648,movie,2014,90,"Fantasy,Horror,Mystery",6.0,49351.0
haider,tt3390572,movie,2014,160,"Action,Crime,Drama",8.0,60819.0
jack reacher never go back,tt3393786,movie,2016,118,"Action,Thriller",6.2,192322.0
spring,tt3395184,movie,2014,109,"Drama,Horror,Romance",6.7,33770.0
sicario,tt3397884,movie,2015,121,"Action,Crime,Drama",7.7,534687.0
when marnie was there,tt3398268,movie,2014,103,"Animation,Drama,Family",7.6,54766.0
fist fight,tt3401882,movie,2017,91,Comedy,5.6,48607.0
murder on the orient express,tt3402236,movie,2017,114,"Comedy,Crime,Drama",6.5,320104.0
raees,tt3405236,movie,2017,143,"Action,Crime,Drama",6.6,54691.0
the divergent series allegiant,tt3410834,movie,2016,120,"Action,Adventure,Fantasy",5.7,145856.0
ferdinand,tt3411444,movie,2017,108,"Adventure,Animation,Comedy",6.7,70735.0
a monster calls,tt3416532,movie,2016,108,"Adventure,Drama,Family",7.4,98602.0
what we do in the shadows,tt3416742,movie,2014,86,"Comedy,Horror",7.6,212949.0
the end of the tour,tt3416744,movie,2015,106,"Biography,Drama",7.2,34545.0
ice age collision course,tt3416828,movie,2016,94,"Action,Adventure,Animation",5.7,85304.0
drishyam,tt3417422,movie,2013,160,"Crime,Drama,Mystery",8.4,47880.0
finch,tt3420504,movie,2021,115,"Adventure,Drama,Sci-Fi",6.9,110804.0
the boogeyman,tt3427252,movie,2023,98,"Horror,Mystery,Thriller",5.9,53334.0
mahavatar narsimha,tt34365591,movie,2024,130,"Action,Animation,Drama",8.5,46127.0
cake,tt3442006,movie,2014,102,Drama,6.4,40095.0
matilda the musical,tt3447590,movie,2022,117,"Comedy,Drama,Family",7.0,32943.0
paul blart mall cop 2,tt3450650,movie,2015,94,"Action,Comedy,Crime",4.5,44657.0
war for the planet of the apes,tt3450958,movie,2017,140,"Action,Adventure,Drama",7.4,325513.0
the hateful eight,tt3460252,movie,2015,168,"Crime,Drama,Mystery",7.8,719309.0
the blue elephant,tt3461252,movie,2014,170,"Crime,Drama,Horror",8.0,30995.0
the lobster,tt3464902,movie,2015,119,"Drama,Romance,Sci-Fi",7.1,332170.0
despicable me 3,tt3469046,movie,2017,89,"Adventure,Animation,Comedy",6.3,179442.0
sing,tt3470600,movie,2016,108,"Animation,Comedy,Family",7.1,211368.0
black widow,tt3480822,movie,2021,134,"Action,Adventure,Sci-Fi",6.6,474405.0
the walk,tt3488710,movie,2015,123,"Adventure,Biography,Drama",7.3,141232.0
fan,tt3495026,movie,2016,142,"Action,Drama,Thriller",6.8,53518.0
captain america civil war,tt3498820,movie,2016,147,"Action,Sci-Fi",7.8,922332.0
race,tt3499096,movie,2016,134,"Biography,Drama,Sport",7.1,43771.0
thor ragnarok,tt3501632,movie,2017,130,"Action,Adventure,Comedy",7.9,889984.0
the whole truth,tt3503406,movie,2016,93,"Crime,Drama,Mystery",6.2,36595.0
housebound,tt3504048,movie,2014,107,"Comedy,Horror,Mystery",6.7,39781.0
the lego movie 2 the second part,tt3513498,movie,2019,107,"Adventure,Animation,Comedy",6.5,84613.0
chip n dale rescue rangers,tt3513500,movie,2022,97,"Action,Adventure,Animation",6.9,50693.0
richard jewell,tt3513548,movie,2019,131,"Biography,Crime,Drama",7.5,106155.0
the disaster artist,tt3521126,movie,2017,104,"Biography,Comedy,Drama",7.3,171096.0
moana,tt3521164,movie,2016,107,"Adventure,Animation,Comedy",7.6,437943.0
mechanic resurrection,tt3522806,movie,2016,98,"Action,Adventure,Thriller",5.8,102597.0
the night before,tt3530002,movie,2015,101,"Comedy,Fantasy",6.4,90162.0
nerve,tt3531824,movie,2016,96,"Adventure,Crime,Drama",6.5,147112.0
american made,tt3532216,movie,2017,115,"Action,Comedy,Crime",7.1,231767.0
45 years,tt3544082,movie,2015,95,"Drama,Romance",7.1,36594.0
sing street,tt3544112,movie,2016,106,"Comedy,Drama,Music",7.9,107328.0
the bélier family,tt3547740,movie,2014,106,"Comedy,Drama,Music",7.3,31260.0
whiskey tango foxtrot,tt3553442,movie,2016,112,"Biography,Comedy,Drama",6.6,58926.0
captain fantastic,tt3553976,movie,2016,118,"Adventure,Comedy,Drama",7.8,249843.0
space jam a new legacy,tt3554046,movie,2021,115,"Adventure,Animation,Comedy",4.5,86529.0
girls trip,tt3564472,movie,2017,122,"Adventure,Comedy,Drama",6.2,42752.0
the visit,tt3567288,movie,2015,94,"Horror,Mystery,Thriller",6.3,173351.0
legend,tt3569230,movie,2015,132,"Biography,Crime,Drama",6.9,222686.0
west side story,tt3581652,movie,2021,156,"Crime,Drama,Musical",7.1,122218.0
knock knock,tt3605418,movie,2015,99,"Crime,Thriller",4.9,114859.0
cars 3,tt3606752,movie,2017,102,"Adventure,Animation,Comedy",6.7,149334.0
incredibles 2,tt3606756,movie,2018,118,"Action,Adventure,Animation",7.5,368092.0
a street cat named bob,tt3606888,movie,2016,103,"Biography,Drama,Family",7.3,36787.0
the grudge,tt3612126,movie,2019,94,"Fantasy,Horror",4.4,32202.0
mommy,tt3612616,movie,2014,139,Drama,8.0,65422.0
the wave,tt3616916,movie,2015,105,"Action,Drama,Thriller",6.6,46245.0
paper towns,tt3622592,movie,2015,109,"Adventure,Comedy,Drama",6.2,111507.0
vacation friends,tt3626476,movie,2021,103,"Adventure,Comedy",6.3,33791.0
the girl on the train,tt3631112,movie,2016,112,"Crime,Drama,Mystery",6.5,210398.0
allied,tt3640424,movie,2016,124,"Action,Drama,Romance",7.1,179334.0
blood father,tt3647498,movie,2016,88,"Action,Crime,Drama",6.4,70736.0
creep 2,tt3654796,movie,2017,78,"Horror,Thriller",6.4,39551.0
life is a dream,tt3655326,movie,2014,81,"Documentary,Drama,Family",4.2,31284.0
the martian,tt3659388,movie,2015,144,"Adventure,Drama,Sci-Fi",8.0,1003020.0
the dig,tt3661210,movie,2021,112,"Biography,Drama,History",7.1,89081.0
the red turtle,tt3666024,movie,2016,80,"Animation,Drama,Family",7.5,41810.0
turbo kid,tt3672742,movie,2015,93,"Action,Adventure,Comedy",6.7,31096.0
kisi ka bhai kisi ki jaan,tt3679040,movie,2023,145,"Action,Comedy,Drama",3.9,41974.0
bridge of spies,tt3682448,movie,2015,142,"Drama,History,Thriller",7.6,343615.0
the bfg,tt3691740,movie,2016,117,"Adventure,Family,Fantasy",6.3,99061.0
coming soon,tt3698408,movie,2014,134,"Comedy,Drama,Romance",7.3,37208.0
elvis,tt3704428,movie,2022,159,"Biography,Drama,Music",7.3,260042.0
all the old knives,tt3706352,movie,2022,101,"Mystery,Thriller",6.2,31960.0
unfriended,tt3713166,movie,2014,83,"Drama,Fantasy,Horror",5.6,86974.0
irrational man,tt3715320,movie,2015,95,"Comedy,Crime,Drama",6.6,70422.0
elle,tt3716530,movie,2016,130,"Action,Crime,Drama",7.1,74360.0
underworld blood wars,tt3717252,movie,2016,91,"Action,Fantasy,Thriller",5.8,85860.0
power rangers,tt3717490,movie,2017,124,"Action,Adventure,Fantasy",5.9,119032.0
american honey,tt3721936,movie,2016,163,"Adventure,Drama,Romance",7.0,49632.0
gringo,tt3721964,movie,2018,111,"Action,Comedy,Crime",6.1,33648.0
the lady in the van,tt3722070,movie,2015,104,"Biography,Comedy,Drama",6.7,34474.0
kong skull island,tt3731562,movie,2017,118,"Action,Adventure,Fantasy",6.7,372997.0
bajirao mastani,tt3735246,movie,2015,158,"Action,Drama,History",7.3,42247.0
godzilla king of the monsters,tt3741700,movie,2019,132,"Action,Adventure,Fantasy",6.0,227974.0
lion,tt3741834,movie,2016,118,"Biography,Drama",8.0,265629.0
geralds game,tt3748172,movie,2017,103,"Drama,Horror,Thriller",6.5,141573.0
rogue one a star wars story,tt3748528,movie,2016,133,"Action,Adventure,Sci-Fi",7.8,751813.0
the wife,tt3750872,movie,2017,99,Drama,7.2,45005.0
jungle,tt3758172,movie,2017,115,"Adventure,Biography,Drama",6.7,70254.0
ferrari,tt3758542,movie,2023,130,"Biography,Drama,History",6.4,67070.0
the ice road,tt3758814,movie,2021,109,"Action,Adventure,Thriller",5.7,56652.0
my big fat greek wedding 2,tt3760922,movie,2016,94,"Comedy,Romance",6.0,37668.0
the equalizer 2,tt3766354,movie,2018,121,"Action,Crime,Mystery",6.7,227691.0
piku,tt3767372,movie,2015,123,"Comedy,Drama",7.6,36665.0
snowden,tt3774114,movie,2016,134,"Biography,Crime,Drama",7.3,172214.0
love,tt3774694,movie,2015,135,"Drama,Romance",6.1,73643.0
solo a star wars story,tt3778644,movie,2018,135,"Action,Adventure,Sci-Fi",6.9,407334.0
la la land,tt3783958,movie,2016,128,"Comedy,Drama,Music",8.0,756176.0
we are your friends,tt3787590,movie,2015,96,"Drama,Music,Romance",6.2,42432.0
the brand new testament,tt3792960,movie,2015,114,"Comedy,Drama,Fantasy",7.1,36976.0
sonic the hedgehog,tt3794354,movie,2020,99,"Action,Adventure,Comedy",6.5,191115.0
the choice,tt3797868,movie,2016,111,"Drama,Romance",6.5,49401.0
the kissing booth,tt3799232,movie,2018,105,"Comedy,Romance",5.9,103373.0
the nice guys,tt3799694,movie,2016,116,"Action,Comedy,Crime",7.4,411400.0
kaththi,tt3801314,movie,2014,166,"Action,Drama",8.1,32816.0
son of saul,tt3808342,movie,2015,107,"Drama,War",7.4,54352.0
malignant,tt3811906,movie,2021,111,"Crime,Horror,Mystery",6.2,120947.0
cop car,tt3813310,movie,2015,88,"Crime,Thriller",6.3,36572.0
tangerine,tt3824458,movie,2015,88,"Comedy,Crime,Drama",7.1,42824.0
the predator,tt3829266,movie,2018,107,"Action,Adventure,Sci-Fi",5.3,162051.0
only the brave,tt3829920,movie,2017,134,"Action,Biography,Drama",7.6,91145.0
the outpost,tt3833480,movie,2019,123,"Action,Drama,History",6.9,47565.0
land of mine,tt3841424,movie,2015,100,"Drama,History,War",7.8,49072.0
to all the boys ive loved before,tt3846674,movie,2018,99,"Comedy,Drama,Romance",7.0,139153.0
baby,tt3848892,movie,2015,159,"Action,Thriller",7.9,63055.0
dope,tt3850214,movie,2015,103,"Adventure,Comedy,Crime",7.2,91725.0
krampus,tt3850590,movie,2015,98,"Comedy,Fantasy,Horror",6.2,94511.0
cargo,tt3860916,movie,2017,105,"Drama,Horror,Sci-Fi",6.3,52204.0
dumbo,tt3861390,movie,2019,112,"Adventure,Animation,Family",6.2,88090.0
bajrangi bhaijaan,tt3863552,movie,2015,163,"Adventure,Comedy,Drama",8.1,110599.0
the boss baby,tt3874544,movie,2017,97,"Adventure,Animation,Comedy",6.3,156998.0
stronger,tt3881784,movie,2017,119,"Biography,Drama",6.9,53644.0
the boy,tt3882082,movie,2016,97,"Horror,Mystery,Thriller",6.0,107792.0
baby driver,tt3890160,movie,2017,113,"Action,Crime,Drama",7.5,680142.0
leave no trace,tt3892172,movie,2018,109,"Adventure,Drama",7.1,70149.0
guardians of the galaxy vol 2,tt3896198,movie,2017,136,"Action,Adventure,Comedy",7.6,824694.0
the breadwinner,tt3901826,movie,2017,94,"Animation,Drama,War",7.7,30578.0
all the bright places,tt3907584,movie,2020,107,"Drama,Romance",6.6,44352.0
puss in boots the last wish,tt3915174,movie,2022,102,"Action,Adventure,Animation",7.8,222609.0
the siege of jadotville,tt3922798,movie,2016,108,"Action,Drama,Thriller",7.2,47961.0
the space between us,tt3922818,movie,2017,120,"Drama,Romance,Sci-Fi",6.4,58649.0
teenage mutant ninja turtles out of the shadows,tt3949660,movie,2016,112,"Action,Adventure,Animation",5.9,106102.0
popstar never stop never stopping,tt3960412,movie,2016,87,"Comedy,Drama,Music",6.7,73903.0
mustang,tt3966404,movie,2015,97,Drama,7.6,42875.0
okja,tt3967856,movie,2017,120,"Action,Adventure,Drama",7.3,141336.0
the endless,tt3986820,movie,2017,111,"Horror,Mystery,Sci-Fi",6.5,56472.0
the house that jack built,tt4003440,movie,2018,152,"Crime,Drama,Horror",6.8,105296.0
colonia,tt4005402,movie,2015,110,"Biography,Drama,History",7.0,59582.0
the handmaiden,tt4016934,movie,2016,145,"Drama,Romance,Thriller",8.1,201450.0
manchester by the sea,tt4034228,movie,2016,137,Drama,7.8,354300.0
swiss army man,tt4034354,movie,2016,97,"Comedy,Drama,Fantasy",6.9,140518.0
citizenfour,tt4044364,movie,2014,114,"Biography,Documentary",8.0,59920.0
maze runner the scorch trials,tt4046784,movie,2015,131,"Action,Adventure,Sci-Fi",6.3,305684.0
toni erdmann,tt4048272,movie,2016,162,"Comedy,Drama",7.3,54893.0
the shallows,tt4052882,movie,2016,86,"Drama,Horror,Thriller",6.3,153052.0
green room,tt4062536,movie,2015,95,"Horror,Thriller",7.0,152944.0
the nightingale,tt4068576,movie,2018,136,"Adventure,Drama,Thriller",7.3,40667.0
the darkest minds,tt4073790,movie,2018,104,"Action,Adventure,Drama",5.7,40272.0
a man called ove,tt4080728,movie,2015,116,"Comedy,Drama,Romance",7.7,74406.0
the purge election year,tt4094724,movie,2016,108,"Action,Horror,Sci-Fi",6.0,118671.0
the lego batman movie,tt4116284,movie,2017,104,"Action,Adventure,Animation",7.3,191489.0
fantastic beasts the crimes of grindelwald,tt4123430,movie,2018,134,"Adventure,Family,Fantasy",6.5,330455.0
fantastic beasts the secrets of dumbledore,tt4123432,movie,2022,142,"Adventure,Fantasy",6.2,191672.0
after,tt4126476,movie,2019,105,"Drama,Romance",5.3,75501.0
florence foster jenkins,tt4136084,movie,2016,111,"Biography,Comedy,Drama",6.8,62147.0
keanu,tt4139124,movie,2016,100,"Action,Comedy,Crime",6.2,54889.0
polar,tt4139588,movie,2019,118,"Action,Crime,Thriller",6.3,106707.0
captain marvel,tt4154664,movie,2019,123,"Action,Adventure,Sci-Fi",6.7,655613.0
avengers infinity war,tt4154756,movie,2018,149,"Action,Adventure,Sci-Fi",8.4,1361469.0
avengers endgame,tt4154796,movie,2019,181,"Action,Adventure,Sci-Fi",8.4,1434569.0
replicas,tt4154916,movie,2018,107,"Action,Drama,Sci-Fi",5.5,45018.0
free fire,tt4158096,movie,2016,91,"Action,Comedy,Crime",6.3,53262.0
dont breathe,tt4160708,movie,2016,88,"Crime,Horror,Thriller",7.1,329028.0
ms dhoni the untold story,tt4169250,movie,2016,184,"Biography,Drama,Sport",8.0,75541.0
13 hours the secret soldiers of benghazi,tt4172430,movie,2016,144,"Action,Drama,History",7.3,178951.0
look whos back,tt4176826,movie,2015,116,"Comedy,Drama,Fantasy",7.0,53757.0
the gift,tt4178092,movie,2015,108,"Drama,Mystery,Thriller",7.0,184473.0
anthropoid,tt4190530,movie,2016,120,"Action,Drama,History",7.2,58912.0
meet the blacks,tt4191580,movie,2016,94,"Comedy,Horror",4.8,38547.0
jason bourne,tt4196776,movie,2016,123,"Action,Thriller",6.6,256601.0
mr church,tt4196848,movie,2016,104,"Comedy,Drama",7.6,33460.0
mollys game,tt4209788,movie,2017,140,"Biography,Crime,Drama",7.4,202916.0
widows,tt4218572,movie,2018,129,"Crime,Drama,Thriller",6.8,108883.0
the wall,tt4218696,movie,2017,88,"Action,Drama,Thriller",6.2,34595.0
the babysitter,tt4225622,movie,2017,85,"Comedy,Horror",6.4,121402.0
victoria,tt4226388,movie,2015,138,"Crime,Drama,Romance",7.6,66931.0
cobain montage of heck,tt4229236,movie,2015,132,"Biography,Documentary,Music",7.5,33316.0
the last duel,tt4244994,movie,2021,152,"Drama,History,Thriller",7.3,205241.0
alpha,tt4244998,movie,2018,96,"Adventure,Drama",6.6,71578.0
the void,tt4255304,movie,2016,90,"Horror,Mystery,Sci-Fi",5.9,47167.0
going clear scientology the prison of belief,tt4257858,movie,2015,119,Documentary,8.0,42359.0
miracles from heaven,tt4257926,movie,2016,109,"Biography,Drama,Family",7.1,31629.0
shin godzilla,tt4262980,movie,2016,120,"Action,Drama,Horror",6.9,45343.0
the witch,tt4263482,movie,2015,92,"Drama,Fantasy,Horror",7.0,349712.0
hell house llc,tt4267026,movie,2015,93,"Horror,Mystery",6.4,35293.0
under the shadow,tt4273292,movie,2016,84,"Drama,Fantasy,Horror",6.8,32461.0
the good nurse,tt4273800,movie,2022,121,"Biography,Crime,Drama",6.8,90094.0
the founder,tt4276820,movie,2016,115,"Biography,Drama",7.2,203671.0
terrifier,tt4281724,movie,2016,85,Horror,5.5,94084.0
the circle,tt4287320,movie,2017,110,"Drama,Mystery,Sci-Fi",5.4,105152.0
kubo and the two strings,tt4302938,movie,2016,101,"Action,Adventure,Animation",7.7,146262.0
julieta,tt4326444,movie,2016,99,"Drama,Mystery,Romance",7.1,35347.0
fractured,tt4332232,movie,2019,99,"Drama,Mystery,Thriller",6.5,111876.0
the bad batch,tt4334266,movie,2016,118,"Action,Horror,Mystery",5.2,37733.0
tau,tt4357394,movie,2018,97,"Horror,Sci-Fi,Thriller",5.8,37215.0
ouija origin of evil,tt4361050,movie,2016,99,"Drama,Horror,Mystery",6.2,81896.0
the peanut butter falcon,tt4364194,movie,2019,97,"Adventure,Comedy,Drama",7.6,119063.0
20th century women,tt4385888,movie,2016,119,"Comedy,Drama",7.3,52153.0
airlift,tt4387040,movie,2016,130,"Drama,History",7.9,61424.0
john wick chapter 2,tt4425200,movie,2017,122,"Action,Crime,Thriller",7.4,567165.0
drishyam,tt4430212,movie,2015,163,"Crime,Drama,Mystery",8.2,108059.0
udta punjab,tt4434004,movie,2016,148,"Crime,Drama",7.7,34020.0
liger,tt4435072,movie,2022,140,"Action,Drama,Romance",2.6,49234.0
neighbors 2 sorority rising,tt4438848,movie,2016,92,Comedy,5.7,136837.0
better watch out,tt4443658,movie,2016,89,"Comedy,Horror,Thriller",6.5,52538.0
shaft,tt4463894,movie,2019,111,"Action,Comedy,Crime",6.4,62081.0
fifty shades darker,tt4465564,movie,2017,118,"Drama,Mystery,Romance",4.6,120963.0
paddington 2,tt4468740,movie,2017,103,"Adventure,Comedy,Family",7.8,113187.0
fifty shades freed,tt4477536,movie,2018,105,"Drama,Mystery,Romance",4.6,82686.0
gifted,tt4481414,movie,2017,101,Drama,7.6,157977.0
the house,tt4481514,movie,2017,88,"Comedy,Crime",5.6,50157.0
gran turismo,tt4495098,movie,2023,134,"Action,Adventure,Drama",7.1,133945.0
maze runner the death cure,tt4500922,movie,2018,143,"Action,Adventure,Sci-Fi",6.3,189856.0
why him,tt4501244,movie,2016,111,Comedy,6.2,134882.0
the prodigy,tt4504044,movie,2019,92,"Fantasy,Horror,Mystery",5.9,31021.0
café society,tt4513674,movie,2016,96,"Comedy,Drama,Romance",6.6,84612.0
ghostbusters afterlife,tt4513678,movie,2021,124,"Adventure,Comedy,Fantasy",7.0,240168.0
morgan,tt4520364,movie,2016,92,"Action,Horror,Sci-Fi",5.9,49621.0
frozen ii,tt4520988,movie,2019,103,"Adventure,Animation,Comedy",6.8,217718.0
overlord,tt4530422,movie,2018,110,"Action,Horror,Sci-Fi",6.6,115242.0
robin hood,tt4532826,movie,2018,116,"Action,Adventure,Drama",5.4,86191.0
dilwale,tt4535650,movie,2015,158,"Action,Comedy,Drama",5.1,41744.0
white boy rick,tt4537896,movie,2018,111,"Crime,Drama",6.5,48579.0
miss sloane,tt4540710,movie,2016,132,Drama,7.5,88444.0
the girl with all the gifts,tt4547056,movie,2016,111,"Action,Adventure,Drama",6.6,68781.0
i kill giants,tt4547194,movie,2017,106,"Drama,Fantasy,Thriller",6.1,33937.0
nocturnal animals,tt4550098,movie,2016,116,"Drama,Thriller",7.4,337693.0
darkest hour,tt4555426,movie,2017,125,"Biography,Drama,History",7.4,242338.0
mile 22,tt4560436,movie,2018,94,"Action,Crime,Thriller",6.1,93420.0
mulan,tt4566758,movie,2020,115,"Action,Adventure,Drama",5.8,167543.0
patriots day,tt4572514,movie,2016,133,"Action,Crime,Drama",7.3,121724.0
the book of henry,tt4572792,movie,2017,105,"Crime,Drama,Thriller",6.6,30649.0
endless corridor,tt4573394,movie,2014,52,"Documentary,History",8.0,42270.0
christopher robin,tt4575576,movie,2018,104,"Adventure,Comedy,Drama",7.2,90503.0
five nights at freddys,tt4589218,movie,2023,109,"Horror,Mystery,Thriller",5.4,136556.0
hes all that,tt4590256,movie,2021,88,"Comedy,Romance",4.4,32322.0
pinocchio,tt4593060,movie,2022,105,"Adventure,Animation,Comedy",5.1,46421.0
luckiest girl alive,tt4595186,movie,2022,113,"Drama,Mystery,Thriller",6.4,59938.0
can you ever forgive me,tt4595882,movie,2018,106,"Biography,Comedy,Crime",7.1,58618.0
purple hearts,tt4614584,movie,2022,122,"Drama,Music,Romance",6.7,70696.0
battle of the sexes,tt4622512,movie,2017,121,"Biography,Comedy,Drama",6.7,63491.0
storks,tt4624424,movie,2016,87,"Adventure,Animation,Comedy",6.8,72105.0
the fate of the furious,tt4630562,movie,2017,136,"Action,Crime,Thriller",6.6,273188.0
shot caller,tt4633690,movie,2017,121,"Crime,Drama,Thriller",7.3,112975.0
spiderman into the spiderverse,tt4633694,movie,2018,117,"Action,Adventure,Animation",8.4,781671.0
masaan,tt4635372,movie,2015,109,Drama,8.1,35259.0
harriet,tt4648786,movie,2019,125,"Action,Biography,Drama",6.8,36315.0
kingsman the golden circle,tt4649466,movie,2017,141,"Action,Adventure,Comedy",6.7,399810.0
bad moms,tt4651520,movie,2016,100,Comedy,6.2,140930.0
on the basis of sex,tt4669788,movie,2018,120,"Biography,Drama,History",7.1,42124.0
loving,tt4669986,movie,2016,123,"Biography,Drama,Romance",7.0,38489.0
colossal,tt4680182,movie,2016,109,"Comedy,Drama,Fantasy",6.2,74088.0
the new mutants,tt4682266,movie,2020,94,"Action,Horror,Mystery",5.3,100803.0
collateral beauty,tt4682786,movie,2016,97,"Drama,Romance",6.8,109067.0
the death of stalin,tt4686844,movie,2017,107,"Comedy,Drama,History",7.3,125920.0
in the tall grass,tt4687108,movie,2019,101,"Horror,Mystery,Sci-Fi",5.5,73038.0
it comes at night,tt4695012,movie,2017,91,"Drama,Horror,Mystery",6.1,110622.0
hunt for the wilderpeople,tt4698684,movie,2016,101,"Adventure,Comedy,Drama",7.8,152383.0
bumblebee,tt4701182,movie,2018,114,"Action,Adventure,Sci-Fi",6.7,207133.0
personal shopper,tt4714782,movie,2016,105,"Drama,Mystery,Thriller",6.1,45693.0
klaus,tt4729430,movie,2019,96,"Adventure,Animation,Comedy",8.2,234827.0
a cure for wellness,tt4731136,movie,2016,146,"Drama,Fantasy,Horror",6.4,123422.0
fatherhood,tt4733624,movie,2021,109,"Comedy,Drama",6.6,46461.0
war machine,tt4758646,movie,2017,122,"Comedy,Drama,War",6.0,52877.0
the mauritanian,tt4761112,movie,2021,129,"Biography,Drama,Thriller",7.5,71585.0
unfriended dark web,tt4761916,movie,2018,92,"Horror,Mystery,Thriller",6.1,42691.0
pitch perfect 3,tt4765284,movie,2017,93,"Comedy,Music",5.8,78216.0
the doover,tt4769836,movie,2016,108,"Action,Adventure,Comedy",5.7,56762.0
flow,tt4772188,movie,2024,85,"Adventure,Animation,Family",7.8,124905.0
the promise,tt4776998,movie,2016,133,"Action,Adventure,Drama",6.1,180300.0
maleficent mistress of evil,tt4777008,movie,2019,119,"Adventure,Drama,Family",6.6,131551.0
the meg,tt4779682,movie,2018,113,"Action,Adventure,Horror",5.7,226897.0
imperium,tt4781612,movie,2016,109,"Crime,Drama,Mystery",6.5,53432.0
lights out,tt4786282,movie,2016,81,"Horror,Mystery",6.3,151618.0
rough night,tt4799050,movie,2017,101,Comedy,5.3,58672.0
midnight sun,tt4799066,movie,2018,91,"Drama,Romance",6.6,39670.0
time trap,tt4815122,movie,2017,87,"Action,Adventure,Mystery",6.2,49649.0
mothers day,tt4824302,movie,2016,118,"Comedy,Drama,Romance",5.7,42102.0
high life,tt4827558,movie,2018,113,"Drama,Sci-Fi,Thriller",5.7,45115.0
sultan,tt4832640,movie,2016,170,"Action,Drama,Romance",7.1,58761.0
good time,tt4846232,movie,2017,102,"Crime,Drama,Thriller",7.3,155131.0
hidden figures,tt4846340,movie,2016,127,"Biography,Drama,History",7.8,287084.0
baahubali 2 the conclusion,tt4849438,movie,2017,167,"Action,Drama",8.2,132967.0
batman the killing joke,tt4853102,movie,2016,76,"Action,Animation,Crime",6.4,65422.0
the invisible guest,tt4857264,movie,2016,106,"Crime,Drama,Mystery",8.0,211703.0
the covenant,tt4873118,movie,2023,123,"Action,Drama,Thriller",7.5,207721.0
the emoji movie,tt4877122,movie,2017,86,"Adventure,Animation,Comedy",3.5,79205.0
dumplin,tt4878482,movie,2018,110,"Comedy,Drama",6.5,39959.0
jurassic world fallen kingdom,tt4881806,movie,2018,128,"Action,Adventure,Sci-Fi",6.1,379396.0
megan leavey,tt4899370,movie,2017,116,"Action,Biography,Drama",7.1,30128.0
kapoor sons,tt4900716,movie,2016,132,"Comedy,Drama,Family",7.7,33733.0
perfect strangers,tt4901306,movie,2016,96,"Comedy,Drama,Thriller",7.7,77018.0
mission impossible fallout,tt4912910,movie,2018,147,"Action,Adventure,Thriller",7.7,418160.0
the curse of la llorona,tt4913966,movie,2019,93,"Horror,Mystery,Thriller",5.3,65575.0
just mercy,tt4916630,movie,2019,137,"Biography,Crime,Drama",7.6,84346.0
bad boys ride or die,tt4919268,movie,2024,115,"Action,Adventure,Comedy",6.5,112260.0
lady bird,tt4925292,movie,2017,94,"Comedy,Drama",7.4,361805.0
talvar,tt4934950,movie,2015,132,"Crime,Drama,Mystery",8.1,43178.0
raw,tt4954522,movie,2016,99,"Drama,Horror",6.9,96127.0
everybody knows,tt4964788,movie,2018,133,"Crime,Drama,Mystery",6.9,40199.0
the sisters brothers,tt4971344,movie,2018,122,"Drama,Western",6.9,75226.0
split,tt4972582,movie,2016,117,"Horror,Thriller",7.3,618110.0
moonlight,tt4975722,movie,2016,111,Drama,7.4,350878.0
borderlands,tt4978420,movie,2024,101,"Action,Adventure,Comedy",4.7,57070.0
the titan,tt4986098,movie,2018,97,"Drama,Mystery,Romance",4.8,35125.0
being the ricardos,tt4995540,movie,2021,131,"Biography,Drama",6.5,46981.0
the red sea diving resort,tt4995776,movie,2019,129,"Drama,History,Thriller",6.6,34916.0
the square,tt4995790,movie,2017,151,"Comedy,Drama",7.1,82548.0
ambulance,tt4998632,movie,2022,136,"Action,Crime,Drama",6.1,112474.0
everything everything,tt5001718,movie,2017,96,"Drama,Romance",6.3,44504.0
braven,tt5001754,movie,2018,94,"Action,Thriller",5.9,44131.0
dunkirk,tt5013056,movie,2017,106,"Action,Drama,History",7.8,803335.0
hush,tt5022702,movie,2016,82,"Horror,Thriller",6.6,168758.0
three billboards outside ebbing missouri,tt5027774,movie,2017,115,"Comedy,Crime,Drama",8.1,604300.0
mary poppins returns,tt5028340,movie,2018,130,"Adventure,Comedy,Family",6.6,100589.0
charlies angels,tt5033998,movie,2019,118,"Action,Adventure,Comedy",5.0,84764.0
godzilla vs kong,tt5034838,movie,2021,113,"Action,Sci-Fi,Thriller",6.3,265845.0
nosferatu,tt5040012,movie,2024,132,"Fantasy,Horror,Mystery",7.1,262895.0
get out,tt5052448,movie,2017,104,"Horror,Mystery,Thriller",7.8,811401.0
sicario day of the soldado,tt5052474,movie,2018,122,"Action,Crime,Drama",7.1,190215.0
hold the dark,tt5057140,movie,2018,125,"Action,Crime,Drama",5.6,43048.0
color out of space,tt5073642,movie,2019,111,"Horror,Mystery,Sci-Fi",6.1,64389.0
dangal,tt5074352,movie,2016,161,"Action,Biography,Drama",8.3,241104.0
two is a family,tt5078204,movie,2016,118,"Comedy,Drama",7.3,30175.0
20,tt5080556,movie,2018,148,"Action,Fantasy,Sci-Fi",6.0,30240.0
the favourite,tt5083738,movie,2018,119,"Biography,Comedy,Drama",7.5,257602.0
transformers rise of the beasts,tt5090568,movie,2023,127,"Action,Adventure,Sci-Fi",6.0,130330.0
papillon,tt5093026,movie,2017,133,"Adventure,Biography,Crime",7.2,95270.0
antman and the wasp,tt5095030,movie,2018,118,"Action,Adventure,Comedy",7.0,492344.0
noelle,tt5097410,movie,2019,100,"Comedy,Family,Fantasy",6.3,31220.0
isle of dogs,tt5104604,movie,2018,101,"Adventure,Animation,Comedy",7.8,210022.0
morbius,tt5108870,movie,2022,104,"Action,Adventure,Horror",5.1,170863.0
raya and the last dragon,tt5109280,movie,2021,107,"Action,Adventure,Animation",7.3,186990.0
mother,tt5109784,movie,2017,121,"Drama,Horror,Mystery",6.6,267257.0
lee,tt5112584,movie,2023,117,"Biography,Drama,History",6.9,34058.0
the secret life of pets 2,tt5113040,movie,2019,86,"Adventure,Animation,Comedy",6.4,77832.0
minions the rise of gru,tt5113044,movie,2022,87,"Adventure,Animation,Comedy",6.5,104559.0
togo,tt5116302,movie,2019,113,"Adventure,Biography,Drama",7.9,61873.0
peter rabbit,tt5117670,movie,2018,95,"Adventure,Animation,Comedy",6.6,52648.0
the bar,tt5121816,movie,2017,102,Thriller,6.3,30114.0
annabelle creation,tt5140878,movie,2017,109,"Horror,Mystery,Thriller",6.5,169103.0
the dry,tt5144174,movie,2020,117,"Crime,Drama,Mystery",6.8,40452.0
mrs harris goes to paris,tt5151570,movie,2022,115,"Comedy,Drama",7.1,36681.0
the discovery,tt5155780,movie,2017,102,"Drama,Romance,Sci-Fi",6.2,40335.0
oceans eight,tt5164214,movie,2018,110,"Comedy,Crime,Thriller",6.3,260337.0
love simon,tt5164432,movie,2018,110,"Comedy,Drama,Romance",7.5,133889.0
rustom,tt5165344,movie,2016,148,"Crime,Drama,Thriller",7.0,31281.0
i daniel blake,tt5168192,movie,2016,100,Drama,7.8,68151.0
the girl in the spiders web,tt5177088,movie,2018,115,"Action,Adventure,Crime",6.1,55361.0
the ministry of ungentlemanly warfare,tt5177120,movie,2024,122,"Action,Comedy,War",6.8,155807.0
the salesman,tt5186714,movie,2016,124,"Drama,Thriller",7.7,68575.0
wolfwalkers,tt5198068,movie,2020,103,"Action,Adventure,Animation",8.0,44627.0
operation finale,tt5208252,movie,2018,122,"Biography,Drama,History",6.6,53837.0
the wailing,tt5215952,movie,2016,156,"Drama,Horror",7.4,97762.0
hotel transylvania 3 summer vacation,tt5220122,movie,2018,97,"Adventure,Animation,Comedy",6.3,98790.0
how it ends,tt5246700,movie,2018,113,"Action,Drama,Horror",5.1,63252.0
paterson,tt5247022,movie,2016,118,"Comedy,Drama,Romance",7.3,95200.0
eli,tt5294518,movie,2019,98,"Drama,Horror,Mystery",5.8,44772.0
all the money in the world,tt5294550,movie,2017,132,"Biography,Crime,Drama",6.8,96184.0
nyad,tt5302918,movie,2023,121,"Biography,Drama,History",7.1,44613.0
set it up,tt5304992,movie,2018,105,"Comedy,Romance",6.5,75024.0
happy death day,tt5308322,movie,2017,96,"Comedy,Horror,Mystery",6.6,184987.0
your name,tt5311514,movie,2016,106,"Animation,Drama,Fantasy",8.4,388180.0
lou,tt5315210,movie,2022,107,"Action,Adventure,Crime",6.1,38242.0
senior year,tt5315212,movie,2022,111,"Comedy,Drama",5.5,47950.0
a silent voice the movie,tt5323662,movie,2016,130,"Animation,Drama",8.2,139052.0
mirror game,tt5354160,movie,2016,147,"Crime,Mystery,Thriller",8.9,30939.0
wind river,tt5362988,movie,2017,107,"Crime,Drama,Mystery",7.7,313104.0
sound of metal,tt5363618,movie,2019,120,"Drama,Music",7.7,184286.0
detroit,tt5390504,movie,2017,143,"Crime,Drama,History",7.3,58850.0
anon,tt5397194,movie,2018,100,"Crime,Mystery,Sci-Fi",6.1,51751.0
official secrets,tt5431890,movie,2019,112,"Biography,Crime,Drama",7.3,60366.0
f9 the fast saga,tt5433138,movie,2021,143,"Action,Crime,Thriller",5.2,179106.0
fast x,tt5433140,movie,2023,141,"Action,Adventure,Crime",5.7,144872.0
logan lucky,tt5439796,movie,2017,118,"Action,Comedy,Crime",7.0,176114.0
life,tt5442430,movie,2017,104,"Horror,Sci-Fi,Thriller",6.6,276040.0
kaabil,tt5460276,movie,2017,139,"Action,Crime,Drama",7.2,33159.0
hotel mumbai,tt5461944,movie,2018,123,"Action,Drama,History",7.6,78498.0
the big sick,tt5462602,movie,2017,120,"Comedy,Drama,Romance",7.5,149981.0
deadpool 2,tt5463162,movie,2018,119,"Action,Adventure,Comedy",7.6,740828.0
hostiles,tt5478478,movie,2017,134,"Drama,Western",7.2,106801.0
samaritan,tt5500218,movie,2022,102,"Action,Drama,Fantasy",5.7,61166.0
border,tt5501104,movie,2018,110,"Crime,Drama,Fantasy",7.0,37238.0
hustlers,tt5503686,movie,2019,110,"Comedy,Crime,Drama",6.3,112621.0
ghost stories,tt5516328,movie,2017,98,"Drama,Horror,Mystery",6.4,39913.0
bright,tt5519340,movie,2017,117,"Action,Fantasy,Thriller",6.3,209315.0
the nutcracker and the four realms,tt5523010,movie,2018,99,"Adventure,Family,Fantasy",5.6,40451.0
the goat life,tt5525650,movie,2024,173,"Adventure,Drama",7.1,49990.0
maestro,tt5535276,movie,2023,129,"Biography,Drama,History",6.5,69237.0
the meyerowitz stories,tt5536736,movie,2017,112,"Comedy,Drama",6.9,56627.0
killers of the flower moon,tt5537002,movie,2023,206,"Crime,Drama,History",7.5,304653.0
to the bone,tt5541240,movie,2017,107,Drama,6.7,58962.0
what the health,tt5541848,movie,2017,97,Documentary,7.2,31061.0
wish dragon,tt5562070,movie,2021,98,"Adventure,Animation,Comedy",7.2,38651.0
the good liar,tt5563334,movie,2019,109,"Crime,Drama,Mystery",6.7,54212.0
pink,tt5571734,movie,2016,136,"Crime,Drama,Thriller",8.0,52007.0
i tonya,tt5580036,movie,2017,119,"Biography,Comedy,Drama",7.5,260660.0
the hate u give,tt5580266,movie,2018,133,"Crime,Drama",7.5,43532.0
the shape of water,tt5580390,movie,2017,123,"Drama,Fantasy,Romance",7.3,474298.0
the beguiled,tt5592248,movie,2017,93,"Drama,History,Thriller",6.3,65959.0
doctor sleep,tt5606664,movie,2019,152,"Drama,Fantasy,Horror",7.3,243764.0
on body and soul,tt5607714,movie,2017,116,"Drama,Fantasy,Mystery",7.5,31431.0
tully,tt5610554,movie,2018,95,"Comedy,Drama,Mystery",6.9,66158.0
mid90s,tt5613484,movie,2018,85,"Comedy,Drama",7.4,87355.0
life of the party,tt5619332,movie,2018,105,Comedy,5.6,42417.0
peter pan wendy,tt5635026,movie,2023,106,"Adventure,Family,Fantasy",4.4,30325.0
gods own country,tt5635086,movie,2017,104,"Drama,Romance",7.6,40712.0
the ritual,tt5638642,movie,2017,94,"Horror,Mystery,Thriller",6.4,142017.0
arq,tt5640450,movie,2016,88,"Action,Sci-Fi,Thriller",6.3,44001.0
the burial,tt5648882,movie,2023,126,"Drama,History",7.1,42634.0
thoroughbreds,tt5649108,movie,2017,92,"Comedy,Crime,Drama",6.6,48743.0
the florida project,tt5649144,movie,2017,111,Drama,7.6,145928.0
daddys home 2,tt5657846,movie,2017,100,Comedy,6.1,92283.0
brawl in cell block 99,tt5657856,movie,2017,132,"Crime,Drama,Thriller",7.1,82777.0
the first omen,tt5672290,movie,2024,119,Horror,6.5,70879.0
sorry to bother you,tt5688932,movie,2018,112,"Comedy,Drama,Fantasy",6.9,93919.0
slender man,tt5690360,movie,2018,93,"Horror,Mystery,Thriller",3.3,42808.0
under the silver lake,tt5691670,movie,2018,139,"Crime,Mystery,Thriller",6.5,60084.0
cats,tt5697572,movie,2019,110,"Comedy,Drama,Family",2.8,58983.0
train to busan,tt5700672,movie,2016,118,"Action,Horror,Thriller",7.6,303805.0
i dont feel at home in this world anymore,tt5710514,movie,2017,93,"Comedy,Crime,Drama",6.9,67439.0
the killing of a sacred deer,tt5715874,movie,2017,121,"Drama,Horror,Mystery",7.0,213815.0
home again,tt5719700,movie,2017,97,"Comedy,Drama,Romance",5.8,37002.0
cold pursuit,tt5719748,movie,2019,119,"Action,Comedy,Crime",6.2,84345.0
in the fade,tt5723272,movie,2017,106,"Crime,Drama,Mystery",7.1,37686.0
insidious the last key,tt5726086,movie,2018,103,"Horror,Mystery,Thriller",5.7,79674.0
call me by your name,tt5726616,movie,2017,132,"Drama,Romance",7.8,356893.0
uncut gems,tt5727208,movie,2019,135,"Crime,Drama,Thriller",7.4,353663.0
borg vs mcenroe,tt5727282,movie,2017,107,"Biography,Drama,Sport",6.9,36277.0
you were never really here,tt5742374,movie,2017,89,"Crime,Drama,Thriller",6.7,135212.0
copshop,tt5748448,movie,2021,107,"Action,Thriller",6.2,45425.0
leo,tt5755238,movie,2023,102,"Adventure,Animation,Comedy",7.0,45583.0
skyscraper,tt5758778,movie,2018,102,"Action,Adventure,Thriller",5.8,144817.0
kandahar,tt5761544,movie,2023,119,"Action,Drama,Thriller",6.1,46425.0
hindi medium,tt5764096,movie,2017,132,"Comedy,Drama",7.9,35781.0
underwater,tt5774060,movie,2020,95,"Action,Adventure,Horror",5.9,107769.0
summer of 84,tt5774450,movie,2018,105,"Crime,Drama,Horror",6.7,51265.0
phantom thread,tt5776858,movie,2017,130,"Drama,Romance",7.4,161150.0
when we first met,tt5783956,movie,2018,97,"Comedy,Fantasy,Romance",6.4,56978.0
escape from pretoria,tt5797184,movie,2020,106,"Action,Biography,Crime",6.8,49453.0
the mountain ii,tt5813916,movie,2016,135,"Action,Drama,War",8.2,112615.0
the nun,tt5814060,movie,2018,96,"Horror,Mystery,Thriller",5.4,194413.0
spies in disguise,tt5814534,movie,2019,102,"Action,Adventure,Animation",6.8,62403.0
victoria abdul,tt5816682,movie,2017,111,"Biography,Comedy,Drama",6.8,39962.0
paddington in peru,tt5822536,movie,2024,106,"Adventure,Comedy,Family",6.6,34410.0
wonder wheel,tt5825380,movie,2017,101,"Drama,Romance",6.2,32724.0
a hidden life,tt5827916,movie,2019,174,"Biography,Drama,Romance",7.4,31936.0
hotel artemis,tt5834262,movie,2018,94,"Action,Crime,Drama",6.1,62215.0
moonfall,tt5834426,movie,2022,130,"Action,Adventure,Sci-Fi",5.2,111998.0
ralph breaks the internet,tt5848272,movie,2018,112,"Adventure,Animation,Comedy",7.0,204206.0
veronica,tt5862312,movie,2017,105,"Horror,Mystery",6.2,52991.0
the laundromat,tt5865326,movie,2019,96,"Comedy,Crime,Drama",6.3,57841.0
the empty man,tt5867314,movie,2020,137,"Drama,Horror,Mystery",6.2,48997.0
pokémon detective pikachu,tt5884052,movie,2019,104,"Adventure,Comedy,Family",6.5,195774.0
plane,tt5884796,movie,2023,107,"Action,Adventure,Thriller",6.5,103119.0
escape room,tt5886046,movie,2019,99,"Action,Adventure,Horror",6.4,158808.0
marrowbone,tt5886440,movie,2017,110,"Drama,Horror,Mystery",6.7,49638.0
13th,tt5895028,movie,2016,100,"Crime,Documentary,History",8.2,39244.0
possessor,tt5918982,movie,2020,103,"Horror,Mystery,Sci-Fi",6.5,53434.0
wildlife,tt5929754,movie,2018,105,Drama,6.8,33455.0
the professor and the madman,tt5932728,movie,2019,124,"Biography,Drama,History",7.2,54822.0
padmaavat,tt5935704,movie,2018,163,"Drama,History,War",7.1,40639.0
dear zindagi,tt5946128,movie,2016,151,"Drama,Romance",7.4,47300.0
tiger zinda hai,tt5956100,movie,2017,161,"Action,Adventure,Thriller",5.9,36597.0
ingrid goes west,tt5962210,movie,2017,98,"Comedy,Drama,Horror",6.6,51461.0
captive state,tt5968394,movie,2019,109,"Sci-Fi,Thriller",6.0,60388.0
the little mermaid,tt5971474,movie,2023,135,"Adventure,Family,Fantasy",7.2,177872.0
jolly llb 2,tt5982852,movie,2017,137,"Comedy,Crime,Drama",7.2,30745.0
reis,tt5988370,movie,2017,108,"Biography,Drama",1.0,74626.0
roman j israel esq,tt6000478,movie,2017,122,"Crime,Drama,Thriller",6.5,47987.0
last flag flying,tt6018306,movie,2017,125,"Comedy,Drama,War",6.9,30423.0
smolensk,tt6038600,movie,2016,120,"Drama,Thriller",1.2,40447.0
greyhound,tt6048922,movie,2020,91,"Drama,History,War",7.0,132084.0
first reformed,tt6053438,movie,2017,113,"Drama,Mystery,Thriller",7.1,67232.0
i see you,tt6079516,movie,2019,98,"Horror,Mystery,Thriller",6.8,75458.0
the protégé,tt6079772,movie,2021,109,"Action,Crime,Thriller",6.1,42240.0
the angry birds movie 2,tt6095472,movie,2019,97,"Action,Adventure,Animation",6.4,41814.0
the lion king,tt6105098,movie,2019,118,"Adventure,Animation,Drama",6.8,290791.0
late night,tt6107548,movie,2019,102,"Comedy,Drama",6.5,43483.0
secret superstar,tt6108090,movie,2017,150,"Drama,Music",7.7,32069.0
disobedience,tt6108178,movie,2017,114,Drama,6.6,39921.0
the woman in the window,tt6111574,movie,2021,100,"Crime,Drama,Mystery",5.7,89817.0
the night comes for us,tt6116856,movie,2018,121,"Action,Crime,Thriller",6.9,32570.0
professor marston the wonder women,tt6133130,movie,2017,108,"Biography,Drama,History",7.0,30321.0
the first purge,tt6133466,movie,2018,97,"Action,Horror,Sci-Fi",5.2,78002.0
aladdin,tt6139732,movie,2019,128,"Adventure,Comedy,Family",6.9,313416.0
the aeronauts,tt6141246,movie,2019,100,"Action,Adventure,Drama",6.6,39948.0
john wick chapter 3 parabellum,tt6146586,movie,2019,130,"Action,Crime,Drama",7.4,477649.0
vikram vedha,tt6148156,movie,2017,147,"Action,Crime,Drama",8.2,55234.0
roma,tt6155172,movie,2018,135,Drama,7.6,178061.0
white noise,tt6160448,movie,2022,136,"Comedy,Drama,Horror",5.7,47578.0
wonka,tt6166392,movie,2023,116,"Adventure,Comedy,Family",6.9,192014.0
smallfoot,tt6182908,movie,2018,96,"Adventure,Animation,Comedy",6.6,45436.0
angel has fallen,tt6189022,movie,2019,121,"Action,Thriller",6.4,122288.0
incident in a ghostland,tt6195094,movie,2018,91,"Drama,Horror,Mystery",6.4,46417.0
american animals,tt6212478,movie,2018,116,"Biography,Crime,Drama",7.0,52646.0
1922,tt6214928,movie,2017,102,"Crime,Drama,Horror",6.2,78124.0
apostle,tt6217306,movie,2018,130,"Drama,Fantasy,Horror",6.3,65799.0
calibre,tt6218358,movie,2018,101,"Drama,Thriller",6.8,38090.0
dont breathe 2,tt6246322,movie,2021,98,"Action,Crime,Horror",6.0,81429.0
code 8,tt6259380,movie,2019,98,"Action,Crime,Drama",6.1,57680.0
deadpool wolverine,tt6263850,movie,2024,128,"Action,Adventure,Comedy",7.5,561338.0
free guy,tt6264654,movie,2021,115,"Action,Adventure,Comedy",7.1,485181.0
a ghost story,tt6265828,movie,2017,92,"Drama,Fantasy,Mystery",6.8,86215.0
vice,tt6266538,movie,2018,132,"Biography,Comedy,Drama",7.2,174237.0
the clovehitch killer,tt6269368,movie,2018,109,"Crime,Drama,Horror",6.5,40598.0
brahmastra part one shiva,tt6277462,movie,2022,167,"Action,Adventure,Fantasy",5.6,115491.0
the banker,tt6285944,movie,2020,120,"Biography,Drama",7.3,42524.0
dont worry he wont get far on foot,tt6288124,movie,2018,114,"Biography,Comedy,Drama",6.8,33108.0
i am mother,tt6292852,movie,2019,113,"Drama,Mystery,Sci-Fi",6.7,105780.0
the post,tt6294822,movie,2017,116,"Biography,Drama,History",7.2,171455.0
thelma,tt6304046,movie,2017,116,"Drama,Fantasy,Horror",6.9,39559.0
loveless,tt6304162,movie,2017,127,Drama,7.6,37455.0
adrift,tt6306064,movie,2018,96,"Action,Adventure,Biography",6.6,65813.0
ayla the daughter of war,tt6316138,movie,2017,125,"Biography,Drama,History",8.2,48022.0
spiderman far from home,tt6320628,movie,2019,129,"Action,Adventure,Comedy",7.3,633603.0
abominable,tt6324278,movie,2019,97,"Adventure,Animation,Comedy",7.0,46643.0
icarus,tt6333060,movie,2017,120,"Documentary,Sport",7.9,57965.0
the suicide squad,tt6334354,movie,2021,132,"Action,Adventure,Comedy",7.2,455943.0
oxygen,tt6341832,movie,2021,100,"Drama,Fantasy,Sci-Fi",6.5,48008.0
creed ii,tt6343314,movie,2018,130,"Action,Drama,Sport",7.1,169444.0
missing link,tt6348138,movie,2019,93,"Adventure,Animation,Comedy",6.7,30670.0
a bad moms christmas,tt6359956,movie,2017,104,Comedy,5.6,62311.0
bombshell,tt6394270,movie,2019,109,"Biography,Drama",6.8,135622.0
downton abbey,tt6398184,movie,2019,122,"Drama,Romance",7.4,70931.0
blood red sky,tt6402468,movie,2021,121,"Action,Drama,Horror",6.1,60232.0
the ballad of buster scruggs,tt6412452,movie,2018,133,"Comedy,Drama,Musical",7.2,183489.0
moxie,tt6432466,movie,2021,111,"Comedy,Drama",6.7,30554.0
7500,tt6436726,movie,2019,93,"Drama,Thriller",6.3,36343.0
black adam,tt6443346,movie,2022,125,"Action,Adventure,Fantasy",6.1,302420.0
terminator dark fate,tt6450804,movie,2019,128,"Action,Adventure,Sci-Fi",6.2,211336.0
sanju,tt6452574,movie,2018,155,"Biography,Comedy,Drama",7.6,67186.0
bhool bhulaiyaa 2,tt6455162,movie,2022,143,"Comedy,Horror",5.7,36080.0
sing 2,tt6467266,movie,2021,110,"Adventure,Animation,Comedy",7.3,100385.0
five feet apart,tt6472976,movie,2019,116,"Drama,Romance",7.2,96231.0
monster hunter,tt6475714,movie,2020,103,"Action,Adventure,Fantasy",5.2,74725.0
serenity,tt6476140,movie,2019,106,"Drama,Mystery,Thriller",5.4,49151.0
mersal,tt6485666,movie,2017,172,"Action,Crime,Fantasy",7.5,41982.0
dragged across concrete,tt6491178,movie,2018,159,"Action,Crime,Drama",6.9,61841.0
migration,tt6495056,movie,2023,83,"Adventure,Animation,Comedy",6.6,46259.0
upgrade,tt6499752,movie,2018,100,"Action,Sci-Fi,Thriller",7.5,232403.0
fighting with my family,tt6513120,movie,2019,108,"Biography,Comedy,Drama",7.0,92946.0
escape plan 2 hades,tt6513656,movie,2018,93,"Action,Crime,Mystery",3.9,38110.0
jay and silent bob reboot,tt6521876,movie,2019,105,"Action,Adventure,Comedy",5.6,30455.0
zero,tt6527426,movie,2018,164,"Comedy,Drama,Romance",5.2,33282.0
night hunter,tt6533240,movie,2018,98,"Action,Adventure,Crime",6.0,31702.0
haunt,tt6535880,movie,2019,92,"Horror,Thriller",6.3,45466.0
cold war,tt6543652,movie,2018,89,"Drama,Music,Romance",7.5,65227.0
xmen dark phoenix,tt6565702,movie,2019,113,"Action,Adventure,Sci-Fi",5.7,226785.0
fear street part one 1994,tt6566576,movie,2021,107,"Drama,Horror,Mystery",6.2,109437.0
the white tiger,tt6571548,movie,2021,125,"Crime,Drama",7.1,69712.0
the boy and the heron,tt6587046,movie,2023,124,"Adventure,Animation,Drama",7.3,125008.0
trolls world tour,tt6587640,movie,2020,91,"Adventure,Animation,Comedy",6.1,32633.0
the wild pear tree,tt6628102,movie,2018,188,Drama,8.0,30571.0
bad times at the el royale,tt6628394,movie,2018,141,"Crime,Drama,Mystery",7.1,177977.0
a quiet place,tt6644200,movie,2018,90,"Drama,Horror,Sci-Fi",7.5,654555.0
infinite,tt6654210,movie,2021,106,"Action,Sci-Fi,Thriller",5.5,70192.0
the spy who dumped me,tt6663582,movie,2018,117,"Action,Adventure,Comedy",6.1,87021.0
dolittle,tt6673612,movie,2020,101,"Adventure,Comedy,Family",5.6,78642.0
outlaw king,tt6679794,movie,2018,121,"Action,Biography,Drama",6.9,87808.0
arif v 216,tt6697582,movie,2018,125,"Comedy,Sci-Fi",6.9,41553.0
everything everywhere all at once,tt6710474,movie,2022,139,"Action,Adventure,Comedy",7.7,624960.0
the super mario bros movie,tt6718170,movie,2023,92,"Adventure,Animation,Comedy",7.0,285685.0
tenet,tt6723592,movie,2020,150,"Action,Sci-Fi,Thriller",7.3,681087.0
revenge,tt6738136,movie,2017,108,"Action,Drama,Horror",6.4,64614.0
the guilty,tt6742252,movie,2018,85,"Crime,Drama,Thriller",7.5,69002.0
parasite,tt6751668,movie,2019,132,"Drama,Thriller",8.5,1152878.0
dogman,tt6768578,movie,2018,103,"Crime,Drama,Thriller",7.2,31572.0
hillbilly elegy,tt6772802,movie,2020,116,"Biography,Drama",6.7,60872.0
truth or dare,tt6772950,movie,2018,100,"Horror,Mystery,Thriller",5.3,73605.0
night school,tt6781982,movie,2018,111,Comedy,5.6,49046.0
i feel pretty,tt6791096,movie,2018,110,"Comedy,Romance",5.7,60284.0
guardians of the galaxy vol 3,tt6791350,movie,2023,150,"Action,Adventure,Comedy",7.9,466582.0
the 1517 to paris,tt6802308,movie,2018,94,"Biography,Drama,Thriller",5.3,37169.0
coming 2 america,tt6802400,movie,2021,110,"Comedy,Music",5.3,80955.0
the vast of night,tt6803046,movie,2019,91,"Drama,Mystery,Sci-Fi",6.7,49732.0
fast furious presents hobbs shaw,tt6806448,movie,2019,137,"Action,Adventure,Thriller",6.4,255967.0
arctic,tt6820256,movie,2018,98,"Adventure,Drama",6.8,63214.0
glass,tt6823368,movie,2019,129,"Drama,Fantasy,Horror",6.6,302693.0
peppermint,tt6850820,movie,2018,101,"Action,Thriller",6.5,75625.0
the kings man,tt6856242,movie,2021,131,"Action,Adventure,Thriller",6.3,194978.0
us,tt6857112,movie,2019,116,"Horror,Mystery,Thriller",6.8,389434.0
book club,tt6857166,movie,2018,104,"Comedy,Drama,Romance",6.1,34861.0
palmer,tt6857376,movie,2021,110,Drama,7.3,51065.0
the professor,tt6865690,movie,2018,90,"Comedy,Drama",6.7,41057.0
a taxi driver,tt6878038,movie,2017,137,"Action,Drama,History",7.9,37705.0
news of the world,tt6878306,movie,2020,118,"Action,Adventure,Drama",6.8,100848.0
the marksman,tt6902332,movie,2021,108,"Action,Drama,Thriller",5.7,48830.0
guns akimbo,tt6902676,movie,2019,98,"Action,Comedy,Crime",6.3,77234.0
mirage,tt6908274,movie,2018,128,"Drama,Fantasy,Mystery",7.4,70939.0
mamma mia here we go again,tt6911608,movie,2018,114,"Comedy,Musical,Romance",6.6,119861.0
resident evil welcome to raccoon city,tt6920084,movie,2021,107,"Action,Horror,Sci-Fi",5.2,71385.0
johnny english strikes again,tt6921996,movie,2018,89,"Action,Adventure,Comedy",6.2,90374.0
midway,tt6924650,movie,2019,138,"Action,Drama,History",6.7,104689.0
at eternitys gate,tt6938828,movie,2018,111,"Biography,Drama,History",6.9,44015.0
green book,tt6966692,movie,2018,130,"Biography,Comedy,Drama",8.2,679096.0
the mother,tt6968614,movie,2023,115,"Action,Thriller",5.6,52585.0
good boys,tt6977338,movie,2019,90,"Adventure,Comedy",6.7,89390.0
destination wedding,tt6987770,movie,2018,87,"Comedy,Drama,Romance",6.0,36428.0
crimea,tt6990206,movie,2017,99,"Action,Drama",3.4,33742.0
mandy,tt6998518,movie,2018,121,"Action,Fantasy,Horror",6.5,98363.0
boy erased,tt7008872,movie,2018,115,"Biography,Drama",6.9,46091.0
eighth grade,tt7014006,movie,2018,93,"Comedy,Drama",7.3,86563.0
96,tt7019842,movie,2018,158,"Drama,Romance",8.5,44820.0
a simple favor,tt7040874,movie,2018,117,"Comedy,Crime,Mystery",6.7,189541.0
velvet buzzsaw,tt7043012,movie,2019,113,"Horror,Mystery,Thriller",5.7,68764.0
forgotten,tt7057496,movie,2017,108,"Crime,Mystery,Thriller",7.4,60476.0
raatchasan,tt7060344,movie,2018,146,"Crime,Drama,Mystery",8.3,59358.0
the conjuring the devil made me do it,tt7069210,movie,2021,112,"Horror,Mystery,Thriller",6.2,167988.0
venom let there be carnage,tt7097896,movie,2021,97,"Action,Adventure,Crime",5.9,301950.0
raazi,tt7098658,movie,2018,138,"Action,Drama,Thriller",7.7,36978.0
if beale street could talk,tt7125860,movie,2018,119,"Drama,Romance",7.1,54984.0
wonder woman 1984,tt7126948,movie,2020,151,"Action,Adventure,Fantasy",5.3,309986.0
once upon a time in hollywood,tt7131622,movie,2019,161,"Comedy,Drama",7.6,956214.0
destroyer,tt7137380,movie,2018,121,"Action,Crime,Drama",6.2,33580.0
a rainy day in new york,tt7139936,movie,2019,92,"Comedy,Romance",6.4,58100.0
the black phone,tt7144666,movie,2021,103,"Horror,Mystery,Thriller",6.9,261074.0
onward,tt7146812,movie,2020,102,"Adventure,Animation,Comedy",7.4,185320.0
the silencing,tt7149730,movie,2020,93,"Action,Crime,Mystery",6.3,38409.0
unsane,tt7153766,movie,2018,98,"Drama,Horror,Mystery",6.4,53537.0
the zone of interest,tt7160372,movie,2023,105,"Drama,History,War",7.3,164934.0
ludo,tt7212754,movie,2020,150,"Action,Comedy,Drama",7.6,46015.0
luck,tt7214954,movie,2022,105,"Adventure,Animation,Comedy",6.5,35230.0
pad man,tt7218518,movie,2018,140,"Comedy,Drama",7.8,32535.0
cumali ceber,tt7221896,movie,2017,100,Comedy,1.0,39982.0
i want to eat your pancreas,tt7236034,movie,2018,109,"Animation,Drama,Family",8.1,35176.0
blindspotting,tt7242142,movie,2018,95,"Comedy,Crime,Drama",7.4,34218.0
minnal murali,tt7268738,movie,2021,143,"Action,Comedy,Drama",7.8,34922.0
22 july,tt7280898,movie,2018,143,"Crime,Drama,History",6.8,40489.0
burning,tt7282468,movie,2018,148,"Drama,Mystery,Thriller",7.4,85311.0
joker,tt7286456,movie,2019,122,"Crime,Drama,Thriller",8.3,1682630.0
arjun reddy,tt7294534,movie,2017,182,"Drama,Romance",7.9,30078.0
the silence,tt7315484,movie,2019,90,"Drama,Horror,Sci-Fi",5.4,55615.0
triangle of sadness,tt7322224,movie,2022,147,"Comedy,Drama",7.2,214890.0
47 meters down uncaged,tt7329656,movie,2019,90,"Adventure,Drama,Horror",5.0,33571.0
the art of selfdefense,tt7339248,movie,2019,104,"Action,Comedy,Crime",6.6,43398.0
the lodge,tt7347846,movie,2019,108,"Drama,Horror,Mystery",6.0,64520.0
blackkklansman,tt7349662,movie,2018,135,"Biography,Comedy,Crime",7.5,313382.0
it chapter two,tt7349950,movie,2019,169,"Drama,Fantasy,Horror",6.5,352473.0
always be my maybe,tt7374948,movie,2019,101,"Comedy,Romance",6.7,66322.0
rangasthalam,tt7392212,movie,2018,170,"Action,Drama",8.2,30838.0
the devil all the time,tt7395114,movie,2020,138,"Crime,Drama,Thriller",7.1,168292.0
instant family,tt7401588,movie,2018,118,"Comedy,Drama",7.3,134899.0
a man called otto,tt7405458,movie,2022,126,"Comedy,Drama",7.5,208774.0
war,tt7430722,movie,2019,151,"Action,Adventure,Thriller",6.6,39862.0
race 3,tt7431594,movie,2018,160,"Action,Thriller",1.9,50205.0
anna,tt7456310,movie,2019,118,"Action,Thriller",6.7,107100.0
777 charlie,tt7466810,movie,2022,164,"Adventure,Comedy,Drama",8.7,47263.0
munich the edge of war,tt7475578,movie,2021,130,"Biography,Drama,History",6.8,39328.0
super 30,tt7485048,movie,2019,154,"Biography,Drama",7.9,42061.0
the call of the wild,tt7504726,movie,2020,100,"Adventure,Drama,Family",6.7,63923.0
rons gone wrong,tt7504818,movie,2021,107,"Adventure,Animation,Comedy",7.1,45269.0
despicable me 4,tt7510222,movie,2024,94,"Adventure,Animation,Comedy",6.2,77686.0
83,tt7518786,movie,2021,162,"Drama,History,Sport",7.5,42821.0
the boy who harnessed the wind,tt7533152,movie,2019,113,"Biography,Drama,History",7.6,51675.0
dora and the lost city of gold,tt7547410,movie,2019,102,"Action,Adventure,Comedy",6.1,39118.0
terrified,tt7549892,movie,2017,87,Horror,6.5,30019.0
judy,tt7549996,movie,2019,118,"Biography,Drama,Music",6.8,58276.0
project power,tt7550000,movie,2020,113,"Action,Crime,Sci-Fi",6.0,103355.0
no exit,tt7550014,movie,2022,95,"Drama,Mystery,Thriller",6.2,38651.0
the old guard,tt7556122,movie,2020,125,"Action,Thriller",6.7,209363.0
saint maud,tt7557108,movie,2019,84,"Drama,Horror,Mystery",6.6,55434.0
sound of freedom,tt7599146,movie,2023,131,"Biography,Crime,Drama",7.6,136613.0
the wandering earth,tt7605074,movie,2019,125,"Action,Adventure,Sci-Fi",5.9,39260.0
the open house,tt7608028,movie,2018,94,"Horror,Thriller",3.3,39359.0
what men want,tt7634968,movie,2019,117,"Comedy,Fantasy,Romance",5.4,34659.0
boss level,tt7638348,movie,2020,100,"Action,Adventure,Comedy",6.8,89533.0
marriage story,tt7653254,movie,2019,137,"Drama,Romance",7.9,370591.0
death on the nile,tt7657566,movie,2022,127,"Crime,Drama,Mystery",6.3,209124.0
three identical strangers,tt7664504,movie,2018,96,"Biography,Documentary,Drama",7.6,44857.0
searching,tt7668870,movie,2018,102,"Drama,Mystery,Thriller",7.6,191708.0
devotion,tt7693316,movie,2022,139,"Action,Biography,Drama",6.6,32507.0
alone,tt7711170,movie,2020,98,"Drama,Mystery,Thriller",6.2,35551.0
birds of prey and the fantabulous emancipation of one harley quinn,tt7713068,movie,2020,109,"Action,Comedy,Crime",6.1,281520.0
bharat,tt7721800,movie,2019,150,"Action,Comedy,Drama",4.7,33672.0
badhaai ho,tt7725596,movie,2018,124,"Comedy,Drama",7.9,40644.0
stuber,tt7734218,movie,2019,93,"Action,Comedy,Crime",6.2,54392.0
kate,tt7737528,movie,2021,106,"Action,Adventure,Crime",6.3,76654.0
greenland,tt7737786,movie,2020,119,"Action,Adventure,Thriller",6.4,166072.0
woman of the hour,tt7737800,movie,2023,95,"Crime,Drama,Mystery",6.6,73843.0
nightmare alley,tt7740496,movie,2021,150,"Crime,Drama,Thriller",7.0,181849.0
antlers,tt7740510,movie,2021,99,"Drama,Horror,Mystery",5.9,49407.0
mortal world,tt7748244,movie,2018,107,"Action,Comedy,Crime",7.6,34597.0
brightburn,tt7752126,movie,2019,90,"Drama,Fantasy,Horror",6.1,120638.0
the perfection,tt7772580,movie,2018,90,"Drama,Horror,Thriller",6.2,53455.0
free solo,tt7775622,movie,2018,100,"Adventure,Documentary,Sport",8.1,86755.0
hereditary,tt7784604,movie,2018,127,"Drama,Horror,Mystery",7.3,451657.0
we have a ghost,tt7798604,movie,2023,126,"Adventure,Comedy,Family",6.1,36742.0
ready or not,tt7798634,movie,2019,95,"Action,Comedy,Horror",6.9,236117.0
marighella,tt7825208,movie,2019,155,"Action,Biography,Drama",7.1,56843.0
kgf chapter 1,tt7838252,movie,2018,154,"Action,Crime,Drama",8.2,110541.0
enola holmes,tt7846844,movie,2020,123,"Adventure,Crime,Drama",6.6,244530.0
sadak 2,tt7886848,movie,2020,133,"Action,Drama",1.2,97185.0
nobody,tt7888964,movie,2021,92,"Action,Crime,Drama",7.4,389493.0
they shall not grow old,tt7905466,movie,2018,99,"Documentary,History,War",8.2,40634.0
one cut of the dead,tt7914416,movie,2017,96,"Comedy,Drama,Horror",7.6,35075.0
im thinking of ending things,tt7939766,movie,2020,134,"Drama,Thriller",6.5,109530.0
prospect,tt7946422,movie,2018,100,"Adventure,Drama,Sci-Fi",6.3,40200.0
ma,tt7958736,movie,2019,99,"Horror,Mystery,Thriller",5.6,70356.0
the mule,tt7959026,movie,2018,116,"Crime,Drama,Thriller",7.0,168058.0
dragon ball super broly,tt7961060,movie,2018,100,"Action,Adventure,Animation",7.7,36697.0
jumanji the next level,tt7975244,movie,2019,123,"Action,Adventure,Comedy",6.6,317265.0
the mitchells vs the machines,tt7979580,movie,2021,114,"Adventure,Animation,Comedy",7.6,141608.0
the lighthouse,tt7984734,movie,2019,109,"Drama,Fantasy,Horror",7.4,300002.0
the king,tt7984766,movie,2019,140,"Biography,Drama,History",7.3,176837.0
the legend of tomiris,tt7985648,movie,2019,156,"Action,Drama,Fantasy",6.3,43801.0
operation fortune ruse de guerre,tt7985704,movie,2023,114,"Action,Adventure,Comedy",6.3,110065.0
red notice,tt7991608,movie,2021,118,"Action,Comedy,Thriller",6.3,352737.0
hustle,tt8009428,movie,2022,117,"Comedy,Drama,Sport",7.3,163281.0
jurassic world dominion,tt8041270,movie,2022,147,"Action,Adventure,Sci-Fi",5.6,244378.0
shoplifters,tt8075192,movie,2018,121,"Crime,Drama,Thriller",7.9,94711.0
yesterday,tt8079248,movie,2019,116,"Comedy,Fantasy,Music",6.8,184223.0
hypnotic,tt8080204,movie,2023,93,"Action,Drama,Mystery",5.5,46106.0
the woman king,tt8093700,movie,2022,135,"Action,Drama,History",6.9,82711.0
turning red,tt8097030,movie,2022,100,"Adventure,Animation,Comedy",6.9,172605.0
6 underground,tt8106534,movie,2019,128,"Action,Thriller",6.1,210482.0
andhadhun,tt8108198,movie,2018,139,"Crime,Mystery,Thriller",8.2,115468.0
stree,tt8108202,movie,2018,128,"Comedy,Horror",7.5,47603.0
the tashkent files,tt8108268,movie,2019,134,"Drama,Mystery,Thriller",8.0,38952.0
tanhaji the unsung warrior,tt8108274,movie,2020,135,"Action,Biography,Drama",7.5,38583.0
the many saints of newark,tt8110232,movie,2021,120,"Crime,Drama",6.3,68375.0
dil bechara,tt8110330,movie,2020,101,"Comedy,Drama,Romance",8.3,137503.0
in the shadow of the moon,tt8110640,movie,2019,115,"Action,Crime,Mystery",6.2,67219.0
bodies bodies bodies,tt8110652,movie,2022,94,"Comedy,Horror,Mystery",6.1,89593.0
willys wonderland,tt8114980,movie,2021,88,"Action,Comedy,Horror",5.5,43923.0
the bad guys,tt8115900,movie,2022,100,"Adventure,Animation,Comedy",6.9,78986.0
badla,tt8130968,movie,2019,118,"Crime,Drama,Mystery",7.7,34481.0
honey boy,tt8151874,movie,2019,94,Drama,7.2,42897.0
happy death day 2u,tt8155288,movie,2019,100,"Comedy,Horror,Mystery",6.2,95455.0
rrr,tt8178634,movie,2022,187,"Action,Adventure,Drama",7.8,202423.0
the perfect date,tt8201170,movie,2019,89,"Comedy,Romance",5.8,46356.0
you should have left,tt8201852,movie,2020,93,"Horror,Mystery,Thriller",5.4,31047.0
bad education,tt8206668,movie,2019,108,"Biography,Comedy,Crime",7.1,45925.0
the platform,tt8228288,movie,2019,94,"Horror,Mystery,Sci-Fi",7.0,322137.0
the report,tt8236336,movie,2019,119,"Biography,Crime,Drama",7.2,56452.0
tumbbad,tt8239946,movie,2018,108,"Drama,Fantasy,Horror",8.2,74299.0
my spy,tt8242084,movie,2020,99,"Action,Comedy",6.4,41476.0
the hunt,tt8244784,movie,2020,90,"Action,Horror,Thriller",6.6,152114.0
capernaum,tt8267604,movie,2018,126,Drama,8.4,123334.0
uri the surgical strike,tt8291224,movie,2019,138,"Action,Drama,History",8.2,82118.0
pain and glory,tt8291806,movie,2019,113,Drama,7.5,66915.0
jerry and marge go large,tt8323668,movie,2022,96,"Biography,Comedy,Drama",6.9,33980.0
a quiet place part ii,tt8332922,movie,2020,97,"Drama,Horror,Sci-Fi",7.2,320270.0
annabelle comes home,tt8350360,movie,2019,106,"Horror,Mystery,Thriller",5.9,101088.0
the 355,tt8356942,movie,2022,122,"Action,Thriller",5.6,43421.0
climax,tt8359848,movie,2018,97,"Drama,Horror,Music",6.9,89324.0
cam,tt8361028,movie,2018,94,"Drama,Horror,Mystery",5.9,39477.0
crawl,tt8364368,movie,2019,87,"Action,Horror,Thriller",6.1,102181.0
the gentlemen,tt8367814,movie,2019,113,"Action,Comedy,Crime",7.8,454285.0
the apprentice,tt8368368,movie,2024,122,"Biography,Drama,History",7.1,72296.0
vivarium,tt8368406,movie,2019,97,"Horror,Mystery,Sci-Fi",5.9,89505.0
gunpowder milkshake,tt8368408,movie,2021,114,"Action,Crime,Thriller",6.1,55565.0
the courier,tt8368512,movie,2020,112,"Drama,History,Mystery",7.2,81420.0
swallow,tt8372298,movie,2019,94,"Drama,History,Thriller",6.5,32180.0
hitmans wifes bodyguard,tt8385148,movie,2021,100,"Action,Comedy,Crime",6.1,118874.0
a dogs journey,tt8385474,movie,2019,109,"Adventure,Comedy,Drama",7.5,32611.0
snake eyes,tt8404256,movie,2021,121,"Action,Adventure,Crime",5.4,48180.0
the two popes,tt8404614,movie,2019,125,"Biography,Drama",7.6,146198.0
shamshera,tt8426926,movie,2022,178,"Action,Adventure,Drama",4.7,57737.0
hamilton,tt8503618,movie,2020,160,"Biography,Drama,History",8.3,138141.0
his house,tt8508734,movie,2020,93,"Drama,Horror,Thriller",6.4,54352.0
bob marley one love,tt8521778,movie,2024,107,"Biography,Drama,Music",6.2,38709.0
yes day,tt8521876,movie,2021,86,"Comedy,Family",5.7,34695.0
happiest season,tt8522006,movie,2020,102,"Comedy,Romance",6.6,53189.0
dolemite is my name,tt8526872,movie,2019,118,"Biography,Comedy,Drama",7.2,67982.0
the way back,tt8544498,movie,2020,108,"Drama,Sport",6.7,56470.0
1917,tt8579674,movie,2019,119,"Action,Drama,War",8.2,766396.0
eurovision song contest the story of fire saga,tt8580274,movie,2020,123,"Comedy,Music",6.5,109040.0
teenage mutant ninja turtles mutant mayhem,tt8589698,movie,2023,99,"Action,Adventure,Animation",7.2,77640.0
portrait of a lady on fire,tt8613070,movie,2019,122,"Drama,Romance",8.0,126385.0
last christmas,tt8623904,movie,2019,103,"Comedy,Drama,Fantasy",6.5,105957.0
spenser confidential,tt8629748,movie,2020,111,"Action,Comedy,Crime",6.2,106058.0
quo vadis aida,tt8633462,movie,2020,101,"Drama,History,War",8.0,41722.0
run,tt8633478,movie,2020,90,"Drama,Horror,Mystery",6.7,111973.0
the farewell,tt8637428,movie,2019,100,"Comedy,Drama",7.5,75435.0
waves,tt8652728,movie,2019,135,"Drama,Romance,Sport",7.5,37762.0
childs play,tt8663516,movie,2019,90,"Drama,Horror,Sci-Fi",5.7,60316.0
tu jhoothi main makkaar,tt8672856,movie,2023,150,"Comedy,Romance",6.0,30482.0
21 bridges,tt8688634,movie,2019,99,"Action,Adventure,Crime",6.7,80520.0
the dead dont die,tt8695030,movie,2019,104,"Action,Comedy,Crime",5.4,101708.0
the hating game,tt8718158,movie,2021,102,"Comedy,Romance",6.2,34996.0
tick tick boom,tt8721424,movie,2021,115,"Biography,Comedy,Drama",7.5,128241.0
queen slim,tt8722346,movie,2019,132,"Crime,Drama,Romance",7.1,37090.0
the swimmers,tt8745676,movie,2022,134,"Biography,Drama,Sport",7.4,40245.0
m3gan,tt8760708,movie,2022,102,"Horror,Sci-Fi,Thriller",6.3,180707.0
midsommar,tt8772262,movie,2019,148,"Drama,Horror,Mystery",7.1,480118.0
freaks,tt8781414,movie,2018,105,"Drama,Fantasy,Mystery",6.7,44586.0
ava,tt8784956,movie,2020,96,"Action,Crime,Drama",5.5,67932.0
kraven the hunter,tt8790086,movie,2024,127,"Action,Adventure,Thriller",5.5,79960.0
the french dispatch,tt8847712,movie,2021,107,"Comedy,Drama,Romance",7.1,166840.0
peninsula,tt8850222,movie,2020,116,"Action,Drama,Horror",5.5,43150.0
transformers one,tt8864596,movie,2024,104,"Action,Adventure,Animation",7.6,63679.0
dc league of superpets,tt8912936,movie,2022,105,"Action,Adventure,Animation",6.8,79804.0
extraction,tt8936646,movie,2020,116,"Action,Crime,Thriller",6.8,288156.0
knives out,tt8946378,movie,2019,130,"Comedy,Crime,Drama",7.9,872401.0
the princess switch,tt8954732,movie,2018,101,"Comedy,Drama,Family",6.1,34354.0
radhe shyam,tt8960382,movie,2022,138,Romance,5.2,33374.0
kabir singh,tt8983202,movie,2019,173,"Drama,Romance",7.0,45280.0
the brutalist,tt8999762,movie,2024,216,Drama,7.2,135273.0
synchronic,tt9016974,movie,2019,102,"Drama,Horror,Mystery",6.2,45869.0
eternals,tt9032400,movie,2021,156,"Action,Adventure,Fantasy",6.2,424758.0
living,tt9051908,movie,2022,102,Drama,7.2,39306.0
chhichhore,tt9052870,movie,2019,143,"Comedy,Drama,Romance",8.3,72165.0
dark waters,tt9071322,movie,2019,126,"Biography,Drama,History",7.6,120771.0
relic,tt9072352,movie,2020,89,"Drama,Horror,Mystery",6.0,32940.0
gretel hansel,tt9086228,movie,2020,87,"Fantasy,Horror,Mystery",5.5,38948.0
cobweb,tt9100018,movie,2023,88,"Horror,Mystery,Thriller",5.9,46194.0
the lost daughter,tt9100054,movie,2021,121,Drama,6.7,81441.0
wrong turn,tt9110170,movie,2021,109,"Drama,Horror,Mystery",5.6,41890.0
black panther wakanda forever,tt9114286,movie,2022,161,"Action,Adventure,Drama",6.6,367220.0
the eyes of tammy faye,tt9115530,movie,2021,126,"Biography,Drama,Romance",6.6,58479.0
cherry,tt9130508,movie,2021,142,"Biography,Crime,Drama",6.6,41787.0
vikram,tt9179430,movie,2022,175,"Action,Crime,Thriller",8.3,88965.0
are you there god its me margaret,tt9185206,movie,2023,106,"Comedy,Drama,Family",7.3,37768.0
cuties,tt9196192,movie,2020,96,Drama,3.6,33266.0
three thousand years of longing,tt9198364,movie,2022,108,"Drama,Fantasy,Romance",6.7,72125.0
stowaway,tt9203694,movie,2021,116,"Adventure,Sci-Fi,Thriller",5.7,56467.0
monkey man,tt9214772,movie,2024,121,"Action,Crime,Thriller",6.8,99336.0
emma,tt9214832,movie,2020,124,"Comedy,Drama,Romance",6.7,71175.0
gladiator ii,tt9218128,movie,2024,148,"Action,Adventure,Drama",6.5,292021.0
meg 2 the trench,tt9224104,movie,2023,116,"Action,Adventure,Horror",5.0,101098.0
the green knight,tt9243804,movie,2021,130,"Adventure,Drama,Fantasy",6.6,130961.0
el camino,tt9243946,movie,2019,122,"Crime,Drama,Thriller",7.3,340478.0
mosul,tt9252468,movie,2019,101,"Action,Drama,Thriller",7.1,33008.0
rocketry the nambi effect,tt9263550,movie,2022,157,"Biography,Drama",8.6,61978.0
the sea beast,tt9288046,movie,2022,115,"Action,Adventure,Animation",7.0,64914.0
the wonder,tt9288822,movie,2022,108,"Drama,Mystery,Thriller",6.6,49259.0
let him go,tt9340860,movie,2020,113,"Crime,Drama,Thriller",6.7,38607.0
candyman,tt9347730,movie,2021,91,"Horror,Thriller",5.9,83058.0
to all the boys ps i still love you,tt9354842,movie,2020,101,"Comedy,Drama,Romance",6.1,53216.0
jexi,tt9354944,movie,2019,84,"Comedy,Romance,Sci-Fi",6.0,33532.0
spiderman across the spiderverse,tt9362722,movie,2023,140,"Action,Adventure,Animation",8.5,515404.0
blue beetle,tt9362930,movie,2023,127,"Action,Adventure,Sci-Fi",5.9,115766.0
shangchi and the legend of the ten rings,tt9376612,movie,2021,132,"Action,Adventure,Fantasy",7.3,485309.0
pushpa the rise part 1,tt9389998,movie,2021,179,"Action,Crime,Drama",7.6,99820.0
between two ferns the movie,tt9398640,movie,2019,82,Comedy,6.1,38953.0
where the crawdads sing,tt9411972,movie,2022,125,"Drama,Mystery,Romance",7.2,157014.0
fyre,tt9412098,movie,2019,97,"Crime,Documentary,Music",7.2,54511.0
the unholy,tt9419056,movie,2021,99,"Drama,Horror,Mystery",5.1,30887.0
doctor strange in the multiverse of madness,tt9419884,movie,2022,126,"Action,Adventure,Fantasy",6.9,541377.0
the guilty,tt9421570,movie,2021,90,"Crime,Drama,Thriller",6.3,173840.0
weathering with you,tt9426210,movie,2019,112,"Animation,Drama,Fantasy",7.5,69233.0
the idea of you,tt9466114,movie,2024,115,"Comedy,Drama,Music",6.3,83375.0
asuran,tt9477520,movie,2019,141,"Action,Drama",8.4,37100.0
palm springs,tt9484998,movie,2020,90,"Comedy,Fantasy,Mystery",7.4,212574.0
black mirror bandersnatch,tt9495224,movie,2018,90,"Drama,Fantasy,Mystery",7.1,143002.0
sooryavanshi,tt9531772,movie,2021,145,"Action,Crime,Drama",5.8,81199.0
mission impossible dead reckoning part one,tt9603212,movie,2023,163,"Action,Adventure,Thriller",7.6,325064.0
on the rocks,tt9606374,movie,2020,96,"Comedy,Drama,Romance",6.4,39633.0
the wrong missy,tt9619798,movie,2020,90,"Comedy,Romance",5.8,50337.0
king richard,tt9620288,movie,2021,144,"Biography,Drama,Sport",7.5,169634.0
promising young woman,tt9620292,movie,2020,113,"Crime,Drama,Mystery",7.5,253430.0
samrat prithviraj,tt9637132,movie,2022,135,"Action,Drama,History",5.5,53964.0
last night in soho,tt9639470,movie,2021,116,"Drama,Horror,Mystery",7.0,198781.0
close,tt9660502,movie,2022,104,Drama,7.8,47137.0
aquaman and the lost kingdom,tt9663764,movie,2023,124,"Action,Adventure,Fantasy",5.6,116888.0
night swim,tt9682428,movie,2024,98,"Horror,Mystery,Thriller",4.7,31687.0
the half of it,tt9683478,movie,2020,104,"Comedy,Drama",6.9,47148.0
the king of staten island,tt9686708,movie,2020,136,"Comedy,Drama",7.1,81717.0
shotgun wedding,tt9686790,movie,2022,101,"Action,Comedy,Romance",5.5,42526.0
shadow in the cloud,tt9691136,movie,2020,83,"Action,Horror,War",5.0,34201.0
fear street part two 1978,tt9701940,movie,2021,109,"Drama,Horror,Mystery",6.7,90014.0
fear street part three 1666,tt9701942,movie,2021,114,"Horror,Mystery",6.6,75197.0
the night house,tt9731534,movie,2020,107,"Horror,Mystery,Thriller",6.4,77414.0
bros,tt9731598,movie,2022,115,"Comedy,Romance",6.3,39341.0
the vault,tt9742794,movie,2021,118,"Action,Thriller",6.4,35208.0
the menu,tt9764362,movie,2022,107,"Comedy,Horror,Thriller",7.2,493217.0
nomadland,tt9770150,movie,2020,107,Drama,7.3,217317.0
da 5 bloods,tt9777644,movie,2020,154,"Adventure,Drama,War",6.5,57435.0
the tomorrow war,tt9777666,movie,2021,138,"Action,Adventure,Drama",6.6,252423.0
spiderhead,tt9783600,movie,2022,106,"Action,Crime,Drama",5.5,72769.0
the kissing booth 2,tt9784456,movie,2020,134,"Comedy,Romance",5.7,43556.0
judas and the black messiah,tt9784798,movie,2021,126,"Biography,Crime,Drama",7.4,114167.0
i lost my body,tt9806192,movie,2019,81,"Animation,Drama,Fantasy",7.5,38619.0
lamb,tt9812474,movie,2021,106,"Drama,Fantasy,Horror",6.3,44373.0
escape room tournament of champions,tt9844522,movie,2021,88,"Action,Adventure,Horror",5.8,68091.0
hotel transylvania 4 transformania,tt9848626,movie,2022,87,"Adventure,Animation,Comedy",6.0,47077.0
major,tt9851854,movie,2022,150,"Action,Biography,Drama",8.1,34184.0
holidate,tt9866072,movie,2020,104,"Comedy,Romance",6.2,87718.0
they cloned tyrone,tt9873892,movie,2023,122,"Comedy,Mystery,Sci-Fi",6.7,47624.0
i care a lot,tt9893250,movie,2020,118,"Comedy,Crime,Drama",6.4,158061.0
kaithi,tt9900782,movie,2019,145,"Action,Crime,Thriller",8.4,51349.0
