norm_title,critics_consensus,tomatometer_rating
please give,"Nicole Holofcener's newest might seem slight in places, but its rendering of complex characters in a conflicted economic landscape is varied, natural, and touching all the same.",87.0
the matador,"This humorously amoral, oddball comic thriller features strong performances by Pierce Brosnan and Greg Kinnear as a flamboyant, aging hit-man and an out of work suburban businessman, respectively.",75.0
the alamo,"John Wayne proves to be less compelling behind the camera than he is before it in The Alamo, a blustery dramatization of the fort's last stand that feels more like a first draft.",52.0
g,"Race and class struggles come to the Hamptons in this reworking of The Great Gatsby with a hip-hop flavor. Unfortunately, too many subplots and a lack of believable characters spoil an otherwise novel concept.",24.0
aliens,"While Alien was a marvel of slow-building, atmospheric tension, Aliens packs a much more visceral punch, and features a typically strong performance from Sigourney Weaver.",97.0
all the kings men,Broderick Crawford is spellbinding as politician Willie Stark in director Robert Rossen's adaptation of the Robert Penn Warren novel about the corrosive effects of power on the human soul.,95.0
the motel,"A coming-of-age dramedy whose familiar outline is filled in with rewarding empathy and character detail, The Motel marks an impressive feature debut for writer-director Michael Kang.",88.0
disneys a christmas carol,"Robert Zemeckis' 3-D animated take on the Dickens classic tries hard, but its dazzling special effects distract from an array of fine performances from Jim Carrey and Gary Oldman.",52.0
the freshman,"Buoyed by the charm of Matthew Broderick in the title role and Marlon Brando as a caricature of his Godfather persona, The Freshman benefits from solid casting, a clever premise, and sweet humor.",94.0
land of the lost,"Only loosely based on the original TV series, Land of the Lost is decidedly less kid-friendly and feels more like a series of inconsistent sketches than a cohesive adventure comedy.",26.0
rec,"Plunging viewers into the nightmarish hellscape of an apartment complex under siege, [Rec] proves that found footage can still be used as an effective delivery mechanism for sparse, economic horror.",89.0
the road,"The Road's commitment to Cormac McCarthy's dark vision may prove too unyielding for some, but the film benefits from hauntingly powerful performances from Viggo Mortensen and Kodi McPhee.",73.0
the duchess,"While The Duchess treads the now-familiar terrain of the corset-ripper, the costumes look great and Keira Knightley's performance is stellar in this subtly feminist, period drama.",62.0
public enemies,"Michael Mann's latest is a competent and technically impressive gangster flick with charismatic lead performances, but some may find the film lacks truly compelling drama.",68.0
notorious,"A biopic that lacks the luster of its subject, Notorious is generic rise-and-fall fare that still functions as a primer for those less familiar with the work and life of the hip hop icon.",52.0
igor,"With an animation style that apes Tim Burton, and a slew of cultural references that aren't clear enough to reach the crowds, Igor's patched together antics make it hard to see who the film is trying to please.",39.0
my sisters keeper,"My Sister's Keeper gets fine performances from its adult and child actors, but the director's heavy-handed approach turns a worthy emotional subject into an overly melodramatic tearjerker.",48.0
the red baron der rote baron,"It doesn't lack ambition, and it boasts undeniably thrilling source material, but The Red Baron is brought down by its overly sentimental script and a number of historical inaccuracies.",20.0
outrage,"Outrage walks a difficult moral and ethical line -- and not always successfully -- but despite its flaws, it's a fascinating, provocative look at homosexuality in American politics.",77.0
skin,"Sophie Okonedo, Sam Neill, and Alice Krige do wonderful work in Skin, delivering performances whose strength is underlined by the incredible real-life events upon which the movie is based.",84.0
shrink,"Kevin Spacey's performance is almost sharp enough to save this Hollywood dramedy from itself, but in the end, he's dragged down by a cliched script and indifferent direction.",27.0
ong bak 2,It suffers from comparisons to its predecessor -- not to mention Tony Jaa's less-than-nimble direction -- but Ong Bak 2 has all the extravagant violence and playful style that fans of the original will expect.,48.0
high life,"High Life is as visually arresting as it is challenging, confounding, and ultimately rewarding - which is to say it's everything film fans expect from director Claire Denis.",80.0
around the world in 80 days,"It's undeniably shallow, but its cheerful lack of pretense -- as well as its grand scale and star-stuffed cast -- help make Around the World in 80 Days charmingly light-hearted entertainment.",69.0
wonderful world,"Matthew Broderick gives an appealing performance and director Joshua Goldin's script contains unexpected bursts of honest emotion, but Wonderful World's good intentions can't make up for its lack of originality.",42.0
going the distance,"It's timelier and a little more honest than most romantic comedies, but Drew Barrymore and Justin Long's screen chemistry doesn't make up for Going the Distance's overall flatness.",54.0
life as we know it,"Katherine Heigl and Josh Duhamel make a charming couple with plenty of chemistry, but that isn't enough to make up for Life as We Know It's formulaic plot and poorly written script.",29.0
frozen,"Writer/director Adam Green has the beginnings of an inventive, frightening yarn in Frozen, but neither the script nor the cast are quite strong enough to truly do it justice.",63.0
prodigal sons,"Fascinating and heartbreakingly honest, Kimberly Reed's family documentary uses its stranger-than-fiction story to speak near-universal truths about family bonds and human identity.",87.0
the ghost writer,"While it may lack the revelatory punch of Polanski's finest films, Ghost Writer benefits from stylish direction, a tense screenplay, and a strong central performance from Ewan McGregor.",84.0
winters bone,"Bleak, haunting, and yet still somehow hopeful, Winter's Bone is writer-director Debra Granik's best work yet -- and it boasts an incredible, starmaking performance from Jennifer Lawrence.",94.0
beauty and the beast la belle et la bête,"With its magical optical effects and enchanting performances, Jean Cocteau's Beauty and the Beast remains the most surreal -- and soulful -- of the fairy tale's film adaptations.",95.0
brians song,"Buoyed by standout performances from James Caan and Billy Dee Williams, Brian's Song is a touching tale of friendship whose central relationship transcends its standard sports movie moments.",92.0
brief encounter,"Brief Encounter adds a small but valuable gem to the Lean filmography, depicting a doomed couple's illicit connection with affecting sensitivity and a pair of powerful performance.",91.0
butch cassidy and the sundance kid,"With its iconic pairing of Paul Newman and Robert Redford, jaunty screenplay and Burt Bacharach score, Butch Cassidy and the Sundance Kid has gone down as among the defining moments in late-'60s American cinema.",90.0
carrie,"Carrie is a horrifying look at supernatural powers, high school cruelty, and teen angst -- and it brings us one of the most memorable and disturbing prom scenes in history.",93.0
casablanca,"An undisputed masterpiece and perhaps Hollywood's quintessential statement on love and romance, Casablanca has only improved with age, boasting career-defining performances from Humphrey Bogart and Ingrid Bergman.",99.0
cat on a hot tin roof,"Paul Newman and Elizabeth Taylor are at the height of their glamor and performing prowess in this feverish adaptation of Tennessee Williams' play, with a subtext of sexual repression providing an electric undercurrent.",97.0
cat people,"Paul Schrader's kinky reimagining of Cat People may prove too grisly and lurid for some audiences, but its provocative style and Natassja Kinski's hypnotic performance should please viewers who like a little gasoline with their fire.",61.0
charade,"A globetrotting caper that prizes its idiosyncratic pieces over the general puzzle, Charade is a delightful romp with Cary Grant and Audrey Hepburn's sparkling chemistry at the center of some perfectly orchestrated mayhem.",94.0
day of the dead,"Day of the Dead may arguably be the least haunting entry in George A. Romero's undead trilogy, but it will give audiences' plenty to chew on with its shocking gore and scathing view of society.",81.0
how the grinch stole christmas,How the Grinch Stole Christmas brings an impressive array of talent to bear on an adaptation that honors a classic holiday story -- and has rightfully become a yuletide tradition of its own.,100.0
the elephant man,"David Lynch's relatively straight second feature finds an admirable synthesis of compassion and restraint in treating its subject, and features outstanding performances by John Hurt and Anthony Hopkins.",92.0
father of the bride,"With a terrific script, great performances from Spencer Tracy and Elizabeth Taylor, and assured direction from Vincent Minnelli, Father of the Bride endures as a sparkling comedy of its era.",90.0
flash gordon,"Campy charm and a knowing sense of humor help to overcome a silly plot involving a spacefaring ex-football player, his adoring bevy of groupies, and a supervillain named Ming the Merciless.",83.0
from here to eternity,"It has perhaps aged poorly, but this languidly paced WWII romance remains an iconic, well-acted film, featuring particularly strong performances from Burt Lancaster and Montgomery Clift.",92.0
frosty the snowman,"Frosty the Snowman is a jolly, happy sing-along that will delight children with its crisp animation and affable title character, who makes an indelible impression with his corncob pipe, button nose, and eyes made out of coal.",73.0
gallipoli,Peter Weir's devastating anti-war film features a low-key but emotionally wrenching performance from Mel Gibson as a young soldier fighting in one of World War I's most deadly and horrifying battles.,91.0
gloria,"A comparatively commercial entry from director John Cassavetes, Gloria's pulpy pleasures are elevated by his observant touch and Gena Rowlands' galvanizing star performance.",93.0
glory,"Bolstered by exceptional cinematography, powerful storytelling, and an Oscar-winning performance by Denzel Washington, Glory remains one of the finest Civil War movies ever made.",93.0
hamlet,"A well-executed labor of love from star and director Laurence Olivier, Hamlet not only proved that Shakespeare could be successfully adapted to the big screen, it paved the way for further cinematic interpretations.",95.0
hardcore,"Director Paul Schrader's preoccupations with alienation and faith are given a compelling avatar in George C. Scott's superb performance, although some audiences may find Hardcore too soft to live up to its provocative promise.",76.0
heaven can wait,"A throwback to the high-gloss screwball comedies of the 1940s, Heaven Can Wait beguiles with seamless production values and great comic relief from Charles Grodin and Dianne Cannon.",88.0
house on haunted hill,"Campy by modern standards but spooky and atmospheric, House on Haunted Hill is a fun, well-executed cult classic featuring a memorable performance from genre icon Vincent Price.",88.0
hud,"A Western that swaps out the Hollywood glamor for shades of moral gray, Hud is a sobering showcase for a sterling ensemble of actors at the top of their respective games.",82.0
invasion of the body snatchers,"Employing gritty camerawork and evocative sound effects, Invasion of the Body Snatchers is a powerful remake that expands upon themes and ideas only lightly explored in the original.",93.0
the island of dr moreau,"The Island of Dr. Moreau takes a reasonably entertaining pass at adapting its classic source material, although key scenes are let down by struggles with special effects.",56.0
the king of comedy,"Largely misunderstood upon its release, The King of Comedy today looks eerily prescient, and features a fine performance by Robert DeNiro as a strangely sympathetic psychopath.",89.0
legend,Not even Ridley Scott's gorgeously realized set pieces can save Legend from its own tawdry tale -- though it may be serviceable for those simply looking for fantasy eye candy.,38.0
the lion in winter,"Sharper and wittier than your average period piece, The Lion in Winter is a tale of palace intrigue bolstered by fantastic performances from Peter O'Toole, Katharine Hepburn, and Anthony Hopkins in his big-screen debut.",90.0
the little drummer boy,"The Little Drummer Boy is a mature addition to the Rankin-Bass catalogue, with a powerful conclusion that compensates for the special's dour storytelling and unpolished animation.",75.0
little shop of horrors,"Remixing Roger Corman's B-movie by way of the Off-Broadway musical, Little Shop of Horrors offers camp, horror and catchy tunes in equal measure -- plus some inspired cameos by the likes of Steve Martin and Bill Murray.",90.0
lolita,Kubrick's Lolita adapts its seemingly unadaptable source material with a sly comedic touch and a sterling performance by James Mason that transforms the controversial novel into something refreshingly new without sacrificing its essential edge.,91.0
the longest yard,"Equal parts tough and funny, and led by a perfectly cast Burt Reynolds, The Longest Yard has an interesting political subtext and an excellent climax -- even if it takes too long to get there.",79.0
manhunter,"Michael Mann introduces audiences to Hannibal Lecter for the first time in Manhunter, a modish thriller that fleshes out Thomas Harris' heinous creations with an elegant, chilling detachment.",93.0
mannequin,"Mannequin is a real dummy, outfitted with a ludicrous concept and a painfully earnest script that never springs to life, despite the best efforts of an impossibly charming Kim Cattrall.",21.0
the mission,"The Mission is a well-meaning epic given delicate heft by its sumptuous visuals and a standout score by Ennio Morricone, but its staid presentation never stirs an emotional investment in its characters.",64.0
mutiny on the bounty,"The historical inaccuracies in this high-seas adventure are more than offset by its timeless themes, larger-than-life performances from Clark Gable and Charles Laughton, and Frank Lloyd's superb direction.",93.0
no way out,"Roger Donaldson's modern spin on the dense, stylish suspense films of the 1940s features fine work from Gene Hackman and Sean Young, as well as the career-making performance that made Kevin Costner a star.",91.0
obsession,"Obsession suffers in comparison to the Alfred Hitchcock masterpiece that it mirrors, but director Brian De Palma's unique preoccupations give this thriller its own compulsive, twisted fingerprint.",73.0
point blank,"Shot with hard-hitting inventiveness and performed with pitiless cool by Lee Marvin, Point Blank is a revenge thriller that exemplifies that exemplifies the genre's strengths with extreme prejudice.",95.0
the poseidon adventure,"The Poseidon Adventure exemplifies the disaster film done right, going down smoothly with ratcheting tension and a terrific ensemble to give the peril a distressingly human dimension.",80.0
the producers,"A hilarious satire of the business side of Hollywood, The Producers is one of Mel Brooks' finest, as well as funniest films, featuring standout performances by Gene Wilder and Zero Mostel.",90.0
red dawn,"An appealing ensemble of young stars will have some audiences rooting for the Wolverines, but Red Dawn's self-seriousness can never conceal the silliness of its alarmist concept.",46.0
return to oz,Return to Oz taps into the darker side of L. Frank Baum's book series with an intermittently dazzling adventure that never quite recaptures the magic of its classic predecessor.,53.0
short circuit,"Amiable and good-natured but also shallow and predictable, Short Circuit is hardly as deep or emotionally resonant as E.T. -- though Johnny Five makes for a charming robot protagonist.",59.0
stagecoach,"Typifying the best that the Western genre has to offer, Stagecoach is a rip-roaring adventure given dramatic heft by John Ford's dynamic direction and John Wayne's mesmerizing star turn.",100.0
a streetcar named desire,"A feverish rendition of a heart-rending story, A Streetcar Named Desire gives Tennessee Williams' stage play explosive power on the screen thanks to Elia Kazan's searing direction and a sterling ensemble at the peak of their craft.",98.0
suspicion,"Not even notorious studio meddling can diminish the craft and tantalizing suspense of Suspicion, a sly showcase for Joan Fontaine's nervy prowess and Alfred Hitchcock's flair for disquiet.",97.0
them,"One of the best creature features of the early atomic age, Them! features effectively menacing special effects and avoids the self-parody that would taint later monster movies.",100.0
shivers they came from within the parasite murders,Shivers uses elementally effective basic ingredients to brilliant effect - and lays the profoundly unsettling foundation for director David Cronenberg's career to follow.,84.0
three amigos,"Three Amigos! stars a trio of gifted comedians and has an agreeably silly sense of humor, but they're often adrift in a dawdling story with too few laugh-out-loud moments.",45.0
the time machine,"Its campy flourishes tend to subdue its dramatic stakes, but The Time Machine brings H.G. Wells' story to life with plenty of sci-fi charm and a colorful sense of visual design.",76.0
tommy,"Tommy is as erratic and propulsive as a game of pinball, incorporating The Who's songs into an irreverent odyssey with the visual imagination that only director Ken Russell can conjure.",70.0
le procès the trial,"Orson Welles may take big liberties in his adaptation of The Trial, but the auteur constructs an absurd nightmare that is unmistakably Kafkaesque -- grounded by an excellent Anthony Perkins as the befuddled Josef K.",83.0
weird science,"Hardly in the same league as John Hughes' other teen movies, the resolutely goofy Weird Science nonetheless gets some laughs via its ridiculous premise and enjoyable performances.",57.0
102 dalmatians,"This sequel to the live-action 101 Dalmatians is simply more of the same. Critics say it also drags in parts, potentially boring children, and that it's too violent for a G-rated movie.",31.0
white fang,"This glossy edition of White Fang shaves off the rough-hewn edges that made Jack London's epic story so distinct, but gorgeous photography and heartfelt performances make this an appealing adventure.",65.0
come and see idi i smotri,"As effectively anti-war as movies can be, Come and See is a harrowing odyssey through the worst that humanity is capable of, directed with bravura intensity by Elem Klimov.",97.0
jfk,"As history, Oliver Stone's JFK is dubious, but as filmmaking it's electric, cramming a ton of information and excitement into its three-hour runtime and making great use of its outstanding cast.",84.0
the man in the moon,"It's sentimental, and some viewers may feel manipulated by the melodramatic final act, but The Man in the Moon offers a finely drawn coming-of-age story with an excellent cast -- including Reese Witherspoon in her film debut.",90.0
father of the bride,"While it doesn't quite hit the heights of the original, this remake of the 1950 classic is pleasantly enjoyable, thanks in large part to winning performances from Steve Martin and Martin Short.",70.0
unforgiven,"As both director and star, Clint Eastwood strips away decades of Hollywood varnish applied to the Wild West, and emerges with a series of harshly eloquent statements about the nature of violence.",96.0
malcolm x,"Anchored by a powerful performance from Denzel Washington, Spike Lee's biopic of legendary civil rights leader Malcolm X brings his autobiography to life with an epic sweep and a nuanced message.",88.0
scent of a woman,"It might soar on Al Pacino's performance more than the drama itself, but what a performance it is -- big, bold, occasionally over-the-top, and finally giving the Academy pause to award the star his first Oscar.",89.0
the vanishing,"The Vanishing copies the form of its pulse-pounding predecessor but loses much of its thrilling function along the way, leaving American audiences with one more rote remake.",49.0
born yesterday,"Not even Melanie Griffith's charisma can inject fresh energy into this ill-conceived remake, which awkwardly retreads through the classic original's story without any of its charm.",23.0
cliffhanger,"While it can't escape comparisons to the movies it borrows from, Cliffhanger is a tense, action-packed thriller and a showcase for the talents that made Sylvester Stallone a star.",69.0
gettysburg,Gettysburg's reverent approach to history is balanced with the committed work of a talented cast - and the hard-hitting dramatization of a bloody turning point in the Civil War.,77.0
high noon,"A classic of the Western genre that broke with many of the traditions at the time, High Noon endures -- in no small part thanks to Gary Cooper's defiant, Oscar-winning performance.",97.0
heaven earth,"Heaven & Earth is a well-intentioned glimpse into an underrepresented perspective on Vietnam, but Oliver Stone's solemn storytelling keeps audiences at a fatal distance from Hiep Thi Le's enigmatic heroine.",40.0
the kid,"Charles Chaplin' irascible Tramp is given able support from Jackie Coogan as The Kid in this slapstick masterpiece, balancing the guffaws with moments of disarming poignancy.",100.0
rudyard kiplings the jungle book,"Rudyard Kipling's The Jungle Book may not hew as closely to the book as its title suggests, but it still offers an entertaining live-action take on a story best known in animated form.",80.0
street fighter,"Though it offers mild entertainment through campy one-liners and the overacting of the late Raul Julia, Street Fighter's nonstop action sequences are not enough to make up for a predictable, uneven storyline.",10.0
little women,"Thanks to a powerhouse lineup of talented actresses, Gillian Armstrong's take on Louisa May Alcott's Little Women proves that a timeless story can succeed no matter how many times it's told.",92.0
nobodys fool,"It's solidly directed by Robert Benton and stacked with fine performances from an impressive cast, but above all, Nobody's Fool is a showcase for some of Paul Newman's best late-period work.",91.0
bad boys,"Bad Boys stars Will Smith and Martin Lawrence have enjoyable chemistry; unfortunately, director Michael Bay too often drowns it out with set pieces and explosions in place of an actual story.",42.0
braveheart,"Distractingly violent and historically dodgy, Mel Gibson's Braveheart justifies its epic length by delivering enough sweeping action, drama, and romance to match its ambition.",78.0
the scarlet letter,The Scarlet Letter strays far from its classic source material to tell a story that strains for steamy sensuality and leaves the audience red with unintentional laughter.,13.0
casino,Impressive ambition and bravura performances from an outstanding cast help Casino pay off in spite of a familiar narrative that may strike some viewers as a safe bet for director Martin Scorsese.,80.0
richard iii,This re-imagining of Shakespeare's Crookback King relocates the story in 1930 and features an indelible star turn for Ian McKellen as the monstrous and magnetic King Richard.,94.0
heat,"Though Al Pacino and Robert De Niro share but a handful of screen minutes together, Heat is an engrossing crime drama that draws compelling performances from its stars -- and confirms Michael Mann's mastery of the genre.",87.0
the addiction,"Abel Ferrara's 1995 horror/suspense experiment blends urban vampire adventure with philosophical analysis to create a smart, idiosyncratic, and undeniably odd take on the genre.",75.0
dead man walking,"A powerful, thought-provoking film that covers different angles of its topic without resorting to preaching, Dead Man Walking will cause the viewer to reflect regardless of their political viewpoint.",95.0
broken arrow,"John Woo adds pyrotechnic glaze to John Travolta's hammy performance, but fans may find Broken Arrow to be a dispiritingly disposable English-language entry for the action auteur.",52.0
restoration,"Restoration spins an engaging period yarn out of its bestselling source material, brought to life through the efforts of an eclectic ensemble cast led by Robert Downey Jr.",70.0
diabolique,"This seedy remake of a classic French chiller goes through the motions in recreating the original's diabolical plot, but without the genuine suspense or stylistic finesse.",18.0
the last supper,"It struggles to find a balance between its humor and its message, but The Last Supper's sharp script and well-chosen cast offer just enough nourishment for fans of black comedy.",63.0
the fan,"Tony Scott's visceral flash proves to be an ill fit for The Fan, a queasy tale of obsession that succeeds at making audiences uncomfortable, but strikes out when it comes to delivering the thrills.",37.0
house arrest,"Constructed out of cliches, thinly written characters, and fundamental misunderstandings of human nature, House Arrest is a dull (and borderline irresponsible) waste of a talented cast.",10.0
the hunchback of notre dame,"Disney's take on the Victor Hugo classic is dramatically uneven, but its strong visuals, dark themes, and message of tolerance make for a more-sophisticated-than-average children's film.",71.0
emma,"Emma marks an auspicious debut for writer-director Douglas McGrath, making the most of its Jane Austen source material -- and a charming performance from Gwyneth Paltrow.",85.0
scream,"Horror icon Wes Craven's subversive deconstruction of the genre is sly, witty, and surprisingly effective as a slasher film itself, even if it's a little too cheeky for some.",78.0
in love and war,"Formulaic and trite, In Love and War unconvincingly recreates Ernest Hemingway's early life with all the stuffy tropes that the author would have excised in a second draft.",11.0
the crucible,"This staid adaptation of The Crucible dutifully renders Arthur Miller's landmark play on the screen with handsome production design and sturdy performances, if not with the political anger and thematic depth that earned the drama its reputation.",68.0
hamlet,"Kenneth Branagh's sprawling, finely textured adaptation of Shakespeare's masterpiece lives up to its source material, using strong performances and a sharp cinematic focus to create a powerfully resonant film that wastes none of its 246 minutes.",95.0
traveller,"Though it may not explore its core issues as deeply as some may like, Traveller is nevertheless a smart and funny portrait of a relatively unfamiliar subculture with some strong performances.",79.0
contact,"Contact elucidates stirring scientific concepts and theological inquiry at the expense of satisfying storytelling, making for a brainy blockbuster that engages with its ideas, if not its characters.",66.0
the rainmaker,"Invigorated by its talented cast and Francis Ford Coppola's strong direction, The Rainmaker is a satisfying legal drama -- and arguably the best of Hollywood's many John Grisham adaptations.",82.0
the man in the iron mask,"Leonardo DiCaprio plays dual roles with diminishing returns in The Man in the Iron Mask, a cheesy rendition of the Musketeers' epilogue that bears all the pageantry of Alexandre Dumas' text, but none of its romantic panache.",32.0
twilight,"It suffers from a frustratingly deliberate pace, but with nuanced performances from Paul Newman, Gene Hackman, Susan Sarandon, and Reese Witherspoon to fall back on, Twilight can't help but be compelling.",60.0
the parent trap,"Writer-director Nancy Meyers takes the winning formula of the 1961 original and gives it an amiable modern spin, while young star Lindsay Lohan shines in her breakout role.",86.0
the negotiator,"The Negotiator's battle of wits doesn't wholly justify its excessive length, but confident direction by F. Gary Gray and formidable performances makes this a situation audiences won't mind being hostage to.",74.0
elizabeth,"No mere historical drama, Elizabeth is a rich, suspenseful journey into the heart of British Royal politics, and features a typically outstanding performance from Cate Blanchett.",82.0
happiness,"Happiness is far from a cheerful viewing experience, but its grimly humorous script and fearless performances produce a perversely moving search for humanity within everyday depravity.",81.0
lolita,"If it can't quite live up to Nabokov's words, Adrian Lyne's Lolita manages to find new emotional notes in this complicated story, thanks in large part to its solid performances.",68.0
the impostors,"The Impostors might have benefited from a more consistently witty script, but writer-director Stanley Tucci acquits himself nicely as an orchestrator of screwball comedy in this uneven debut.",62.0
dick,"A clever, funny slice of alternate history, Dick farcically re-imagines the Watergate era and largely succeeds, thanks to quirky, winning performances from Michelle Williams, Kirsten Dunst and Will Ferrell.",71.0
the best man,"With a strong cast and a host of well-defined characters, The Best Man is an intelligent, funny romantic comedy that marks an impressive debut for writer/director Malcolm D. Lee.",72.0
the hurricane,"Thanks in large part to one of Denzel Washington's most powerful on-screen performances, The Hurricane is a moving, inspirational sports drama, even if it takes few risks in telling its story.",83.0
committed,"Critics say Committed is one of those films that shows promise -- some sort of vision -- of what the movie could have been. The key word is ""could."" As it is, the script is predictable, the story becomes tedious, and it's simply not funny. Heather Graham shows she can play a central character, but she's not enough to make Committed successful.",43.0
gone in 60 seconds gone in sixty seconds,"Even though Oscar-bearers Nicolas Cage, Angelina Jolie, and Robert Duval came aboard for this project, the quality of Gone in 60 Seconds is disappointingly low. The plot line is nonsensical, and even the promised car-chase scenes are boring.",25.0
10 cloverfield lane,"Smart, solidly crafted, and palpably tense, 10 Cloverfield Lane makes the most of its confined setting and outstanding cast -- and suggests a new frontier for franchise filmmaking.",90.0
beautiful,"Sally Field's directing debut suffers from an inconsistent tone, implausible script, and a protagonist that critics say is one of the most loathsome to come around in a long time.",16.0
the contender,"The Contender wears its political heart on its sleeve, but strong performances and a solid screenplay help the end result add up to a gripping drama from either side of the aisle.",76.0
lost souls,"Though Kaminski's film is visually stylish, Lost Souls is just another derivative entry in the Apocalypse genre, with lackluster direction, unengaging characters, and no scares.",8.0
malena,"Malena ends up objectifying the character of the movie's title. Also, the young boy's emotional investment with Malena is never convincing, as she doesn't feel like a three-dimensional person.",54.0
the gift,"With a reported budget of around 10 million, The Gift is obviously a labor of love for those involved. Unfortunately, the A-list cast can't prevent the movie from becoming a by-the-numbers whodunit with an ending that's all but unsatisfactory.",57.0
traffic,"Soderbergh successfully pulls off the highly ambitious Traffic, a movie with three different stories and a very large cast. The issues of ethics are gray rather than black-and-white, with no clear-cut good guys. Terrific acting all around.",93.0
heartbreakers,"Though the actors pour a lot of energy into their roles, Heartbreakers is too drawn out, and the romantic subplot doesn't blend well. Also, the con women aren't particularly sympathetic.",53.0
ace in the hole the big carnival,"Spearheaded by an excellent Kirk Douglas, Ace in the Hole is an incisive and sardonic satire that, much like its opportunistic hero, never lets moral compunction get in the way of a good story.",92.0
pearl harbor,"Pearl Harbor tries to be the Titanic of war movies, but it's just a tedious romance filled with laughably bad dialogue. The 40 minute action sequence is spectacular though.",24.0
the time machine,"This Machine has all the razzle-dazzles of modern special effects, but the movie takes a turn for the worst when it switches from a story about lost love to a confusing action-thriller.",29.0
carrie,"This made-for-TV adaptation of Stephen King's classic fails to impress or bring anything new to the table, - or to the prom - paling even more in comparison to the 1970's memorable version.",20.0
hide and seek,"Robert De Niro and especially Dakota Fanning have earned some praise for their work in Hide and Seek, but critics have called the rest of the film derivative, illogical and somewhat silly.",13.0
venom,"A voodoo horror flick without the mojo, Venom is chock full of gory impalings of interchangeable teenage girls and hunky guys by an unstoppable zombie whose unimaginative rampage quickly lulls us to sleep.",11.0
good night and good luck,"A passionate and concise cinematic civics lesson, Good Night, And Good Luck has plenty to say about today's political and cultural climate, and its ensemble cast is stellar.",93.0
rent,"Fans of the stage musical may forgive Rent its flaws, but weak direction, inescapable staginess and an irritating faux-boho pretension prevent the film from connecting on screen.",46.0
the new world,"Despite arresting visuals and strong lead performances, The New World suffers from an unfocused narrative that will challenge viewers' attention spans over its 2 1/2 hours.",63.0
pride and prejudice,"Sure, it's another adaptation of cinema's fave Jane Austen novel, but key performances and a modern filmmaking sensibility make this familiar period piece fresh and enjoyable.",86.0
on a clear day,"Another blue-collar inspirational feel-good British dramedy, On A Clear Day succeeds on the strength of lead actor Peter Mullan's performance and Gaby Dellal's competent direction.",68.0
london,"Hampered by pretension and undermined by unlikable characters, London proves that the novelty of seeing actors play against type isn't enough to rescue a deeply flawed film.",14.0
little fish,"Fueled by powerful work from a strong cast led by Cate Blanchett, Little Fish is a hard-hitting story worth watching -- and a major step forward for director Rowan Woods.",90.0
the devil and daniel johnston,"Whether you think this mentally ill cult musician is worthy of being called a ""genius,"" this document of his life is crafted with sincere respect and is fascinating to watch.",88.0
marie antoinette,"Lavish imagery and a daring soundtrack set this film apart from most period dramas; in fact, style completely takes precedence over plot and character development in Coppola's vision of the doomed queen.",57.0
bobby,"Despite best intentions from director Emilio Estevez and his ensemble cast, they succumb to a script filled with pointless subplots and awkward moments working too hard to parallel contemporary times.",47.0
coastlines,"Coastlines features solid lead performances, but is hindered by an unconvincing love triangle and scattered direction. Not up to the standard of Victor Nunez's previous directorial efforts.",48.0
ballets russes,"Even if you know little about ballet, there is much to love about this documentary's captivating archival footage and its interviews with elderly former dancers who have much to share.",92.0
the bridge,"Tactlessly morbid or remarkably sensitive? Deeply disturbing or viscerally fascinating? Critics are divided on Eric Steele's unique documentary on the Golden Gate Bridge, wonder of the modern world and notorious suicide destination.",68.0
perfect stranger,"Despite the presence of Halle Berry and Bruce Willis, Perfect Stranger is too convoluted to work, and features a twist ending that's irritating and superfluous. It's a techno-thriller without thrills.",10.0
wanted,"Wanted is stylish, energetic popcorn fare with witty performances from Angelina Jolie (playing an expert assassin), James McAvoy, and Morgan Freeman that help to distract from its absurdly over-the-top plot.",71.0
the jane austen book club,"Though at times formulaic and sentimental, Jane Austen Book Club succeeds on the strength of its likable ensemble cast. Even those not familiar with Jane Austen's work may find much to enjoy this lighthearted romance.",66.0
billy the kid,"Jennifer Venditti's doc Billy the Kid turns ""special"" into a double edged sword, forging a sharply honest film around a strangely enigmatic -- if awkward -- kid named Billy.",81.0
angels demons,"Angels and Demons is a fast-paced thrill ride, and an improvement on the last Dan Brown adaptation, but the storyline too often wavers between implausible and ridiculous, and does not translate effectively to the big screen.",37.0
ghost town,"Ricky Gervais' consistently sharp performance and beautifully dry execution transform this otherwise mainstream comedy into an endearing, funny, and altogether snappy romantic comedy. With ghosts.",85.0
step brothers,Step Brothers indulges in a cheerfully relentless immaturity that will quickly turn off viewers unamused by Ferrell and Reilly -- and delight those who find their antics hilarious.,55.0
the perfect game,"It's bogged down with an unfocused script and countless sports movie cliches, but The Perfect Game still manages to charm with its unabashed sweetness and a stirring final act.",57.0
the wrecking crew,"The Wrecking Crew may not achieve the greatness of the many classic songs its subjects helped bring to life, but it remains a heartfelt, overdue tribute to overshadowed brilliance.",94.0
the tooth fairy,"Dwayne Johnson brings the full force of his charm (and his appropriately pale chompers) to the title role, but flat direction and a committee-written script render The Tooth Fairy unacceptably dull.",17.0
green zone,Matt Damon and Paul Greengrass return to the propulsive action and visceral editing of the Bourne films -- but a cliched script and stock characters keep those methods from being as effective this time around.,53.0
9,"Although its story is perhaps too familiar and less complex than some might wish, 9 is visually spectacular, and director Shane Acker's attention to detail succeeds in drawing viewers into the film's universe.",57.0
the twilight saga eclipse,"Stuffed with characters and overly reliant on uninspired dialogue, Eclipse won't win The Twilight Saga many new converts, despite an improved blend of romance and action fantasy.",48.0
did you hear about the morgans,"It gets a certain amount of mileage out of the inherent likability of its stars, but with an unfunny script and a lack of onscreen chemistry, Did You Hear About the Morgans? falls flat.",11.0
death in love,"Death in Love has the depth of its convictions, but not even the game efforts of a talented cast are enough to overcome this drama's stilted story and unlikable characters.",45.0
x games 3d the movie,"Though fans of the event will likely enjoy X-Games 3D: The Movie, most will find it a poorly put together, skin deep, extended advertisement for the extreme sports competition.",38.0
brothers,"It plays more like a traditional melodrama than the Susanne Bier film that inspired it, but Jim Sheridan's Brothers benefits from rock-solid performances by its three leads.",64.0
anita oday the life of a jazz singer,"This rich documentary chronicles the highs and lows of one of the medium's finest singers, utilizing remarkable archive footage and insightful interviews with O'Day herself.",100.0
earth days,"This engaging and well-organized eco-doc maps the successes and failures of the American environmental movement, thanks to sharp interviews and remarkable archive footage.",82.0
franklyn,"Gerald McMorrow's bold debut is a complex and ambitious film that highlights the director's potential, but its multi-layered story takes time to develop and might be frustrating for some.",57.0
we live in public,This documentary about Josh Harris' surveillance-as-art project exposes the problems of privacy in the internet age and asks provocative questions about the power of ego in a place where everything is on display.,82.0
blind date,"Despite the chemistry of stars Patricia Clarkson and Stanely Tucci, Blind Date's stagey direction and underdeveloped story make it feel more like a rehearsal than a performance.",33.0
a single man,"Though the costumes are beautiful and the art direction impeccable, what stands out most from this debut by fashion designer Tom Ford is the leading performance by Colin Firth.",85.0
127 hours,"As gut-wrenching as it is inspirational, 127 Hours unites one of Danny Boyle's most beautifully exuberant directorial efforts with a terrific performance from James Franco.",93.0
12 strong,"12 Strong has a solid cast, honorable intentions, and a thrilling, fact-based story - all of which are occasionally enough to balance a disappointing lack of depth or nuance.",50.0
13 going on 30,"Although the plot leaves a lot to be desired, 13 Going on 30 will tug at your inner teenager's heartstrings thanks in large part to a dazzling performance from Jennifer Garner.",65.0
13 hours the secret soldiers of benghazi,"13 Hours: The Secret Soldiers of Benghazi is a comparatively mature and restrained effort from Michael Bay, albeit one that can't quite boast the impact its fact-based story deserves.",51.0
2001 a space odyssey,"One of the most influential of all sci-fi films -- and one of the most controversial -- Stanley Kubrick's 2001 is a delicate, poetic meditation on the ingenuity -- and folly -- of mankind.",92.0
22 july,"22 July offers a hard-hitting close-up look at the aftereffects of terrorism, telling a story with a thriller's visceral impact and the lingering emotional resonance of a drama.",80.0
22 jump street,"Boasting even more of the bromantic chemistry between its stars -- and even more of the goofy, good-natured humor that made its predecessor so much fun -- 22 Jump Street is the rare sequel that improves upon the original.",85.0
300 rise of an empire,"It's bound to hit some viewers as an empty exercise in stylish gore, and despite a gonzo starring performance from Eva Green, 300: Rise of an Empire is a step down from its predecessor.",45.0
30 minutes or less,"It's sporadically funny and it benefits from a talented cast, but 30 Minutes or Less suffers from a disjointed narrative, and too often mistakes crude gags for true lowbrow humor.",45.0
310 to yuma,"This remake of a classic Western improves on the original, thanks to fiery performances from Russell Crowe and Christian Bale as well as sharp direction from James Mangold.",89.0
48 hrs,"Marking an auspicious feature film debut for Eddie Murphy, 48 Hrs. is a briskly paced action comedy that succeeds largely due to the outstanding chemistry between its two leads.",93.0
50 first dates,"Gross-out humor overwhelms the easy chemistry between Adam Sandler and Drew Barrymore, who bring some energy and yucks to this tale of a girl with short-term memory loss and the guy who tries to get her to love him.",45.0
56 up,"Director Michael Apted continues to utilize cinema as a window into the lives of everyday people, and in the reflection of this documentary we can glimpse our own aging humanity.",99.0
6 souls,"The most mind-bending aspect of 6 Souls is Julianne Moore's participation, the overqualified star wasted on a goofy horror premise that generates more guffaws than scares.",4.0
6 underground,"6 Underground is loud, frenetic, and finally preposterous -- which is either bad news or a hearty recommendation, depending how one feels about the movies of Michael Bay.",36.0
99 homes,"Fueled by powerful acting and a taut, patiently constructed narrative, 99 Homes is a modern economic parable whose righteous fury is matched by its intelligence and compassion.",93.0
a bad moms christmas,"Featuring twice the moms but roughly half the laughs, A Bad Moms Christmas is a slapdash holiday sequel that falls short of the original with a disappointing dearth of good cheer.",32.0
a bigger splash,"Absorbing, visually arresting, and powerfully acted by an immensely talented cast, A Bigger Splash offers sumptuously soapy delights for fans of psychological adult drama.",90.0
a bread factory part one for the sake of gold,"Epic yet intimate, A Bread Factory, Part One: For the Sake of Gold delivers the sprawling storytelling and nourishing drama audiences might expect from its imposing title.",100.0
a brighter summer day,"A fantastic cinematic and artistic achievement, Edward Yang's A Brighter Summer Day depicts youth, ideals, violence and politics in a melancholic, tender light, culminating in a complex portrait of Taiwanese identity.",100.0
a cure for wellness,"A Cure for Wellness boasts a surfeit of visual style, but it's wasted on a derivative and predictable story whose twists, turns, and frights have all been more effectively dealt before.",42.0
a dangerous method,"A provocative historical fiction about the early days of psychoanalysis, A Dangerous Method is buoyed by terrific performances by Michael Fassbender, Keira Knightley, and Viggo Mortensen.",78.0
a girl walks home alone at night,A Girl Walks Home Alone at Night blends conventional elements into something brilliantly original -- and serves as a striking calling card for writer-director Ana Lily Amirpour.,96.0
a haunted house 2,"Sloppy, vulgar, and manic, A Haunted House 2 might be worth a chuckle or two, but mostly it's a string of pop culture references and crude gags that fail to hit their intended targets.",8.0
a nightmare on elm street 2 freddys revenge,"An intriguing subtext of repressed sexuality gives Freddy's Revenge some texture, but the Nightmare loses its edge in a sequel that lacks convincing performances or memorable scares.",41.0
a nightmare on elm street 5 the dream child,"A Nightmare on Elm Street feels exhausted by this cheesy fifth entry, bogged down by a convoluted mythology while showing none of the chilling technique that kicked off the franchise.",31.0
a quiet passion,"A Quiet Passion offers a finely detailed portrait of a life whose placid passage may not have been inherently cinematic, but is made more affecting by Cynthia Nixon's strong performance.",91.0
a quiet place,A Quiet Place artfully plays on elemental fears with a ruthlessly intelligent creature feature that's as original as it is scary -- and establishes director John Krasinski as a rising talent.,96.0
a screaming man,"A Screaming Man deftly uses its personal look at a family dynamic to offer pointed political observations, confirming writer-director Mahamat-Saleh Haroun as a major talent.",88.0
a star is born,"With appealing leads, deft direction, and an affecting love story, A Star Is Born is a remake done right -- and a reminder that some stories can be just as effective in the retelling.",90.0
a street cat named bob,A Street Cat Named Bob uses a fact-based feelgood tale as the inspiration for an unapologetically heartwarming movie that should move all but the most cynical of viewers.,77.0
a touch of sin,"Its screenplay isn't as graceful as the choreography of its action sequences, but A Touch of Sin offers enough stylishly satisfying violence to muscle past its rough spots.",94.0
a walk among the tombstones,"A Walk Among the Tombstones doesn't entirely transcend its genre clichés, but it does offer Liam Neeson one of his more compelling roles in recent memory, and that's often enough.",68.0
a walk into the sea danny williams and the warhol factory,"A portrait piece of Danny Williams, set amongst New Yorks Factory, home of Andy Warhol, provides insight and flavour of the time and the setting, with an unresolved mystery at its heart.",79.0
a woman a gun and a noodle shop san qiang pai an jing qi a simple noodle story the first gun,Zhang Yimou's broad reinterpretation of the Coen Brothers' Blood Simple struggles to bring anything new to the twisty murder mystery and instead ladles on an excess of stilted comedy.,34.0
a wrinkle in time,"A Wrinkle in Time is visually gorgeous, big-hearted, and occasionally quite moving; unfortunately, it's also wildly ambitious to a fault, and often less than the sum of its classic parts.",42.0
about alex,"About Alex pointedly provokes comparisons to The Big Chill, but the script doesn't have enough substance to support them -- or give its talented cast enough to work with.",45.0
about last night,"About Last Night will perturb fans of the original stage play by sanding down its pricklier edges, but an amiable cast and sexual frankness make this a pleasantly grounded romantic comedy.",61.0
about last night,"About Last Night wanders even further from the David Mamet play that inspired the original, but it benefits from an engaging cast and a screenplay that smartly balances romance and comedy.",69.0
abraham lincoln vampire hunter,"Abraham Lincoln: Vampire Hunter has visual style to spare, but its overly serious tone doesn't jibe with its decidedly silly central premise, leaving filmgoers with an unfulfilling blend of clashing ingredients.",34.0
absolutely anything,Given the impressive array of talent involved in Absolutely Anything -- and the near-total lack of laughs it provokes -- this Monty Python reunion can only be regarded as a disappointment.,18.0
absolutely fabulous the movie,"Absolutely Fabulous: The Movie picks up pretty much where its source material left off, delivering an adaptation that, as fans of this British export might say, does what it says on the tin.",58.0
ace ventura pet detective,"Jim Carrey's twitchy antics and gross-out humor are on full, bombastic display in Ace Ventura: Pet Detective, which is great news for fans of his particular brand of comedy but likely unsatisfying for anyone else.",49.0
act of valor,"It's undeniably reverent of the real-life heroes in its cast, but Act of Valor lets them down with a clichéd script, stilted acting, and a jingoistic attitude that ignores the complexities of war.",27.0
the adventures of baron munchausen,"Bursting with Terry Gilliam's typically imaginative flourishes, this story of a possibly deranged Baron recounting his storied life is a flamboyant and witty visual treat.",92.0
the adventures of priscilla queen of the desert,While its premise is ripe for comedy -- and it certainly delivers its fair share of laughs -- Priscilla is also a surprisingly tender and thoughtful road movie with some outstanding performances.,96.0
after love léconomie du couple,"After Love isn't easy viewing, but its brutally honest examination of a crumbling family offers powerful performances and penetrating insights that make it well worth the effort.",90.0
aftershock,"Aftershock hints at an inventive twist on horror tropes, but ultimately settles for another round of mind-numbing depravity that may alternately bore and revolt all but the most ardent gore enthusiasts.",38.0
aint them bodies saints,"While conventional in plot, Ain't Them Bodies Saints is a visually poetic film that pays homage to the New Hollywood directors of the 1970s and promises big things from director David Lowery.",77.0
i saw the devil,"Never flinching during its descent into depravity, I Saw the Devil is a pulverizing thriller that will give bloody satisfaction to audiences who like their revenge served with fiery rage.",81.0
alexander and the terrible horrible no good very bad day,"Affably pleasant without ever trying to be anything more, Alexander and the Terrible, Horrible, No Good, Very Bad Day is a fine -- albeit forgettable -- family diversion.",61.0
alfie,"This unnecessary remake wants Alfie to have his cake and eat it, too, but a lack of sexual fizz and a sour performance by Jude Law conspire to deliver audiences a romantic comedy that isn't romantic or funny.",48.0
ali,"Though perhaps no film could fully do justice to the fascinating life and personality of Muhammad Ali, Mann's direction and Smith's performance combine to pack a solid punch.",68.0
ali wong hard knock wife,"Ali Wong emerges a mother still perturbed in Hard Knock Wife, a hilariously honest hour of comedy that highlights the joys and oh boys of motherhood with fearless energy and just the right amount of squirmy detail.",100.0
alice through the looking glass,"Alice Through the Looking Glass is just as visually impressive as its predecessor, but that isn't enough to cover for an underwhelming story that fails to live up to its classic characters.",29.0
alien3,"Alien3 takes admirable risks with franchise mythology, but far too few pay off in a thinly scripted sequel whose stylish visuals aren't enough to enliven a lack of genuine thrills.",43.0
alien nation,"Alien Nation takes the interesting premise of extraterrestrials living among us and doesn't do enough with it, emphasizing a police procedural plotline over the more intriguing sci-fi elements.",53.0
alien resurrection,"Alien Resurrection marks a slight improvement over its predecessor, but still lacks the emotional stakes that helped make the franchise's first two entries sci-fi/horror classics.",54.0
alita battle angel,"Alita: Battle Angel's story struggles to keep up with its special effects, but fans of futuristic sci-fi action may still find themselves more than sufficiently entertained.",61.0
all about my mother todo sobre mi madre,"Almodovar weaves together a magnificent tapestry of femininity with an affectionate wink to classics of theater and cinema in this poignant story of love, loss and compassion.",98.0
all good things,"It's well-acted, and the true story that inspired it offers plenty of drama -- which is why it's so frustrating that All Good Things is so clichéd and frustratingly ambiguous.",35.0
all is lost,"Anchored by another tremendous performance in a career full of them, All Is Lost offers a moving, eminently worthwhile testament to Robert Redford's ability to hold the screen.",94.0
all is well alles ist gut,"Eva Trobisch's debut film is a painful study of female trauma that extends a compassionate, while uncomfortable look to its main character, fiercely impersonated by the excellent Aenne Schwarz.",100.0
all the bright places,"Though it at times buckles under the emotional weight of its source material, All The Bright Place succeeds on the strength of Elle Fanning and Justice Smith's charming and tender performances.",66.0
all the pretty horses,"This adaptation of Cormac McCarthy's novel comes off as rather flat and uninvolving. Scenes feel rushed and done in shorthand, and the romance between Damon and Cruz has no sparks.",32.0
allied,"Allied has its moments, but doesn't quite achieve epic wartime romance status -- a disappointment made more profound by the dazzling talent assembled on either side of the camera.",60.0
almost christmas,"While far from the worst holiday dramedy audiences could hope for, Almost Christmas isn't distinctive enough to prompt a visit to the theater -- or annual yuletide viewings.",49.0
alpha dog,"A glossy yet unflinching portrait of violent, hedonistic teenagers. Bruce Willis and Sharon Stone chew the scenery, while Justin Timberlake gives a noteworthy performance.",54.0
always,"Its central romance takes occasional dives into excessive sentimentality, but Always otherwise flies high thanks to director Steven Spielberg's rousing feel for adventure.",67.0
always be my maybe,"Carried by the infectious charms of Ali Wong and Randall Park, Always Be My Maybe takes familiar rom-com beats and cleverly layers in smart social commentary to find its own sweet groove.",89.0
amanda knox,Amanda Knox honors its subject with an absorbing -- if slightly incomplete -- look at the details and troubling implications of her arrest and subsequent fight for freedom.,82.0
amelia,"Amelia takes the compelling raw materials of its subject's life and does little with them, conventionally ticking off Earhart's accomplishments without exploring the soul of the woman.",20.0
america the beautiful,"This doc doesn't expose any new territory about our unattainable standards of beauty, but does manage to entertain with an effective and accessible tone by filmmaker/subject Darryl Roberts.",72.0
american assassin,"American Assassin hits a few easy targets, but without enough style or wit to truly bring its characters to life -- or stand out in a crowded field of more compelling spy thrillers.",34.0
american buffalo,"It lacks the dynamism of other adaptations of his work, but American Buffalo still offers the tenacious characterizations and hard-hitting dialogue that are hallmarks of David Mamet's writing.",74.0
american graffiti,"One of the most influential of all teen films, American Graffiti is a funny, nostalgic, and bittersweet look at a group of recent high school grads' last days of innocence.",96.0
american honey,American Honey offers a refreshingly unconventional take on the coming-of-age drama whose narrative risks add up to a rewarding experience even if they don't all pay off.,79.0
an american in paris,"The plot may be problematic, but such concerns are rendered superfluous by Gene Kelly and Leslie Caron's star power, the Gershwins' classic songs, and Vincente Minnelli's colorful, sympathetic direction.",96.0
american mary,"It suffers a bit from some uneven acting and an underwhelming climax, but American Mary utilizes pitch black humor and striking visuals to deliver gory, freaky thrills for body horror enthusiasts.",60.0
american pastoral,"American Pastoral finds debuting director Ewan McGregor's reach exceeding its grasp with a well-intentioned Philip Roth adaptation that retains the form, but little of the function, of its source material.",23.0
the american president,"A charming romantic comedy with political bite, Rob Reiner's American President features strong lead performances and some poignant observations of politics and media in the 1990s.",91.0
american psycho,"If it falls short of the deadly satire of Bret Easton Ellis's novel, American Psycho still finds its own blend of horror and humor, thanks in part to a fittingly creepy performance by Christian Bale.",69.0
american reunion,"It'll provide sweetly nostalgic comfort food for fans of the franchise, but American Reunion fails to do anything truly new or interesting -- or even very funny -- with the characters.",45.0
american sniper,"Powered by Clint Eastwood's sure-handed direction and a gripping central performance from Bradley Cooper, American Sniper delivers a tense, vivid tribute to its real-life subject.",72.0
american son,"Kerry Washington capably anchors American Son with her nervy turn as a concerned mother, but the staginess of the production ill-serves its heavy-handed social commentary.",48.0
americas heart and soul,"Louis Schwartzberg's sprawling tour across America highlights the heartland's visual beauty, but this resolutely uncritical inquiry in the nation's soul is frustratingly shallow.",50.0
amy schumer growing,"Amy Schumer's standup matures in an hour filled with concise insights into aging and matrimony, marked with only slight Growing pains as the comedian refreshes her comedic voice.",79.0
an education,"Though the latter part of the film may not appeal to all, An Education is a charming coming-of-age tale powered by the strength of relative newcomer Carey Mulligan's standout performance.",94.0
an evening with beverly luff linn,An Evening with Beverly Luff Linn unites an intriguing array of comedic talents for a thoroughly unusual outing that proves itself disappointingly difficult to recommend.,52.0
an inconvenient sequel truth to power,An Inconvenient Sequel: Truth to Power makes a plea for environmental responsibility that adds a persuasive -- albeit arguably less impactful -- coda to its acclaimed predecessor.,79.0
anatomy of a murder,"One of cinema's greatest courtroom dramas, Anatomy of a Murder is tense, thought-provoking, and brilliantly acted, with great performances from James Stewart and George C. Scott.",100.0
anchorman the legend of ron burgundy,"Filled with inspired silliness and quotable lines, Anchorman isn't the most consistent comedy in the world, but Will Ferrell's buffoonish central performance helps keep this portrait of a clueless newsman from going off the rails.",67.0
anchorman 2 the legend continues,"It's just as uneven and loosely structured as the first Anchorman -- and while Anchorman 2: The Legend Continues may not be quite as quotable, it's nearly as funny as its predecessor.",74.0
and everything is going fine,"Even if And Everything Is Going Fine isn't one of Soderbergh's more commercial efforts, this collection of judiciously edited performance footage of the late monologist Spalding Gray gave the director a chance to show a rarely-seen side of his artistry.",91.0
the andromeda strain,"Although its urgent subject matter warrants less a deliberate pace, The Andromeda Strain brings Michael Crichton's techno-thriller to the big screen with striking intelligence and an engrossing sense of paranoia.",67.0
angus thongs and perfect snogging,"Based on two of British writer Louise Rennison's popular books, Angus, Thongs and Perfect Snogging is a pleasant and funny tween comedy, comfortable for UK audiences as well as stateside crowds.",72.0
animals,"Animals' drug-fueled storyline is undeniably grim, but its sensitive approach to its difficult themes -- and its talented cast -- make watching it well worth the discomfort.",85.0
annihilation,Annihilation backs up its sci-fi visual wonders and visceral genre thrills with an impressively ambitious -- and surprisingly strange -- exploration of challenging themes that should leave audiences pondering long after the end credits roll.,88.0
anon,"Lacking enough depth to fulfill its evident ambitions or enough excitement to work as a sci-fi action thriller, Anon lives down to its title in the most glumly predictable ways.",37.0
anonymous,"Roland Emmerich delivers his trademark visual and emotional bombast, but the more Anonymous stops and tries to convince the audience of its half-baked theory, the less convincing it becomes.",45.0
another year,"Characterized by strong performances and the director's trademark feel for the nuances of everyday life, Another Year marks another solid entry in Mike Leigh's career of kitchen-sink English drama.",93.0
the answer man arlen faber,"The Answer Man takes an interesting premise and overloads it with implausible scenarios, indie comedy cliches, and an all-too-familiar story arc that only occasionally benefits from its typically capable actors.",30.0
antman,"Led by a charming performance from Paul Rudd, Ant-Man offers Marvel thrills on an appropriately smaller scale -- albeit not as smoothly as its most successful predecessors.",83.0
anywhere but here,The strong chemistry between Susan Sarandon and Natalie Portman as a mother and daughter trying to make a fresh start in L.A. helps to elevate Anywhere But Here above its occasional forays into melodrama.,64.0
apollo 13,"In recreating the troubled space mission, Apollo 13 pulls no punches: it's a masterfully told drama from director Ron Howard, bolstered by an ensemble of solid performances.",96.0
april and the extraordinary world avril et le monde truqué,"Bursting with a colorful imagination befitting its promise-packed title, April and the Extraordinary World offers spectacular delights for animation fans willing to venture off the beaten path.",96.0
armageddon,"Lovely to look at but about as intelligent as the asteroid that serves as the movie's antagonist, Armageddon slickly sums up the cinematic legacies of producer Jerry Bruckheimer and director Michael Bay.",38.0
army of darkness,"Army of Darkness is a madcap adventure worth taking thanks to Bruce Campbell's hammy charm and Sam Raimi's acrobatic direction, although an intentional lack of shocks make this a discordant capper to the Evil Dead franchise.",73.0
arrival,Arrival delivers a must-see experience for fans of thinking person's sci-fi that anchors its heady themes with genuinely affecting emotion and a terrific performance from Amy Adams.,94.0
art and craft,"The spotlight it shines on an apparently troubled mind may strike some viewers as exploitative, but Art and Craft remains a thoroughly gripping glimpse into the life of a legendary art forger.",91.0
arthur miller writer,"Director Rebecca Miller delivers a homespun documentary about one of America's most iconic playwrights, utilizing intimate footage and personal insight to craft a warm retrospective of her father's life.",91.0
as good as it gets,"James L. Brooks and Jack Nicholson, doing what they do best, combine smart dialogue and flawless acting to squeeze fresh entertainment value out of the romantic-comedy genre.",85.0
assassins creed,"Assassin's Creed is arguably better made (and certainly better cast) than most video game adaptations; unfortunately, the CGI-fueled end result still is still a joylessly overplotted slog.",18.0
astro boy astroboy,"While it isn't terribly original, and it seems to have a political agenda that may rankle some viewers, Astro Boy boasts enough visual thrills to please its target demographic.",50.0
at any price,"At Any Price features a terrific performance from Dennis Quaid, and it offers further evidence of Ramin Bahrani's unique eye for detail, but film is weighted down by an overly melodramatic story.",51.0
atlantic city,"Bittersweet and reflective, Atlantic City is a modest romance given raw power by Burt Lancaster and Susan Sarandon's heartfelt performances along with director Louis Malle's eccentric eye for detail.",100.0
atomic blonde,Atomic Blonde gets enough mileage out of its stylish action sequences -- and ever-magnetic star -- to make up for a narrative that's somewhat less hard-hitting than its protagonist.,78.0
atonement,"Atonement features strong performances, brilliant cinematography, and a unique score. Featuring deft performances from James MacAvoy and Keira Knightley, it's a successful adaptation of Ian McEwan's novel.",83.0
august osage county,"The sheer amount of acting going on in August: Osage County threatens to overwhelm, but when the actors involved are as talented as Meryl Streep and Julia Roberts, it's difficult to complain.",67.0
autumn in new york,"Although the film isn't as bad as feared (it wasn't pre-screened for reviews), it's not that good, either. Most noticable flaws are the sappy romantic cliches and lack of chemistry between Gere and Ryder.",19.0
avatar,"It might be more impressive on a technical level than as a piece of storytelling, but Avatar reaffirms James Cameron's singular gift for imaginative, absorbing filmmaking.",82.0
avengement,"Avengement compensates for a lack of narrative originality with thrilling sequences of violent, bone-crunching action, elevated by Scott Adkins' brutally intense performance.",84.0
avengers age of ultron,"Exuberant and eye-popping, Avengers: Age of Ultron serves as an overstuffed but mostly satisfying sequel, reuniting its predecessor's unwieldy cast with a few new additions and a worthy foe.",76.0
avengers infinity war,"Avengers: Infinity War ably juggles a dizzying array of MCU heroes in the fight against their gravest threat yet, and the result is a thrilling, emotionally resonant blockbuster that (mostly) realizes its gargantuan ambitions.",85.0
the aviator,"With a rich sense of period detail, The Aviator succeeds thanks to typically assured direction from Martin Scorsese and a strong performance from Leonardo DiCaprio, who charts Howard Hughes' descent from eccentric billionaire to reclusive madman.",86.0
await further instructions,"A yuletide nightmare full of familial angst and slithering scares, Await Further Instructions is a genre treat that pretty much any horror fan will want in their stocking.",80.0
away from her,"An accomplished directorial debut by Sarah Polley, Away From Her is a touching exploration of the effects of Alzheimer's, in which the tender wisdom of Polley's script is beautifully complemented by a wonderful performance from Julie Christie.",94.0
aziz ansari right now,"Aziz Ansari balances sharp social commentary with just enough earnest introspection to craft a special that, while not without its baggage, shows how far the comedian has come - and how far he may still have to go.",84.0
babel,"In Babel, there are no villains, only victims of fate and circumstance. Director Alejandro Gonzalez Iñarritu weaves four of their woeful stories into this mature and multidimensional film.",69.0
babettes feast babettes gæstebud,"Charming and melancholy, Babette's Feast is a timeless Scandinavian treat that explores the complex relationships between people, beliefs, and what it means to be an artist.",97.0
baby driver,"Stylish, exciting, and fueled by a killer soundtrack, Baby Driver hits the road and it's gone -- proving fast-paced action movies can be smartly written without sacrificing thrills.",92.0
bachelorette,"It has its moments, but Bachelorette ultimately plays it too safe with its trio of unlikable leads, betraying them with a predictably sentimental final act that undermines the bracingly honest humor preceding it.",56.0
back to school,Back to School gives Rodney Dangerfield plenty of room to riff -- and supports the freewheeling funnyman with enough of a story to keep things interesting between punchlines.,86.0
bad lieutenant port of call new orleans,"Befitting its unorthodox origins, this Bad Lieutenant benefits from Werner Herzog's typically fearless direction and a delightfully unhinged Nicolas Cage in the title role.",85.0
bad moms,Bad Moms boasts a terrific cast and a welcome twist on domestic comedy -- and they're often enough to compensate for the movie's unfortunate inability to take full advantage of its assets.,58.0
bad news bears,"This too-faithful remake aims low for laughs, turning off the easily offendable; despite another lovably irascible contribution by Thornton, it lacks the ensemble strength and originality of the 1976 version.",48.0
bad reputation,"Bad Reputation offers fans and novices a solidly entertaining overview of Joan Jett's trailblazing career, albeit one that might leave some viewers craving a deeper look.",79.0
bad samaritan,Bad Samaritan delivers a handful of genre thrills -- and a stellar central performance by David Tennant -- that help offset iffy direction and a disappointingly mundane story.,53.0
bad santa 2,"Loaded up with the same scatological and misanthropic humor as its predecessor but precious little of its heart or genuine wit, Bad Santa 2 presents a foulmouthed shadow of Christmas past.",24.0
bad taste,Peter Jackson's early low-budget shocker boasts a disgusting premise - aliens harvesting humans for fast food - that gives the budding auteur plenty of room for gross-out visuals and absurd cleverness.,68.0
balto,"Balto is a well-meaning adventure with spirited animation, but mushy sentimentality and bland characterization keeps it at paw's length from more sophisticated family fare.",54.0
band aid,"Band Aid tells a solidly affecting story of a relationship on the rocks -- and marks star Zoe Lister-Jones, who also wrote and directed, as a tremendous triple threat worth watching.",87.0
barton fink,"Twisty and unsettling, the Coen brothers' satirical tale of a 1940s playwright struggling with writer's block is packed with their trademark sense of humor and terrific performances from its cast.",90.0
baseketball,"Baseketball isn't just a succession of fouls thanks to the comedic zip of David Zucker's direction, but sophomoric gags and a lack of performance hustle by Trey Parker and Matt Stone makes this satire a clumsy bunt.",42.0
basic instinct,"Unevenly echoing the work of Alfred Hitchcock, Basic Instinct contains a star-making performance from Sharon Stone but is ultimately undone by its problematic, overly lurid plot.",53.0
baskin,"Baskin complements its gory thrills with heavy atmosphere and deliberate pacing, adding up to a horror outing that plays with the mind as enthusiastically as it ruins the appetite.",79.0
batman beyond return of the joker,"This feature length entry in the Batman Beyond mythos sends off the Mark Hamill-voiced Joker in thrilling fashion, hitting the same caped crusading peaks of the original series.",91.0
batman return of the caped crusaders,"Adam West's groovy interpretation of the The Caped Crusader returns in a new medium, popping in the realm of animation with the irascible energy of an exclamation-accented onomatopoeia.",94.0
batman returns,"Director Tim Burton's dark, brooding atmosphere, Michael Keaton's work as the tormented hero, and the flawless casting of Danny DeVito as The Penguin and Christopher Walken as, well, Christopher Walken make the sequel better than the first.",80.0
batman the killing joke,"This stilted retelling of the Joker's origin adds little to its iconic source material, further diminished by some questionable story additions that will have fans demanding justice for Barbara Gordon.",40.0
batman v superman dawn of justice,Batman v Superman: Dawn of Justice smothers a potentially powerful story -- and some of America's most iconic superheroes -- in a grim whirlwind of effects-driven action.,28.0
battleship,"It may offer energetic escapism for less demanding filmgoers, but Battleship is too loud, poorly written, and formulaic to justify its expense -- and a lot less fun than its source material.",34.0
beauty and the beast,"With an enchanting cast, beautifully crafted songs, and a painterly eye for detail, Beauty and the Beast offers a faithful yet fresh retelling that honors its beloved source material.",71.0
becoming jane,"Although Becoming Jane is a well-crafted period piece, it lacks fresh insight into the life and works of Jane Austen. The film focuses too much on wardrobe and not enough on Austen's achievements.",58.0
bedknobs and broomsticks,"Bedknobs and Broomsticks often feels like a pale imitation of a certain magical guardian and her wards, but a spoonful of Angela Lansbury's witty star power helps the derivativeness go down.",66.0
before midnight,"Building on the first two installments in Richard Linklater's well-crafted Before trilogy, Before Midnight offers intelligent, powerfully acted perspectives on love, marriage, and long-term commitment.",98.0
before night falls,"An impressionistic, fragmented look at Reinaldo Arenas, Before Night Falls' imagery manages to evoke a sense of the writer's artistry, and Bardem's strong performance holds the film together. Finally, a biopic done well.",73.0
before sunrise,"Thought-provoking and beautifully filmed, Before Sunrise is an intelligent, unabashedly romantic look at modern love, led by marvelously natural performances from Ethan Hawke and Julie Delpy.",100.0
before we go,"Chris Evans' directorial debut is modest to a fault, with a threadbare story and minimal style leaving his and Alice Eve's likable performances adrift in New York City with nowhere to go.",27.0
begin again,"Writer-director John Carney's return to musical drama isn't quite as potent as it was with Once, but thanks to charming work from its well-matched leads, Begin Again is difficult to resist.",83.0
behind the candelabra,"Affectionate without sacrificing honesty, Behind the Candelabra couples award-worthy performances from Michael Douglas and Matt Damon with some typically sharp direction from Steven Soderbergh.",95.0
belle,"It boasts all the surface beauty that fans of period pictures have come to expect, but Belle also benefits from its stirring performances and subtle social consciousness.",84.0
beneath the planet of the apes,"Beneath the Planet of the Apes delivers more action than its predecessor -- unfortunately, at the expense of the social subtext that elevates the franchise's best entries.",38.0
benji off the leash,"Benji: Off the Leash! features an adorable dog and a solid message about how to treat animals, but is too dull and amateurish a viewing experience to recommend for all but the youngest viewers.",33.0
beowulf,"Featuring groundbreaking animation, stunning visuals, and a talented cast, Beowulf has in spades what more faithful book adaptations forget to bring: pure cinematic entertainment.",71.0
berberian sound studio,"Its reach may exceed its grasp, but with Berberian Sound Studio, director Peter Strickland assembles a suitably twisted, creepy tribute to the Italian Giallo horror movies of the '70s that benefits from a strong central performance by Toby Jones.",85.0
berlin syndrome,"Berlin Syndrome offers thriller fans an uncommonly well-written descent into dangerous obsession, enlivened by taut direction and a committed performance from Teresa Palmer.",75.0
the best years of our lives,"An engrossing look at the triumphs and travails of war veterans, The Best Years of Our Lives is concerned specifically with the aftermath of World War II, but its messages speak to the overall American experience.",97.0
beverly hills cop iii,"Despite being set at an amusement park, Beverly Hills Cop III forgets to have any fun as it churns out uninspired violence and witless gags, with an uncharacteristically lethargic Eddie Murphy not helping matters.",9.0
beware of mr baker,"Free of the hagiographic overtones that dog many documentary profiles, Beware of Mr. Baker presents a clear-eyed, thoroughly gripping look at one of rock's greatest -- and most personally problematic -- musicians.",98.0
beyond the hills,"Although some viewers may mistake its deliberate pace for passionless filmmaking, Beyond the Hills offers an intelligent, powerfully acted examination of the tension between secular life and religious faith.",91.0
beyond the lights,"Thanks to smart direction and a powerhouse performance from Gugu Mbatha-Raw, Beyond the Lights transcends its formulaic storyline to deliver thoroughly entertaining drama.",84.0
beyond the mat,"Even if you aren't a fan, Beyond the Mat provides a riveting, perceptive look into the world of professional wrestling by taking a closer look at the people beneath the personas.",82.0
beyond the reach,"Beyond the Reach promises goofy genre pleasures, but fails to deliver, losing the viewer -- and a villainous turn from Michael Douglas -- in a misguided story that stumbles to the finish.",37.0
big ass spider,Big Ass Spider! delivers on the promise of its outlandish title with a tongue-in-cheek creature feature that embraces its B-movie silliness with utterly entertaining results.,78.0
the big bounce,"Lazily crafted and light on substance, The Big Bounce takes few chances and strands its promising cast in a subpar adaptation that fails to do its source material justice.",16.0
the big easy,"Loaded with atmosphere and drenched in the sizzling chemistry between Dennis Quaid and Ellen Barkin, The Big Easy remains one of the strongest -- and steamiest -- thrillers of the 1980s.",89.0
big game,"Big Game's enthusiastic throwback vibe will appeal to fans of low-budget '80s action movies, but co-writer/director Jalmari Helander adds a level of smarts and skill that make it more than just an homage.",78.0
the big picture,"The Big Picture aims at targets that might not be familiar to viewers who aren't well-versed in movie-biz chicanery, but hits most of them so solidly that laughter is the only option.",87.0
big star nothing can hurt me,Big Star: Nothing Can Hurt Me offers a persuasive argument for its subjects' cult classic oeuvre -- and presents a painfully passionate lament for their untapped potential.,92.0
bikram yogi guru predator,"By exposing the corrupt systems which enabled him, Bikram: Yogi, Guru, Predator paints a disturbing -- and necessary -- portrait of the cycles of abuse endured by countless followers of the charlatan at its center.",96.0
bill teds bogus journey,"Bill and Ted's Bogus Journey has the same stars -- and cheerfully wacky sense of humor -- as its predecessor, but they prove a far less effective combination the second time around.",57.0
bill cunningham new york,"Suffused with happiness and modest charm, Bill Cunningham New York offers a touching, gently humorous portrait of its subject without invading his jealously guarded privacy.",99.0
billy madison,"Audiences who enjoy Adam Sandler's belligerent comic energy may find him in joyously obnoxious form as Billy Madison, but this thinly-plotted starring vehicle surrounds its star with an aggressively pedestrian movie.",40.0
bird,"Forest Whitaker inhabits Charlie Parker with aplomb in this moving love letter to the music icon, told by director Clint Eastwood with a moody style that visually evokes the wistful rhythm of jazz.",83.0
luccello dalle piume di cristallo the bird with the crystal plumage,"Combining a deadly thriller plot with the stylized violence that would become his trademark, The Bird with the Crystal Plumage marked an impressive horror debut for Dario Argento.",93.0
the birdcage,"Mike Nichols wrangles agreeably amusing performances from Robin Williams and Nathan Lane in this fun, if not quite essential, remake of the French comedy La Cage aux Folles.",80.0
birdman,"A thrilling leap forward for director Alejandro González Iñárritu, Birdman is an ambitious technical showcase powered by a layered story and outstanding performances from Michael Keaton and Edward Norton.",91.0
biutiful,"Javier Bardem's searing performance helps to elevate Biutiful, as does Alejandro González Iñárritu's craftsmanship, but the film often lapses into contrivance and grimness.",66.0
the black dahlia,"Though this ambitious noir crime-drama captures the atmosphere of its era, it suffers from subpar performances, a convoluted story, and the inevitable comparisons to other, more successful films of its genre.",32.0
black hawk down,"Though it's light on character development and cultural empathy, Black Hawk Down is a visceral, pulse-pounding portrait of war, elevated by Ridley Scott's superb technical skill.",76.0
black panther,Black Panther elevates superhero cinema to thrilling new heights while telling one of the MCU's most absorbing stories -- and introducing some of its most fully realized characters.,96.0
black sea,"Black Sea may not be particularly deep, but thanks to Kevin Macdonald's judicious direction and a magnetic performance from Jude Law, it remains an efficiently well-crafted thriller.",80.0
blade of the immortal mugen no jûnin,"Blade of the Immortal highlights Takashi Miike's flair for balletic violence, making up what it lacks in strict originality with rich characterizations and kinetic thrills.",86.0
blade runner,"Misunderstood when it first hit theaters, the influence of Ridley Scott's mysterious, neo-noir Blade Runner has deepened with time. A visually remarkable, achingly human sci-fi masterpiece.",90.0
blade runner 2049,"Visually stunning and narratively satisfying, Blade Runner 2049 deepens and expands its predecessor's story while standing as an impressive filmmaking achievement in its own right.",88.0
blades of glory,Thanks to the spirited performances of a talented cast - particularly Will Ferrell and Jon Heder as rivals-turned-teammates -- Blades of Glory successfully spoofs inspirational sports dramas with inspired abandon.,70.0
blair witch,"Blair Witch doles out a handful of effective scares, but aside from a few new twists, it mainly offers a belated rehash of the original -- and far more memorable -- first film.",37.0
the blair witch project,"Full of creepy campfire scares, mock-doc The Blair Witch Project keeps audiences in the dark about its titular villain, proving once more that imagination can be as scary as anything onscreen.",86.0
blame it on rio,"It isn't clear who is most culpable for this creepy comedy's sheer wrongness, but its smarmy laughs and uncomfortable romance will leave audiences feeling guilty long afterward.",8.0
bleed for this,Bleed for This rises on the strength of Miles Teller's starring performance to deliver a solid fact-based boxing drama that takes a few genre clichés on the chin but keeps on coming.,70.0
blinded by the light,"Like a life-affirming rock anthem, Blinded by the Light hits familiar chords with confidence and flair, building to a conclusion that leaves audiences cheering for an encore.",89.0
blood done sign my name,"Even among civil rights movies, Blood Done Sign My Name is remarkably earnest, but its big heart can't cover for the bland acting and TV-style melodrama that blunts the movie's impact.",52.0
blood father,"Blood Father meets every expectation a film fan could have for a latter-day Mel Gibson action thriller with its title -- and even, in some respects, handily exceeds them.",89.0
bloodsport,"This is where it all began for the Muscles from Brussels, but beyond Van Damme's athleticism, Bloodsport is a cliched, virtually plotless exercise in action movie recycling.",40.0
blow,"With elements that seem borrowed from movies like Goodfellas and Boogie Nights, Blow is pretty much been-there-done-that despite another excellent performance from Johnny Depp. It, also, becomes too sentimental at the end.",55.0
blow out,"With a story inspired by Antonioni's Blow Up and a style informed by the high-gloss suspense of Hitchcock, DePalma's Blow Out is raw, politically informed, and littered with film references.",83.0
blowup,"Exquisitely shot and simmering with unease, Michelangelo Antonio's Blow-Up is an enigma that invites audiences to luxuriate in the sensual atmosphere of 1960s London chic.",88.0
blue valentine,"This emotionally gripping examination of a marriage on the rocks isn't always easy to watch, but Michelle Williams and Ryan Gosling give performances of unusual depth and power.",87.0
blue velvet,"If audiences walk away from this subversive, surreal shocker not fully understanding the story, they might also walk away with a deeper perception of the potential of film storytelling.",94.0
body of war,"Unapologetically political, this intimate and heart wrenching profile of an Iraq veteran may be rough around the edges but takes a potent stance with determination and compassion.",80.0
the bonfire of the vanities,"The Bonfire of the Vanities is a vapid adaptation of a thoughtful book, fatally miscast and shorn of the source material's crucial sense of irony. Add it to the pyre of Hollywood's ambitious failures.",16.0
book club,"Book Club only intermittently rises to the level of its impressive veteran cast; fortunately, they're more than enough to bring pedestrian material entertainingly to life.",54.0
born on the fourth of july,"Led by an unforgettable performance from Tom Cruise, Born on the Fourth of July finds director Oliver Stone tackling thought-provoking subject matter with ambitious élan.",85.0
bound,"Bound's more titillating elements attracted attention, but it's the stylish direction, solid performances, and entertaining neo-noir caper plot that make it worth a watch.",89.0
the bourne ultimatum,"The Bourne Ultimatum is an intelligent, finely tuned non-stop thrill ride. Another strong performance from Matt Damon and sharp camerawork from Paul Greengrass make this the finest installment of the Bourne trilogy.",92.0
boxcar bertha,"Too derivative of other Roger Corman crime pictures to stand out, Boxcar Bertha feels more like a training exercise for a fledgling Martin Scorsese than a fully formed picture in its own right.",52.0
boy a,"Small in scale but large in impact, Boy A's career making performances (particularly that by star Andrew Garfield) and carefully crafted characters defy judgment and aggressively provoke debate.",88.0
boy and the world o menino e o mundo,"Boy and the World's distinctive animation is visually thrilling -- and it's backed up with a daring, refreshingly different storyline that should enthrall younger viewers while resonating deeply with adults.",93.0
bra boys,"While it looks like shameless publicity for the semi-notorious Aussie surfing gang, the film packs a raw energy into this look at a culture of athleticism and male loyalty.",59.0
bride of chucky,"Bride of Chucky is devoid of any fright and the franchise has become tiresomely self-parodic, although horror fans may find some pleasure in this fourth entry's camp factor.",46.0
bridget joness diary,"Though there was controversy over the choice of casting, Zellweger's Bridget Jones is a sympathetic, likable, funny character, giving this romantic comedy a lot of charm.",80.0
bright lights starring carrie fisher and debbie reynolds,"Bright Lights: Starring Carrie Fisher and Debbie Reynolds is a touching, bittersweet, and ultimately charming love story that serves as a poignantly effective tribute to the strangely complicated, uniquely resilient mother/daughter duo.",100.0
bright young things,"Colored with witty performances and a camp sense of satire, Stephen Fry's version of Evelyn Waugh's novel may only be fitfully successful but it does mark a promising debut for the British comic.",65.0
brighton rock,"Brighton Rock is a lean noir boasting an appealing trio of stars, but its old-fashioned presentation only reinforces how little it distinguishes itself from the superior original.",51.0
bring it on,"Despite the formulaic, fluffy storyline, this movie is surprisingly fun to watch, mostly due to its high energy and how it humorously spoofs cheerleading instead of taking itself too seriously.",63.0
broken embraces,"Pedro Almodovar's fourth film with Penélope Cruz isn't his finest work, but he brings his signature visual brilliance to this noirish tale, and the cast turns in some first-class performances.",81.0
brooklyn,Brooklyn buttresses outstanding performances from Saoirse Ronan and Emory Cohen with a rich period drama that tugs at the heartstrings as deftly as it satisfies the mind.,97.0
brooklyns finest,"It's appropriately gritty, and soaked in the kind of palpable tension Antoine Fuqua delivers so well, but Brooklyn's Finest suffers from the comparisons its cliched script provokes.",45.0
buffalo 66,"Self-indulgent yet intriguing, Buffalo '66 marks an auspicious feature debut for writer-director-star Vincent Gallo while showcasing a terrific performance from Christina Ricci.",76.0
buffy the vampire slayer,Buffy the Vampire Slayer's supernatural coming of age tale is let down by poor directing and even poorer plotting -- though Kristy Swanson and Paul Reubens' game performances still manage to slay.,35.0
bullet to the head,"Bullet to the Head's unapologetically trashy thrills evoke memories of its star and director's proud cinematic pasts -- but sadly, those memories are just about all it has to offer.",45.0
bulworth,"Star and director Beatty's ambitious take on race and politics in 20th-century America isn't perfect, but manages to provide more than its share of thought-provoking laughs.",76.0
burlesque,"Campy and clichéd, Burlesque wastes its talented cast (including a better-than-expected Christina Aguilera) on a movie that wavers uncertainly between ""bad"" and ""so bad it's good.""",37.0
bushwick,"Bushwick's sociopolitical subtext gives it more heft than the average action thriller, but those ideas are given short shrift in what amounts to a disappointing shoot-'em-up.",48.0
but im a cheerleader,"Too broad to make any real statements, But I'm a Cheerleader isn't as sharp as it should be, but a charming cast and surprisingly emotional center may bring enough pep for viewers looking for a light social satire.",40.0
byzantium,"Director Neil Jordan remains as expert as ever when it comes to setting a chilling mood, but Byzantium struggles to match its creepily alluring atmosphere with a suitably compelling story.",66.0
caddyshack ii,"Handicapped by a family friendly PG rating, even the talents of Caddyshack II's all-star comic cast can't save it from its lazy, laughless script and uninspired direction.",4.0
cake,"Cake finds Jennifer Aniston making the most of an overdue opportunity to test her dramatic chops, but it lacks sufficient depth or warmth to recommend for all but her most ardent fans.",48.0
california suite,"Maggie Smith's acidic turn is the standout in this stacked ensemble, but broad characterizations and an unsure tone make for a disappointingly uneven adaptation of Neil Simon's episodic play.",54.0
cam,"Smart and suspenseful, CAM is a techno-thriller that's far more than the sum of its salacious parts -- and an outstanding showcase for Madeline Brewer in the leading role.",93.0
cameraperson,"Fresh and inventive yet immediately accessible, Cameraperson distills its subject's life and career into an experience that should prove immediately absorbing even for those unfamiliar with her work.",99.0
the candidate,"The Candidate may not get all the details right when it comes to modern campaigning, but it captures political absurdity perfectly -- and boasts typically stellar work from Robert Redford to boot.",87.0
candyman,"Though it ultimately sacrifices some mystery in the name of gory thrills, Candyman is a nuanced, effectively chilling tale that benefits from an interesting premise and some fine performances.",75.0
captain america civil war,Captain America: Civil War begins the next wave of Marvel movies with an action-packed superhero blockbuster boasting a decidedly non-cartoonish plot and the courage to explore thought-provoking themes.,91.0
captain corellis mandolin,"The cinematography is gorgeous, but the movie plays it fast and loose with history and the novel it was adapted from. Mostly, the movie fails because the romance between the leads strains credulity and the story is largely uninvolving.",28.0
captain marvel,"Packed with action, humor, and visual thrills, Captain Marvel introduces the MCU's latest hero with an origin story that makes effective use of the franchise's signature formula.",79.0
captain phillips,"Smart, powerfully acted, and incredibly intense, Captain Phillips offers filmgoers a Hollywood biopic done right -- and offers Tom Hanks a showcase for yet another brilliant performance.",93.0
captain underpants the first epic movie captain underpants,"With a tidy plot, clean animation, and humor that fits its source material snugly, Captain Underpants: The First Epic Movie is entertainment that won't drive a wedge between family members.",87.0
captive,Captive undermines committed performances from Kate Mara and David Oyelowo -- and the real-life story they're dramatizing -- with a thin script doubling as an ad for a self-help book.,27.0
careful what you wish for,"Audiences yearning for a modern update on the erotic thriller formula will be sorely disappointed by this turgid incarnation, hobbled by stale plotting and a curious lack of sensuality.",17.0
cargo,Cargo takes a refreshingly character-driven approach to the zombie genre that's further distinguished by its Australian setting and Martin Freeman's terrific lead performance.,88.0
carlitos way,"Carlito's Way reunites De Palma and Pacino for a more wistful take on the crime epic, delivering a stylish thriller with a beating heart beneath its pyrotechnic performances and set pieces.",81.0
carnage,"It isn't as compelling on the screen as it was on the stage, but Carnage makes up for its flaws with Polanski's smooth direction and assured performances from Winslet and Foster.",70.0
carrie,"It boasts a talented cast, but Kimberly Peirce's ""reimagining"" of Brian De Palma's horror classic finds little new in the Stephen King novel -- and feels woefully unnecessary.",50.0
cars 3,"Cars 3 has an unexpectedly poignant story to go with its dazzling animation, suggesting Pixar's most middle-of-the-road franchise may have a surprising amount of tread left.",70.0
casa de mi padre,"Thinly written and not as funny as it needs to be, Casa de mi Padre would have worked better as a fake trailer or short film; stretched to feature length, it wears out its welcome far too quickly.",42.0
casino royale,"Casino Royale disposes of the silliness and gadgetry that plagued recent James Bond outings, and Daniel Craig delivers what fans and critics have been waiting for: a caustic, haunted, intense reinvention of 007.",95.0
catch a fire,"No stranger to the political thriller, director Phillip Noyce tackles apartheid and terrorism with experienced gusto, while Derek Luke and Tim Robbins hand in nuanced performances.",75.0
catch me if you can,"With help from a strong performance by Leonardo DiCaprio as real-life wunderkind con artist Frank Abagnale, Steven Spielberg crafts a film that's stylish, breezily entertaining, and surprisingly sweet.",96.0
catfish,"Catfish may tread the line between real-life drama and crass exploitation a little too unsteadily for some viewers' tastes, but its timely premise and tightly wound mystery make for a gripping documentary.",80.0
cecil b demented,"The idea behind John Waters' latest has much potential, but the movie ends up being too sloppy and underdeveloped in terms of script and direction. Also, by today's standards, it fails to shock.",53.0
celeste and jesse forever,"While it doesn't subvert the genre as incisively as it thinks it does, Celeste and Jesse Forever is a shrewd rom-com that benefits from its likable cast and trumpets the arrival of Rashida Jones as a bona fide big screen talent.",71.0
cemetery junction,"It fails to challenge the well-established conventions of its storyline, but Cemetery Junction benefits from the genuine warmth of its script, as well as its refusal to give in to cheap nostalgia.",55.0
centurion,"It's a bloody geyser of Neil Marshall's typically stylish B-movie action, but Centurion is too focused on hacking and slashing to deliver original dialogue or interesting characters.",61.0
chaplin,"Chaplin boasts a terrific performance from Robert Downey, Jr. in the title role, but it isn't enough to overcome a formulaic biopic that pales in comparison to its subject's classic films.",59.0
chappaquiddick,"Chappaquidick can't help leaving some of this true story's most intriguing questions unanswered, but it's bolstered by outstanding work from Jason Clarke in the central role.",81.0
chariots of fire,"Decidedly slower and less limber than the Olympic runners at the center of its story, the film nevertheless manages to make effectively stirring use of its spiritual and patriotic themes.",82.0
charlie and the chocolate factory,"Closer to the source material than 1971's Willy Wonka & the Chocolate Factory, Charlie and the Chocolate Factory is for people who like their Chocolate visually appealing and dark.",83.0
charlottes web,"Kids will be entertained by the straightforward plot and cute animals, and adults will be charmed by how quiet and humble the production is, a fine translation of E.B. White's genteel prose.",78.0
chasing amy,"Although Chasing Amy's depiction of queer sexuality is frustratingly clumsy, it handles an array of thorny themes with a mixture of sensitivity, raw honesty, and writer-director Kevin Smith's signature raunchy humor.",87.0
chasing coral,Chasing Coral offers a breathtakingly beautiful look at some of the Earth's most incredible natural wonders while delivering a sobering warning about their uncertain future.,100.0
chasing madoff,"Chasing Madoff admirably highlights Harry Markopolos' perilous crusade against one of history's biggest frauds, but the documentary's disinterest in Madoff himself makes it feel like only half the story.",46.0
chasing trane the john coltrane documentary,"Chasing Trane: The John Coltrane Documentary can't hope to truly capture its subject's freewheeling creative spirit, but it's still an engaging overview for fans as well as the uninitiated.",76.0
chavela,Chavela pays affecting tribute to its subject with an absorbing documentary that outlines her remarkable life while effectively communicating the power and lingering impact of her art.,95.0
chef flynn,"Chef Flynn might have cut a little deeper into its subject's story, but this entertaining overview of a precocious talent's rise to acclaim still has enough flavor to satisfy.",75.0
chelsea on the rocks,Abel Ferrara's loving portrait of New York's Chelsea Hotel is less interested in telling the story of its famous residents than in exploring the magic of the place that housed so many moments in rock history.,71.0
cherry 2000,"While Cherry 2000 has a certain low-budget appeal, all but the most ardent genre enthusiasts are likely to find its silly story and uneven performances unintentionally amusing.",38.0
chiraq,"Chi-Raq is as urgently topical and satisfyingly ambitious as it is wildly uneven -- and it contains some of Spike Lee's smartest, sharpest, and all-around entertaining late-period work.",82.0
chicken run,"Chicken Run has all the charm of Nick Park's Wallace & Gromit, and something for everybody. The voice acting is fabulous, the slapstick is brilliant, and the action sequences are spectacular.",97.0
child 44,"There's a gripping story at the heart of Child 44 and a solid performance from Tom Hardy in the lead, but it all still adds up to a would-be thriller that lacks sufficient thrills.",27.0
child of god,"An obviously reverent adaptation that fails to make a case for the source material being turned into a movie, Child of God finds director James Franco outmatched by Cormac McCarthy's novel.",42.0
childs play,"Child's Play occasionally stumbles across its tonal tightrope of comedy and horror, but its genuinely creepy monster and some deft direction by Tom Holland makes this chiller stand out on the shelf.",71.0
chinatown,"As bruised and cynical as the decade that produced it, this noir classic benefits from Robert Towne's brilliant screenplay, director Roman Polanski's steady hand, and wonderful performances from Jack Nicholson and Faye Dunaway.",99.0
chips,"CHiPS abandons the endearing innocence of its source material, using the titular cop show's premise as a setup for aggressively lowbrow gags that prove only mildly arresting at best.",18.0
a chorus line,"On stage, A Chorus Line pulled back the curtain to reveal the hopes and fears of showbiz strivers, but that energy and urgency is lost in the transition to the big screen.",40.0
chris rock tamborine,"Chris Rock reasserts his credentials as one of comedy's preeminent figures in Tamborine, an introspective standup act delivered with fresh sensitivity and trademark exuberance.",100.0
christopher robin,Christopher Robin may not equal A.A. Milne's stories -- or their animated Disney adaptations -- but it should prove sweet enough for audiences seeking a little childhood magic.,73.0
the chronicles of narnia the voyage of the dawn treader,"Its leisurely, businesslike pace won't win the franchise many new fans, but Voyage of the Dawn Treader restores some of the Narnia franchise's lost luster with strong performances and impressive special effects.",50.0
churchill,"Churchill gets sterling work out of Brian Cox in the leading role, but it isn't enough to overcome a muddled and ultimately unsuccessful approach to an incredible real-life story.",49.0
cinema verite,"Cinema Verite is a disappointingly incurious dive into the birth of reality television, but terrific performances and the inherent intrigue behind the making of An American Family keep this drama compelling.",61.0
cirque du soleil worlds away,"Cirque Du Soleil loses its sense of wonder when bottled for the screen, with Worlds Away's shapeless story and relentless spectacle feeling hollow when divorced from the theatrical experience.",45.0
citizen jane battle for the city,Citizen Jane: Battle for the City offers a compelling overview of an influential activist's importance -- and underscores why the spirit of her work remains crucial today.,95.0
citizen kane,"Orson Welles's epic tale of a publishing tycoon's rise and fall is entertaining, poignant, and inventive in its storytelling, earning its reputation as a landmark achievement in film.",100.0
city of gold,"Even for viewers who've never read or heard of food critic Jonathan Gold, City of Gold offers a thoroughly entertaining introduction to a talented writer and brilliant career.",90.0
clash of the titans,"A goofy, old-school sword-and-sandal epic, Clash of the Titans mines Greek mythology for its story and fleshes it out with Ray Harryhausen's charmingly archaic stop-motion animation techniques.",68.0
wrath of the titans,"Its 3D effects are an improvement over its predecessor's, but in nearly every other respect, Wrath of the Titans fails to improve upon the stilted acting, wooden dialogue, and chaos-driven plot of the franchise's first installment.",27.0
clash of the titans,"An obviously affectionate remake of the 1981 original, Louis Leterrier's Clash of the Titans doesn't offer enough visual thrills to offset the deficiencies of its script.",27.0
click,"This latest Adam Sandler vehicle borrows shamelessly from It's A Wonderful Life and Back To The Future, and fails to produce the necessary laughs that would forgive such imitation.",34.0
the client,"The Client may not reinvent the tenets of the legal drama, but Joel Schumacher's sturdy directorial hand and a high-caliber cast bring John Grisham's page-turner to life with engrossing suspense.",78.0
cloud atlas,"Its sprawling, ambitious blend of thought-provoking narrative and eye-catching visuals will prove too unwieldy for some, but the sheer size and scope of Cloud Atlas are all but impossible to ignore.",67.0
clue,"A robust ensemble of game actors elevate Clue above its schematic source material, but this farce's reliance on novelty over organic wit makes its entertainment value a roll of the dice.",65.0
coach carter,"Even though it's based on a true story, Coach Carter is pretty formulaic stuff, but it's effective and energetic, thanks to a strong central performance from Samuel L. Jackson.",64.0
coco,"Coco's rich visual pleasures are matched by a thoughtful narrative that takes a family-friendly -- and deeply affecting -- approach to questions of culture, family, life, and death.",97.0
cold pursuit,Cold Pursuit delivers the action audiences expect from a Liam Neeson thriller -- along with humor and a sophisticated streak that make this an uncommonly effective remake.,69.0
the color purple,"It might have been better served by a filmmaker with a deeper connection to the source material, but The Color Purple remains a worthy, well-acted adaptation of Alice Walker's classic novel.",81.0
colossal,"Colossal's singular strangeness can be disorienting, but viewers who hang on may find that its genre-defying execution -- and Anne Hathaway's performance -- is well worth the ride.",81.0
computer chess,"With its delightfully retro production design, Computer Chess is an inventive, intelligent, and humorous comedy that celebrates the eccentricity and uniqueness of its subject.",88.0
con air,"Con Air won't win any awards for believability - and all involved seem cheerfully aware of it, making some of this blockbuster action outing's biggest flaws fairly easy to forgive.",56.0
conan the barbarian,"Though Conan may take itself too seriously for some, this adventure film about a former slave seeking vengeance is full of quotable Schwarzenegger lines and gritty action.",64.0
conan the barbarian,"While its relentless, gory violence is more faithful to the Robert E. Howard books, Conan the Barbarian forsakes three-dimensional characters, dialogue, and acting in favor of unnecessary 3D effects.",25.0
concerning violence,"As confrontational as it is ultimately rewarding, Concerning Violence is a scathing indictment of past misdeeds -- and a sobering reminder of how far we still have to go.",90.0
concussion,"Concussion lands a solid, well-acted hit on its impressively timely subject matter, even if its traditional sports drama structure is a little too safe to deserve a full-on dance in the end zone.",59.0
confessions of a teenage drama queen,Confessions of a Teenage Drama Queen's superficial tendencies are unlikely to appeal to older viewers -- though its colorful candor is decidedly not intended for them in the first place.,14.0
congo,"Mired in campy visual effects and charmless characters, Congo is a suspenseless adventure that betrays little curiosity about the scientific concepts it purports to care about.",22.0
conquest of the planet of the apes,"Conquest of the Planet of the Apes is as angry and relevant as any of its predecessors, but budget constraints and a stale script rob this revolution of the scope it requires.",50.0
control,"Control is a work of art, thanks to its evocative black and white cinematography and sensational performances from Sam Riley and Samantha Morton. Even those not familiar with Joy Division can still appreciate the beauty of the film.",88.0
the conversation,"This tense, paranoid thriller presents Francis Ford Coppola at his finest -- and makes some remarkably advanced arguments about technology's role in society that still resonate today.",96.0
conviction,"Less compelling -- and more manipulative -- than it should be, Conviction benefits from its compelling true story and a pair of solid performances from Swank and Rockwell.",67.0
cookies fortune,"Robert Altman's gift for diffuse storytelling is employed to breezily enjoyable effect in Cookie's Fortune, a mirthful caper that layers on a generous helping of Southern charm.",86.0
cop land,"Cop Land matches its star-studded cast with richly imagined characters while throttling the audience with carefully ratcheted suspense, although it lacks the moral complexity of classic crime thrillers.",75.0
cosmopolis,"Though some may find it cold and didactic, Cosmopolis benefits from David Cronenberg's precise direction, resulting in a psychologically complex adaptation of Don DeLillo's novel.",65.0
courage under fire,An emotional and intriguing tale of a military officer who must review the merits of a fallen officer while confronting his own war demons. Effectively depicts the terrors of war as well as its heartbreaking aftermath.,85.0
cowboys aliens,"Daniel Craig and Harrison Ford are as dependably appealing as ever, but they're let down by director Jon Favreau's inability to smooth Cowboys & Aliens' jarring tonal shifts.",44.0
crank,"Crank's assaultive style and gleeful depravity may turn off casual action fans, but audiences seeking a strong dose of adrenaline will be thrilled by Jason Statham's raucous race against mortality.",61.0
crawl,"An action-packed creature feature that's fast, terrifying, and benefits greatly from a completely game Kaya Scodelario, Crawl is a fun throw-back with just enough self-awareness to work.",83.0
crazy rich asians,"With a terrific cast and a surfeit of visual razzle dazzle, Crazy Rich Asians takes a satisfying step forward for screen representation while deftly drawing inspiration from the classic -- and still effective -- rom-com formula.",91.0
creed,Creed brings the Rocky franchise off the mat for a surprisingly effective seventh round that extends the boxer's saga in interesting new directions while staying true to its classic predecessors' roots.,95.0
creepshow 2,"Not even the melding of Stephen King and George A. Romero's writing sensibilities can elevate this spineless anthology, which is too simple in its storytelling and too skimpy on the genuine scares.",30.0
crimson peak,Crimson Peak offers an engaging -- albeit somewhat slight -- diversion driven by a delightfully creepy atmosphere and director Guillermo del Toro's brilliant knack for unforgettable visuals.,72.0
crimson tide,"Boasting taut, high energy thrills and some cracking dialogue courtesy of an uncredited Quentin Tarantino, Crimson Tide finds director Tony Scott near the top of his action game.",88.0
crossing over,"Crossing Over is flagrant and heavy-handed about a situation that deserves more deliberate treatment, and joins its characters with coincidences that strain believability.",16.0
crossing the line,"An engrossing look at the aftermath of largely forgotten events during the Cold War, Crossing the Line raises questions that will haunt the viewer after the credits roll.",90.0
crouching tiger hidden dragon,"The movie that catapulted Ang Lee into the ranks of upper echelon Hollywood filmmakers, Crouching Tiger, Hidden Dragon features a deft mix of amazing martial arts battles, beautiful scenery, and tasteful drama.",97.0
cruising,"Cruising glides along confidently thanks to filmmaking craft and Al Pacino's committed performance, but this hot-button thriller struggles to engage its subject matter sensitively or justify its brutality.",50.0
crumb,"Crumb is a frank and surreal chronicle of artistic expression and family trauma, offering an unblinking gaze into the mind and work of cartoonist Robert Crumb that will endear as much as it unsettles.",95.0
crybaby,"John Waters' musical ode to the teen rebel genre is infectious and gleefully camp, providing star Johnny Depp with the perfect vehicle in which to lampoon his pin-up image.",73.0
crystal fairy,"Slight and unpolished, The Crystal Fairy is held together with Sebastian Silva's assured direction and a pair of strong, committed performances from Michael Cera and Gaby Hoffman.",83.0
csa the confederate states of america,"Through the eyes of a British ""documentary"", this film takes a satirically humorous, and sometimes frightening, look at the history of an America where the South won the Civil War.",80.0
the curse of the cat people,"Foregoing the horror thrills of its predecessor in favor of childhood fantasy, Curse of the Cat People is a touching and psychologically complex family film couched in a ghost story.",87.0
curse of the golden flower,"Melodrama, swordplay, and CG armies -- fans of martial arts epic will get what they bargain for, though the baroque art direction can be both mesmerizing and exhaustively excessive.",65.0
cutters way,"A suitably cynical neo-noir that echoes the disillusionment of its era, Cutter's Way relies on character-driven drama further elevated by the work of an outstanding cast.",91.0
cutthroat island,"Cutthroat Island may aspire towards the earnest thrills of classic swashbucklers, but a distinct lack of charm and stilted script make this adventure a joyless hodgepodge of the pirate genre's flotsam and jetsam.",38.0
daddys home,"Will Ferrell and Mark Wahlberg have proven comedic chemistry, but Daddy's Home suffers from a dearth of genuinely funny ideas - and lacks enough guts or imagination to explore the satirical possibilities of its premise.",31.0
damsel,"The beautifully filmed Damsel injects the western genre with a welcome dose of humor and some unexpected twists, although its stately pace may frustrate impatient viewers.",67.0
damsels in distress,"Damsels in Distress can sometimes feel mannered and outlandish, but it's redeemed by director Whit Stillman's oddball cleverness and Greta Gerwig's dryly funny performance.",75.0
the dancer upstairs,"The Dancer Upstairs benefits from a talented cast and alluring intelligence, although pacing problems prevent this John Malkovich-directed mystery from reaching its full potential.",64.0
dances with wolves,"Dances with Wolves suffers from a simplistic view of the culture it attempts to honor, but the end result remains a stirring western whose noble intentions are often matched by its epic grandeur.",83.0
danny collins,Thanks to Al Pacino's stirring central performance - and excellent work from an esteemed supporting cast -- Danny Collins manages to overcome its more predictable and heavy-handed moments to deliver a heartfelt tale of redemption.,77.0
danny deckchair,"Danny Deckchair mines some earnest pleasure from a concept with its head in the clouds and two stars whose chemistry is grounded, but the comedy quickly runs out of air when the premise comes back down to the earth.",55.0
daredevil,"While Ben Affleck fits the role and the story is sporadically interesting, Daredevil is ultimately a dull, brooding origin story that fails to bring anything new to the genre.",44.0
dark shadows,"The visuals are top notch but Tim Burton never finds a consistent rhythm, mixing campy jokes and gothic spookiness with less success than other Johnny Depp collaborations.",36.0
the dark crystal,"The Dark Crystal's narrative never quite lives up to the movie's visual splendor, but it remains an admirably inventive and uniquely intense entry in the Jim Henson canon.",79.0
dark skies,"Dark Skies writer director Scott Stewart has a solid cast, an interesting premise, and some admirable ambitions, but he can't figure out what to do with any of them, and the result is a dull, muddled effort that will bore all but the most devoted horror buffs.",41.0
darkman,"Gruesome and deliciously broad, Sam Raimi's Darkman bears the haunted soulfulness of gothic tragedy while packing the stylistic verve of onomatopoeia springing off a comic strip page.",84.0
date night,"An uneasy blend of action and comedy, Date Night doesn't quite live up to the talents of its two leads, but Steve Carell and Tina Fey still manage to shine through most of the movie's flaws.",66.0
daughters of the dust,"Daughters of the Dust addresses its weighty themes with lovely visuals and a light, poetic touch, offering an original, absorbing look at a largely unexplored corner of American culture.",98.0
dawn of the planet of the apes,"With intelligence and emotional resonance to match its stunning special effects, Dawn of the Planet of the Apes expands on its predecessor with an exciting and ambitious burst of sci-fi achievement.",90.0
daybreakers,"Though it arrives during an unfortunate glut of vampire movies, Daybreakers offers enough dark sci-fi thrills -- and enough of a unique twist on the genre -- to satisfy filmgoers.",69.0
daylight,"The opening's got a great fiery explosion and Stallone puts in another earnest, sympathetic performance, but all else in Daylight feels designed to annoy the audience into submission.",27.0
days of thunder,"Days of Thunder has Tom Cruise and plenty of flash going for it, but they aren't enough to compensate for the stock plot, two-dimensional characters, and poorly written dialogue.",38.0
the daytrippers,"Its modest scale and scabrous sense of humor may feel more punishing than funny for some, but an excellent cast and authentic sense of place make The Daytrippers a smooth ride.",73.0
dazed and confused,"Featuring an excellent ensemble cast, a precise feel for the 1970s, and a killer soundtrack, Dazed and Confused is a funny, affectionate, and clear-eyed look at high school life.",92.0
dead man running,"Poor performances, stiff dialogue, flat characters, and an unimaginative stab at the mood of the Guy Ritchie crime caper make Dead Man Running into a hooligan tale with little to offer.",14.0
dead alive,"The delightfully gonzo tale of a lovestruck teen and his zombified mother, Dead Alive is extremely gory and exceedingly good fun, thanks to Peter Jackson's affection for the tastelessly sublime.",88.0
dead man,"While decidedly not for all tastes, Dead Man marks an alluring change of pace for writer-director Jim Jarmusch that demonstrates an assured command of challenging material.",71.0
dead men dont wear plaid,"Dead Men Don't Wear Plaid is more eleaborate pastiche than uproarious comedy, but the farce works thanks to the sly lampooning of Hollywood noir and Steve Martin's performance as a goofy gumshoe.",79.0
deadpool,"Fast, funny, and gleefully profane, the fourth-wall-busting Deadpool subverts superhero film formula with wildly entertaining -- and decidedly non-family-friendly -- results.",85.0
dear john,"Built from many of the same ingredients as other Nicholas Sparks tearjerkers, Dear John suffers from its cliched framework, as well as Lasse Hallstrom's curiously detached directing.",29.0
dear wendy,"A film with numerous ideas but little grasp of how to effectively communicate them, Dear Wendy lacks the intelligence or insight that its difficult subject matter demands.",36.0
dear white people,"Dear White People adds a welcome new voice to cinema's oft-neglected discussion of race, tackling its timely themes with intelligence, honesty, and gratifyingly sharp wit.",91.0
death proof,"Death Proof may feel somewhat minor in the context of Tarantino's larger filmography, but on its own merits, it packs just enough of a wallop to deliver sufficiently high-octane grindhouse goods.",64.0
deep red profondo rosso,"The kinetic camerawork and brutal over-the-top gore that made Dario Argento famous is on full display, but the addition of a compelling, complex story makes Deep Red a masterpiece.",96.0
déjà vu,"Tony Scott tries to combine action, science fiction, romance, and explosions into one movie, but the time travel conceit might be too preposterous and the action falls apart under scrutiny.",56.0
deliver us from evil,"Deliver Us From Evil is a superb documentary and a searing look at an institution protecting its leaders at the expense of its followers. A profoundly disturbing chronicle of a wolf in sheep's clothing, the film builds a clear-eyed case against pedophile priest Oliver O'Grady, and the Catholic bureaucracy that protected him. The recollections of O'Grady's victims are nothing short of shocking and heartbreaking.",100.0
deliver us from evil,"Director Scott Derrickson continues to have a reliably firm grasp on creepy atmosphere, but Deliver Us from Evil's lack of original scares is reflected in its shopworn title.",29.0
delivery man,"It has an undeniably sweet charm, and Vince Vaughn is eminently likable in the lead role, but The Delivery Man suffers in comparison to Starbuck, the hit Canadian comedy that inspired it.",39.0
demolition,"Demolition benefits from a stellar cast, even if their solid work isn't always enough to prop up a confused story that aims for profundity but too often settles for clichés.",53.0
demolition man,"A better-than-average sci-fi shoot-em-up with a satirical undercurrent, Demolition Man is bolstered by strong performances by Sylvester Stallone, Wesley Snipes, and Sandra Bullock.",60.0
denial,"If Denial doesn't quite do its incredible story complete justice, it comes close enough to offer a satisfying, impactful drama -- and another powerful performance from Rachel Weisz.",82.0
the departed,"Featuring outstanding work from an excellent cast, The Departed is a thoroughly engrossing gangster drama with the gritty authenticity and soupy morality we come to expect from Martin Scorsese.",91.0
detention,"Director Joseph Kahn's relentlessly kinetic style gives Detention a rebellious kick, but the overload of ideas keeps this genre mashup from ever cohering into a satisfying whole.",41.0
devil,"It's better than many of the other films M. Night Shyamalan has been associated with, but Devil never gets more than a few low-budget thrills out of its fiendishly promising premise.",50.0
dial m for murder,"Dial M for Murder may be slightly off-peak Hitchcock, but by any other standard, it's a sophisticated, chillingly sinister thriller -- and one that boasts an unforgettable performance from Grace Kelly to boot.",89.0
diamonds are forever,"Diamonds are Forever is a largely derivative affair, but it's still pretty entertaining nonetheless, thanks to great stunts, witty dialogue, and the presence of Sean Connery.",64.0
diary of a wimpy kid,"Unlike its bestselling source material, Diary of a Wimpy Kid fails to place a likable protagonist at the center of its middle-school humor -- and its underlying message is drowned out as a result.",54.0
diary of a wimpy kid dog days,"Overly familiar and a bit too reliant on slapstick, the sitcom-like Dog Days fails to improve upon previous installments and will likely appeal to few outside its target audience.",52.0
die another day,"Its action may be bit too over-the-top for some, but Die Another Day is lavishly crafted and succeeds in evoking classic Bond themes from the franchise's earlier installments.",57.0
die hard 2,"It lacks the fresh thrills of its predecessor, but Die Hard 2 still works as an over-the-top -- and reasonably taut -- big-budget sequel, with plenty of set pieces to paper over the plot deficiencies.",69.0
die hard with a vengeance,"Die Hard with a Vengeance benefits from Bruce Willis and Samuel L. Jackson's barbed interplay, but clatters to a bombastic finish in a vain effort to cover for an overall lack of fresh ideas.",59.0
die wand the wall,"Die Wand (The Wall) preserves its source material's thought-provoking themes -- and serves as a brilliant showcase for Martina Gedeck, whose performance carries the film.",78.0
dig,"So you wanna be a rock 'n' roll star? Dig! compellingly chronicles the ups and downs of the Dandy Warhols and the Brian Jonestown Massacre, two ambitious bands whose love/hate relationship embodies many of the potential pratfalls of the music business.",89.0
diner,"Diner transports audiences back to the 1950s with a refreshing lack of sentimentality, evoking the thrill of everyday life with its ensemble's potent chemistry and an authentic sense of spontaneity.",93.0
a dirty shame,"John Waters casts his provocative eye toward libido in a sex satire that won't leave audiences feeling too Dirty, but this sophomoric farce doesn't strike a nerve like his best work -- a real Shame.",53.0
dirty wars,"Some viewers may find fault with director Rick Rowley's filmmaking methods, but they aren't distracting enough to keep Dirty Wars from serving as a terribly compelling argument against elements of American foreign policy.",85.0
disaster movie,"Returning to their seemingly bottomless well of flatulence humor, racial stereotypes, and stale pop culture gags, Jason Friedberg and Aaron Seltzer have produced what is arguably their worst Movie yet.",1.0
disorder maryland,"Well-acted and solidly crafted, Disorder (Maryland) relies on patiently established slow-burning tension to set the stage for an intelligent, intimate psychological thriller.",72.0
william kunstler disturbing the universe,"It doesn't even feign impartiality, but this family-made documentary about the famously rabble-rousing attorney shines a light on the life and times of a divisive public figure.",79.0
dixie chicks shut up and sing,"Though ostensibly an intimate look at the Dixie Chicks after their 2003 anti-Bush remark, the film achieves broader relevance by exploring how media, politics, and celebrities intertwine.",89.0
do the right thing,"Smart, vibrant, and urgent without being didactic, Do the Right Thing is one of Spike Lee's most fully realized efforts -- and one of the most important films of the 1980s.",93.0
doc hollywood,"Doc Hollywood isn't particularly graceful in its attempt to put a '90s spin on its Capraesque formula, but a light touch and a charming cast make its flaws easy to forgive.",68.0
doctor strange,"Doctor Strange artfully balances its outré source material against the blockbuster constraints of the MCU, delivering a thoroughly entertaining superhero origin story in the bargain.",89.0
dog day afternoon,"Framed by great work from director Sidney Lumet and fueled by a gripping performance from Al Pacino, Dog Day Afternoon offers a finely detailed snapshot of people in crisis with tension-soaked drama shaded in black humor.",96.0
dog days,"Dog Days is frivolous but frothy, sporting a forgettable cast of human characters but a lovable troupe of pooches that ought to delight viewers looking for a gentle affirmation of humanity's bond with their furry friends.",63.0
dog soldiers,"Frightening, funny, and packed with action, Dog Soldiers is well worth checking out for genre fans -- and marks writer-director Neil Marshall as a talent to keep an eye on.",79.0
dom hemingway,"Jude Law is clearly having fun in Dom Hemingway's title role, but viewers may find this purposely abrasive gangster dramedy isn't quite as enjoyable from the other side of the screen.",56.0
dominion prequel to the exorcist,"While director Schrader's attempt at a literate, internal exposition on evil temptations and human sin is admirable, this prequel suffers from hit-and-miss psychological tension, poor visual effects, and weak writing -- an overambitious failure of a horror movie.",30.0
don mckay,"Thomas Haden Church and Elisabeth Shue do their best with what they're given, but Don McKay is too confused and far-fetched to be taken seriously as a noir, and too inconsistent to work as a black comedy.",38.0
donnie darko,"Richard Kelly's debut feature Donnie Darko is a daring, original vision, packed with jarring ideas and intelligence and featuring a remarkable performance from Jake Gyllenhaal as the troubled title character.",86.0
dont breathe,"Don't Breathe smartly twists its sturdy premise to offer a satisfyingly tense, chilling addition to the home invasion genre that's all the more effective for its simplicity.",88.0
dont think twice,Don't Think Twice offers a bittersweet look at the comedian's life that's as genuinely moving as it is laugh-out-loud funny -- and a brilliant calling card for writer-director Mike Birbiglia.,98.0
dont worry he wont get far on foot,"Don't Worry, He Won't Get Far on Foot avoids inspirational biopic clichés thanks to sensitive work from writer-director Gus Van Sant and the admirable efforts of a well-chosen cast.",76.0
the doors,"Val Kilmer delivers a powerhouse performance as one of rock's most incendiary figures, but unfortunately, Oliver Stone is unable to shed much light on the circus surrounding the star.",57.0
dope,"Featuring a starmaking performance from Shameik Moore and a refreshingly original point of view from writer-director Rick Famuyiwa, Dope is smart, insightful entertainment.",89.0
dormant beauty,"As complex and compelling a work as its ripped-from-the-headlines storyline deserves, Dormant Beauty serves as a delightfully thorny testament to director Marco Bellocchio and his talented cast.",80.0
double indemnity,"A dark, tautly constructed adaptation of James M. Cain's novel -- penned by Billy Wilder and Raymond Chandler -- Double Indemnity continues to set the standard for the best in Hollywood film noir.",97.0
la double vie de véronique the double life of veronique,"Operating on confounding dream logic with Irene Jacob's beautiful performance as a guide, The Double Life of Veronique offers a moving meditation on perception for audiences willing to indulge its inscrutability.",82.0
down and out in beverly hills,"An enjoyable farce that relocates Jean Renoir's Boudu Saved From Drowning to '80s California, offering fine comedic performances from Nick Nolte, Richard Dreyfuss and Bette Midler.",79.0
down in the valley,"The premise of Old West clashing with modern suburbia is fresh and initially intriguing, but the second act degenerates into a clumsy jumble of events which strain credibility.",52.0
downsizing,Downsizing assembles a talented cast in pursuit of some truly interesting ideas -- which may be enough for some audiences to forgive the final product's frustrating shortcomings.,46.0
dr dolittle,"Doctor Dolittle finds some mirth in the novelty of wisecracking critters, but this family feature's treacly tone is made queasy by a reliance on scatological gags that undercut the intended warmth.",42.0
dr t and the women,"In terms of quality, Dr. T and the Women is one of Altman's good-but-not-great films. In typical Altman style, it features some great ensemble acting, including a wonderful performance by Richard Gere.",57.0
draft day,"It's perfectly pleasant for sports buffs and Costner fans, but overall, Draft Day lives down to its title by relying too heavily on the sort of by-the-numbers storytelling that only a statistician could love.",59.0
dragon the bruce lee story,"While its impact is blunted by an overly reverential approach to its subject, Dragon: The Bruce Lee Story remains a reasonably entertaining biopic of the martial arts legend.",71.0
dragonheart,"Dragonheart gives us medieval action, a splendidly mulleted Dennis Quaid, and Sean Connery as a talking dragon -- and, unfortunately, a story that largely fails to engage.",50.0
dreams,"This late-career anthology by Akira Kurosawa often confirms that Dreams are more interesting to the dreamer than their audience, but the directorial master still delivers opulent visions with a generous dose of heart.",65.0
dredd,"Fueled by bombastic violence and impressive special effects, rooted in self-satire and deadpan humor, Dredd 3D does a remarkable job of capturing its source material's gritty spirit.",79.0
drowning mona,"A whodunnit that stacks its lists of suspects with wasted character actors, Drowning Mona is a twee farce that will prompt audiences to tune out before the mystery is solved.",29.0
drunk stoned brilliant dead the story of the national lampoon,"Drunk Stoned Brilliant Dead might not be the definitive doc National Lampoon fans are waiting for, but it's still almost as transgressively funny as the magazine in its heyday.",88.0
duck you sucker a fistful of dynamite giù la testa,"Duck, You Sucker is a saucy helping of spaghetti western, with James Coburn and Rod Steiger's chemistry igniting the screen and Sergio Leone's bravura style on full display.",92.0
the duellists,"Rich, stylized visuals work with effective performances in Ridley Scott's take on Joseph Conrad's Napoleonic story, resulting in an impressive feature film debut for the director.",92.0
dumb and dumber to,"Dumb and Dumber To does have its moments, but not enough of them -- and the Farrelly brothers' brand of humor is nowhere near as refreshingly transgressive as it once seemed.",30.0
dungeons dragons,"Critics say this movie has a cheap look and is badly directed. Despite the presence of talented actors, the performances are really bad, and additionally, some people are offended at Marlon Wayans' character, calling it a racist throwback to black stereotypes.",10.0
dunkirk,"Dunkirk serves up emotionally satisfying spectacle, delivered by a writer-director in full command of his craft and brought to life by a gifted ensemble cast that honors the fact-based story.",92.0
early man,"Early Man isn't quite as evolved as Aardman's best work, but still retains the unique visuals and sweet humor that have made the studio a favorite among animation enthusiasts.",80.0
easier with practice,This promising debut from writer-director Kyle Patrick Alvarez is anchored by a startlingly honest and tender performance from Brian Geraghty that helps make Easier with Practice more than just another road trip drama.,88.0
eastern boys,"Thoughtful, unpredictable, and overall gripping, Eastern Boys fills its sprawling running time with compelling themes and sharply drawn characters brought to life by powerful performances and deft direction.",89.0
eastern promises,"David Cronenberg triumphs again, showcasing the Viggo Mortensen's onscreen prowess in a daring performance. Bearing the trademarks of psychological drama and gritty violence, Eastern Promises is a very compelling crime story.",89.0
eat drink man woman yin shi nan nu,"A richly layered look at the complex interactions between a widowed chef and his daughters, Ang Lee's generational comedy Eat Drink Man Woman offers filmgoers a tasty cinematic treat.",88.0
eat pray love,"The scenery is nice to look at, and Julia Roberts is as luminous as ever, but without the spiritual and emotional weight of the book that inspired it, Eat Pray Love is too shallow to resonate.",36.0
edtv,"If it's not as ambitious as The Truman Show in satirizing the voyeuristic nature of television, EdTV is an amiable, witty comedy with fine performances from Matthew McConaughey and Woody Harrelson.",64.0
eighth grade,Eighth Grade takes a look at its titular time period that offers a rare and resounding ring of truth while heralding breakthroughs for writer-director Bo Burnham and captivating star Elsie Fisher.,99.0
elaine stritch shoot me,"Brutally honest and utterly compelling, Elaine Stritch: Shoot Me offers a riveting, vanity-free portrait of its legendary subject while offering a few essential truths about the human condition.",99.0
electric boogaloo the wild untold story of cannon films,"Electric Boogaloo: The Wild, Untold Story of Cannon Films pays tribute to the titular studio with an affectionate look back that's arguably more entertaining than much of Cannon's own B-movie product.",91.0
elevator to the gallows ascenseur pour léchafaud,"Louis Malle's hypnotic debut is a noir with genuine soul, infusing its tale of best laid plans gone awry with wistful performances, swooning cinematography, and a sultry soundtrack.",93.0
elf,"A movie full of Yuletide cheer, Elf is a spirited, good-natured family comedy, and it benefits greatly from Will Ferrell's funny and charming performance as one of Santa's biggest helpers.",84.0
ellie parker,"Despite some poignant commentary about struggling actors and Naomi Watts' inspired performance, Ellie Parker stutters in making the transition from short to feature length.",51.0
emma,"Other adaptations may do a better job of consistently capturing the spirit of the classic source material, but Jane Austen fans should still find a solid match in this Emma.",87.0
emperor,"Despite a typically strong performance from Tommy Lee Jones, Emperor does little with its fascinating historical palate, and is instead bogged down in a cliched romantic subplot.",32.0
star wars episode v the empire strikes back,"Dark, sinister, but ultimately even more involving than A New Hope, The Empire Strikes Back defies viewer expectations and takes the series to heightened emotional levels.",94.0
enchanted april,"Mike Newell's adaptation of Elizabeth von Arnim's moves at a more generous pace than the 1935 version, allowing excellent performances from Miranda Richardson and Joan Plowright to flourish.",84.0
encino man,"Encino Man isn't the first unabashedly silly comedy to embrace its stupidity and amass a cult following, but whether or not it works for you will largely be determined by your tolerance for Pauly Shore.",15.0
end of the century the story of the ramones,Gabba gabba hey! With its focus on the groundbreaking work of the 1970s punk band The Ramones End of the Century makes a solid entry into the growing canon of documentaries that capture Punkology.,95.0
enduring love,"While it strains credibility and isn't ultimately as profound as it might first appear, Enduring Love is still an intriguing thriller fueled by strong performances from Rhys Ifans and Daniel Craig.",59.0
enemy mine,"Enemy Mine extracts thrilling sci-fi pulp from Dennis Quaid and Louis Gossett Jr.'s chemistry and inventive production design, but an overextended story diminishes the power of its central duo's relationship.",63.0
enter the void soudain le vide,"Grimy and psychedelic, Enter the Void ushers audiences through an out-of-body experience with the eye for extremity and technical wizardry that Gaspar Noé fans have come to expect.",72.0
entertainment,"As brilliantly and uncomfortably confrontational as its protagonist, Entertainment is a boundary-blurring exercise in cinematic misanthropy that more than lives up to its title.",83.0
equalizer 2,"The Equalizer 2 delivers the visceral charge of a standard vigilante thriller, but this reunion of trusted talents ultimately proves a disappointing case study in diminishing returns.",52.0
erin brockovich,"Taking full advantage of Julia Roberts's considerable talent and appeal, Erin Brockovich overcomes a few character and plot issues to deliver a smart, thoughtful, and funny legal drama.",84.0
escape plan,"As much fun as it is to see Sylvester Stallone and Arnold Schwarzenegger team up onscreen, Escape Plan fails to offer much more than a pale imitation of 1980s popcorn thrills.",50.0
et the extraterrestrial,"Playing as both an exciting sci-fi adventure and a remarkable portrait of childhood, Steven Spielberg's touching tale of a homesick alien remains a piece of movie magic for young and old.",98.0
eternal sunshine of the spotless mind,"Propelled by Charlie Kaufman's smart, imaginative script and Michel Gondry's equally daring directorial touch, Eternal Sunshine is a twisty yet heartfelt look at relationships and heartache.",93.0
event horizon,"Despite a strong opening that promises sci-fi thrills, Event Horizon quickly devolves into an exercise of style over substance whose flashy effects and gratuitous gore fail to mask its overreliance on horror clichés.",28.0
everest,"Everest boasts all the dizzying cinematography a person could hope to get out a movie about mountain climbers, even if it's content to tread less challenging narrative terrain.",73.0
every which way but loose,The inexplicable pairing of Clint Eastwood with an orangutan is the least of Every Which Way But Loose's problems -- a slack action-comedy with a haphazardly assembled story.,37.0
everybody wants some,"Nostalgic in the best sense, Everybody Wants Some!! finds Richard Linklater ambling through the past with a talented cast, a sweetly meandering story, and a killer classic rock soundtrack.",87.0
everybodys famous,"Though some critics consider Everybody Famous too lightweight to have deserved a slot among the Academy Awards foreign film nominations, this whacky satire of the cult of celebrity makes for loopy, cheerful fun.",55.0
everyday,"It suffers from pacing problems and an uneven screenplay, but Michael Winterbottom's Everyday is also a refreshingly unorthodox and admirably naturalistic take on one family's struggle to stay together.",74.0
everyones hero,Everyone's Hero is such a predictable and bland tale that it'll appeal mostly to little kids; others seeking something in Pixar's league are looking in the wrong ballpark.,42.0
everything must go,"It may not improve on the Raymond Carver short story that inspired it, but Everything Must Go resists cliche and boasts a pair of magnetic performances from the perfectly cast Ferrell and Wallace.",73.0
eves bayou,"Eve's Bayou marks a striking feature debut for director Kasi Lemmons, layering terrific performances and Southern mysticism into a measured meditation on disillusionment and forgiveness.",82.0
exhibition,"Exhibition flouts convention with its untrained stars and impressionistic narrative; thankfully, writer-director Joanna Hogg ties it all together into an intimate, beautifully shot drama.",84.0
fong juk exiled,"Exiled has non-stop action, tension and style -- making it an excellent summer action movie. Johnnie To brings beautiful scenery and camerawork to the film, enhancing the action even more.",80.0
the exploding girl,"Its languid pace and willfully understated narrative may test the patience of some viewers, but Bradley Rust Gray's gentle direction and a gripping performance from Zoe Kazan lend The Exploding Girl an appealing, melancholy beauty.",76.0
explorers,"With a terrific young cast (including Ethan Hawke and River Phoenix) and some typically energetic work from director Joe Dante, Explorers soars past its '80s kiddie flick competitors with wit, good-looking effects, and tons of charm.",77.0
exposed,"Exposed lays its flaws fittingly bare for all but the least discerning viewers to see, starting with a dull yet convoluted plot that utterly overpowers the efforts of an intriguing cast.",8.0
faceoff,"John Travolta and Nicolas Cage play cat-and-mouse (and literally play each other) against a beautifully stylized backdrop of typically elegant, over-the-top John Woo violence.",92.0
faces,"Director John Cassavetes forgoes conventional style in this hard-bitten examination of a marriage, letting his actors tell the story through dialogue and their Faces to refreshing effect.",83.0
facing windows,"Polished and sensitively performed, Facing Windows is an unwieldy melodrama that is carried off with style even as its dueling storylines struggle to cohere into a satisfying whole.",63.0
fair game,"It struggles with the balance between fact-based biopic and taut political thriller, but Fair Game brims with righteous anger -- and benefits from superb performances by Naomi Watts and Sean Penn.",79.0
falling down,Falling Down's popcorn-friendly take on its complex themes proves disquieting -- and ultimately fitting for a bleakly entertaining picture of one man's angry break with reality.,73.0
the family man,"Despite good performances by Cage and especially by Leoni, The Family Man is too predictable and derivative to add anything new to the Christmas genre. Also, it sinks under its sentimentality.",53.0
fanny alexander,"Ingmar Bergman conveys the sweep of childhood with a fastidious attention to detail and sumptuous insight into human frailty in Fanny & Alexander, a masterwork that crystalizes many of the directors' preoccupations into a familial epic.",100.0
fantastic four,"Dull and downbeat, this Fantastic Four proves a woefully misguided attempt to translate a classic comic series without the humor, joy, or colorful thrills that made it great.",9.0
fantastic four rise of the silver surfer,"While an improvement on its predecessor, Fantastic Four: Rise of the Silver Surfer is nevertheless a juvenile, simplistic picture that has little benefit beyond its special effects.",37.0
far from the madding crowd,Far from the Madding Crowd invites tough comparisons to Thomas Hardy's classic novel -- and its previous adaptation -- but stands on its own thanks to strong direction and a talented cast.,84.0
fast cheap out of control,"Made with a care and patience that belies its title, Errol Morris' Fast, Cheap & Out of Control combines the disparate sensibilities of four idiosyncratic subjects to present a fresh, cogent perspective on life.",91.0
fast food nation,"Despite some fine performances and memorable scenes, Fast Food Nation is more effective as Eric Schlosser's eye-opening non-fiction book than as Richard Linklater's fictionalized, mostly punchless movie.",50.0
fast times at ridgemont high,"While Fast Times at Ridgemont High features Sean Penn's legendary performance, the film endures because it accurately captured the small details of school, work, and teenage life.",76.0
favela rising,"Frustratingly flawed yet ultimately uplifting, Favela Rising offers an engrossing -- and sobering -- glimpse of a culture that's far more complex than many viewers might realize.",67.0
angst essen seele auf ali fear eats the soul,"Regarded as one of the high-water marks in German New Wave cinema of the 1970s, Ali: Fear Eats the Soul is at once an intense portrayal of a relationship and a tribute to one of Rainer Werner Fassbinder's film heroes, Douglas Sirk.",100.0
fear strikes out,"Based on the true story of troubled baseball star Jimmy Piersall, Fear Strikes Out is an emotionally compelling drama featuring excellent performances from Anthony Perkins and Karl Malden.",83.0
fear x,"As hazy, unsettling, and fleetingly insubstantial as a dream, Fear X will lose many viewers in its ambiguities, but is partly propped up by strong work from John Turturro.",58.0
fences,"From its reunited Broadway stars to its screenplay, the solidly crafted Fences finds its Pulitzer-winning source material fundamentally unchanged -- and still just as powerful.",92.0
ferdinand,"Ferdinand's colorful update on a classic tale doesn't go anywhere unexpected, but its timeless themes -- and John Cena's engaging voice work in the title role -- make for family-friendly fun.",72.0
festival express,"Festival Express is a spellbinding documentary that nostalgically chronicles five days in the summer of 1970, when a train full of now- legendary rock perfomers jammed its way across Canada.",96.0
a few good men,"An old-fashioned courtroom drama with a contemporary edge, A Few Good Men succeeds on the strength of its stars, with Tom Cruise, Demi Moore, and especially Jack Nicholson delivering powerful performances that more than compensate for the predictable plot.",83.0
fierce people,"Fierce People's premise of a teenager studying rich people like animals is grating and self-satisfied, and Anton Yelchin's smug performance makes the film even harder to agree with.",24.0
fifty shades of black,"Wildly erratic even for a spoof movie, Fifty Shades of Black bears the unfortunate distinction of offering fewer laughs than the unintentionally funny film it's trying to lampoon.",7.0
a film unfinished,"A heartbreaking, haunting historical document, A Film Unfinished excavates particularly horrible chapter of Holocaust history, and in doing so, the film provides a glimpse into the Nazi propaganda machine.",97.0
final portrait,"Final Portrait finds writer-director Stanley Tucci patiently telling a quietly absorbing story, brought to life by a talented ensemble led by Geoffrey Rush and Armie Hammer.",73.0
finding forrester,"Despite the predictability of its plot and its similarity to Good Will Hunting, Finding Forrester has an honest, solid feel to it and good rapport between Connery and Brown.",74.0
finding neverland,"It won't pass muster for those looking for historical accuracy, but Finding Neverland is a warm, heartfelt drama with a charm all its own -- and Johnny Depp gives a graceful performance as Peter Pan creator J.M. Barrie.",83.0
first blood,"Much darker and more sensitive than the sequels it spawned, First Blood is a thrilling survival adventure that takes full advantage of Sylvester Stallone's acting skills.",85.0
first knight,"This unimaginative reimagining of Arthurian legend dispenses with the magic without achieving a convincing realism in the bargain, suffering from fatal miscasting and a lack of romance.",43.0
first love hatsukoi,"First Love's blend of violence, comedy, and romance might seem disparate -- but for director Takashi Miike, it's just another wildly entertaining entry in a filmography full of them.",97.0
first reformed,"Brought to life by delicate work from writer-director Paul Schrader and elevated by a standout performance by Ethan Hawke, First Reformed takes a sensitive and suspenseful look at weighty themes.",93.0
first they killed my father,"First They Killed My Father tackles its subject matter with grace, skill, and empathy, offering a ground-level look at historic atrocities that resonates beyond its story's borders.",87.0
the fisher king,"An odd but affecting mixture of drama, comedy and fantasy, The Fisher King manages to balance moving performances from Robin Williams and Jeff Bridges with director Terry Gilliam's typically askew universe.",84.0
a fistful of dollars per un pugno di dollari,"With Akira Kurosawa's Yojimbo as his template, Sergio Leone's A Fistful of Dollars helped define a new era for the Western and usher in its most iconic star, Clint Eastwood.",98.0
fitzcarraldo,"With a production as audacious as the feat it's depicting, Fitzcarraldo comes by its awe-inspiring spectacle honestly, even when it declines to examine the darker implications of its hero's dream.",78.0
flash of genius,"The touching underdog story of a single guy against a massive corporation, Flash of Genius is a well-paced and well-written tale with a standout performance by star Greg Kinnear.",61.0
flashdance,"All style and very little substance, Flashdance boasts eye-catching dance sequences -- and benefits from an appealing performance from Jennifer Beals -- but its narrative is flat-footed.",36.0
flawless,"Robert De Niro and Philip Seymour Hoffman's Flawless performances live up to this dramedy's title; unfortunately, they're outweighed by the misguided picture surrounding them.",41.0
fletch,Quotably funny -- and fast-paced enough to smooth over the jokes that don't land -- Fletch is one of the best big-screen vehicles for Chevy Chase's brand of smug silliness.,77.0
fletch lives,"Chevy Chase remains ideally suited for the role, but Fletch Lives lacks its predecessor's wit, relying instead on silly disguises, cheap stereotypes, and largely unfunny gags.",37.0
flicka,"The rebellious protagonist will rally girls and children, but adults may find Flicka saddled with thin characters, over-the-top dialogue, and a plot that wanders into the countryside and never comes back.",53.0
flight,"Robert Zemeckis makes a triumphant return to live-action cinema with Flight, a thoughtful and provocative character study propelled by a compelling performance from Denzel Washington.",78.0
flight of the navigator,"Bolstered by impressive special effects and a charming performance from its young star, Flight of the Navigator holds up as a solidly entertaining bit of family-friendly sci-fi.",84.0
the flintstones in viva rock vegas,"The prequel to the first full-length feature set in Bedrock, Viva Rock Vegas is a surprising improvement over The Flintstones. Aimed towards an audience of adults and children alike, critics feel Viva will appeal to a broad range of viewers.",25.0
flipped,"While not without its nostalgic charms, Rob Reiner's sometimes awkward adaptation of Wendelin Van Draanen's childhood novel doesn't reach the heights of the director's earlier work like Stand By Me.",54.0
florence foster jenkins,"Florence Foster Jenkins makes poignant, crowd-pleasing dramedy out of its stranger-than-fiction tale -- and does its subject justice with a reliably terrific turn from star Meryl Streep.",87.0
reaching for the moon,"Reaching for the Moon's uptight sensibilities sometimes play more pretentious than poetic, but solid performances and sumptuous photography leave a lingering longing for love in the tropics.",65.0
flower,Flower proves Zoey Deutch can bring even the most preposterously written characters vividly to life -- and that she isn't quite enough to carry a fundamentally flawed film.,50.0
for colored girls,"Tyler Perry has assembled a fine cast for this adaptation of the 1975 play, and his heart is obviously in the right place, but his fondness for melodrama cheapens a meaningful story.",32.0
for a good time call,"Brisk, funny, and sweetly raunchy, For a Good Time, Call... adds to the recent string of R-rated female comedies while serving as an overdue coming out party for the charming Ari Graynor.",57.0
for greater glory,"It has laudable aspirations, but For Greater Glory ultimately fails to fulfill its goals due to an overstuffed script, thinly written characters, and an overly simplified dramatization of historical events.",20.0
for your eyes only,"For Your Eyes Only trades in some of the outlandish Bond staples for a more sober outing, and the result is a satisfying adventure, albeit without some of the bombastic thrills fans may be looking for.",71.0
forces of nature,"A distinct lack of chemistry between Ben Affleck and Sandra Bullock, coupled with a screwball sensibility that's a touch too screwy, scupper Forces of Nature's modest ambition to serve up romantic charm.",45.0
foreign correspondent,"Alfred Hitchcock's Foreign Correspondent features a winning combination of international intrigue, comic relief, and some of the legendary director's most memorable set pieces.",95.0
fort tilden,"Difficult to watch but ultimately all the more rewarding for it, Fort Tilden offers an intriguing calling card for writer-directors Sarah-Violet Bliss and Charles Rogers.",88.0
four brothers,"Despite striking a believable rapport among its principal actors, Four Brothers overwhelms with ultra-violent, vigilante-glorifying action and devolves into too many fractured, insubstantial thematic directions.",52.0
four rooms,"Four Rooms comes stocked with a ton of talent on both sides of the camera, yet only manages to add up to a particularly uneven -- and dismayingly uninspired -- anthology effort.",13.0
foxy brown,"Rampant amorality and sensationalist flourishes give this crime thriller a rich coat of grime, but Foxy Brown's powerful center lies in Pam Grier's commanding performance.",60.0
frances,"This sordid biopic emphasizes the indignities visited upon Frances Farmer to the detriment of fleshing her out as a person, but Jessica Lange's towering performance invests the tragic figure with a humanity that the script lacks.",66.0
frances ha,"Audiences will need to tolerate a certain amount of narrative drift, but thanks to sensitive direction from Noah Baumbach and an endearing performance from Greta Gerwig, Frances Ha makes it easy to forgive.",92.0
francofonia,"Francofonia may test the patience of the uninitiated, but viewers willing to delve into a beautifully filmed look at the intersection of art and war will be richly rewarded.",87.0
frankensteins monsters monster frankenstein,"While Frankenstein's Monster's Monster, Frankenstein's offbeat sense of humor might be too strange for some, those looking for a kooky new comedy will find much to like in its spooky spoofs.",88.0
freak show,"Freak Show relies on engaging performances and obviously good intentions to cover for its clichéd story and uneven direction -- and for some viewers, it may well be enough.",52.0
freddy got fingered,"Unfavorably comparing it with such infamously bad titles as Battlefield Earth, a significant number of critics are calling Tom Green's extreme gross-out comedy the worst movie they have ever seen.",10.0
the french connection,"Realistic, fast-paced and uncommonly smart, The French Connection is bolstered by stellar performances by Gene Hackman and Roy Scheider, not to mention William Friedkin's thrilling production.",98.0
frenzy,"Marking Alfred Hitchcock's return to England and first foray into viscerally explicit carnage, Frenzy finds the master of horror regaining his grip on the audience's pulse -- and making their blood run cold.",90.0
friday,"What Friday might lack in taut construction or directorial flair, it more than makes up with its vibrant (albeit consistently crass) humor and the charming, energetic performances of its leads.",78.0
friday the 13th part vii the new blood,"As lumbering and bereft of conscious thought as its unstoppable star, Friday the 13th Part VII - The New Blood finds the franchise in desperate need of the title ingredient.",35.0
fried green tomatoes,"Fried Green Tomatoes' tearjerking drama is undeniably manipulative, but in the hands of a skilled cast that includes Jessica Tandy and Kathy Bates, it's also powerfully effective.",74.0
friends with benefits,"Friends with Benefits adds nothing new to its well-worn rom-com formula, but the chemistry between Justin Timberlake and Mila Kunis is almost enough to carry the movie by itself.",69.0
fright night,"It may not have been necessary to remake the 1985 cult classic, but the new Fright Night benefits from terrific performances by Colin Farrell and David Tennant -- and it's smart, funny, and stylishly gory to boot.",72.0
fritz the cat,"Fritz the Cat's gleeful embrace of bad taste can make for a queasy viewing experience, but Ralph Bakshi's idiosyncratic animation brings the satire and style of Robert Crumb's creation to vivid life.",57.0
from the land of the moon mal de pierres,"From the Land of the Moon benefits from striking visuals and strong work from Marion Cotillard, but they're both ultimately overcome by a story that drifts into wan melodrama.",32.0
from up on poppy hill,"Gentle and nostalgic, From Up on Poppy Hill is one of Studio Ghibli's sweeter efforts -- and if it doesn't push the boundaries of the genre, it remains as engagingly lovely as Ghibli fans have come to expect.",86.0
full metal jacket,"Intense, tightly constructed, and darkly comic at times, Stanley Kubrick's Full Metal Jacket may not boast the most original of themes, but it is exceedingly effective at communicating them.",92.0
fun size,"It occasionally shows surprising flashes of wit, but Fun Size is too safe and formulaic -- not to mention unfunny -- to survive comparisons to the '80s teen movies it eagerly imitates.",25.0
gainsbourg a heroic life,"It might be thinly written and messily made, but Gainsbourg: A Heroic Life is also appropriately glamorous and intense -- and powerfully led by a gripping performance from Erik Elmosnino.",73.0
game night,With a talented cast turned loose on a loaded premise -- and a sharp script loaded with dark comedy and unexpected twists -- Game Night might be more fun than the real thing.,85.0
game 6,"Though packed with Don DeLillo's witty dialogue and bolstered by strong performances, particularly by lead Michael Keaton, Game 6 also suffers from uneven direction and overwrought symbolism.",61.0
gandhi,"Director Richard Attenborough is typically sympathetic and sure-handed, but it's Ben Kingsley's magnetic performance that acts as the linchpin for this sprawling, lengthy biopic.",85.0
garden state,Delivering a quirky spin on familiar twentysomething tropes -- with a cannily-placed soundtrack -- Garden State has enough charm to mark a winning debut for first-time director Zach Braff.,86.0
gauguin voyage to tahiti,"Gaugin: Voyage to Tahiti is beautifully filmed biopic that benefits from a well-chosen lead, but neither are enough to counter the story's surface treatment and narrative drift.",42.0
gentlemans agreement,It occasionally fails to live up to its subject matter -- and is perhaps an 'important' film more than a 'great' one -- but the performances from Gregory Peck and Dorothy McGuire are superb.,76.0
george harrison living in the material world,"Clocking in at nearly three and a half hours, George Harrison: Living in the Material World is a moving portrait of the so-called Quiet Beatle's spirituality and troubled existence that highlights the best of Scorsese's sensibilities.",86.0
get a job,"Inauthentic and unfunny, Get a Job is paltry to the point that its long-delayed release feels purely the result of its wasted cast having been promoted to greater fame all these years later.",5.0
get on the bus,"Get on the Bus finds Spike Lee pulling a page from history with fervor and flair, offering a strong, stirring fact-based drama further elevated by an array of solid performances.",89.0
get shorty,"With a perfect cast and a sly twist on the usual Hollywood gangster dynamic, Get Shorty delivers a sharp satire that doubles as an entertaining comedy-thriller in its own right.",88.0
getaway,"Monotonously fast-paced to the point of exhaustion, Getaway offers a reminder of the dangers in attempting to speed past coherent editing, character development, sensible dialogue, and an interesting plot.",3.0
getting even with dad,"Overly formulaic and tonally inconsistent, Getting Even with Dad tries for a sentimental conclusion it doesn't earn and winds up a slapsticky cash grab aimed at fans of Home Alone.",3.0
ghost dad,"A startlingly misconceived effort from director Sidney Poitier and star Bill Cosby, Ghost Dad is a listless, glacially-paced comedy that's alternately schmaltzy and incomprehensible.",6.0
ghost in the shell,"A stunning feat of modern animation, Ghost in the Shell offers a thoughtful, complex treat for anime fans, as well as a perfect introduction for viewers new to the medium.",96.0
ghost in the shell,"Ghost in the Shell boasts cool visuals and a compelling central performance from Scarlett Johansson, but the end result lacks the magic of the movie's classic source material.",43.0
ghost rider spirit of vengeance,"With a weak script, uneven CG work, and a Nic Cage performance so predictably loony it's no longer amusing, Ghost Rider: Spirit of Vengeance aims to be trashy fun but ends up as plain trash.",18.0
ghostbusters,"Ghostbusters does an impressive job of standing on its own as a freewheeling, marvelously cast supernatural comedy -- even if it can't help but pale somewhat in comparison with the classic original.",74.0
ghosts of girlfriends past,"A retread of A Christmas Carol, featuring Matthew McConaughey in a retread of his Dazed and Confused role, Ghosts of Girlfriends Past lacks originality, humor, and any semblance of charm.",27.0
ghosts of mississippi,"James Woods is convincing as a white supremacist, but everything else rings false in this courtroom drama, which examines a weighty subject from the least interesting perspective.",43.0
gi joe the rise of cobra,"While fans of the Hasbro toy franchise may revel in a bit of nostalgia, G.I. Joe: The Rise of Cobra is largely a cartoonish, over-the-top action fest propelled by silly writing, inconsistent visual effects, and merely passable performances.",34.0
gimme danger,Its infectious enthusiasm for its subjects - and Iggy Pop's ingratiating presence - more than make up for the effortlessly entertaining Gimme Danger's relative lack of context or depth.,94.0
girl interrupted,"Angelina Jolie gives an intense performance, but overall Girl, Interrupted suffers from thin, predictable plotting that fails to capture the power of its source material.",53.0
the girl who played with fire flickan som lekte med elden,"Noomi Rapace and Michael Nyqvist remain extraordinarily well-suited to their roles, but the second installment in Stieg Larsson's Millennium Trilogy doesn't pack quite as much punch as the first.",69.0
girls trip,Girls Trip is the rare R-rated comedy that pushes boundaries to truly comedic effect -- and anchors its laughs in compelling characters brought to life by a brilliantly assembled cast.,91.0
glass,"Glass displays a few glimmers of M. Night Shyamalan at his twisty world-building best, but ultimately disappoints as the conclusion to the writer-director's long-gestating trilogy.",37.0
glassland,Glassland's grim setting is leavened by writer-director Gerard Barrett's compassionate treatment of his characters -- and bolstered by a strong cast led by Toni Collette and Jack Reynor.,84.0
gleason,Gleason stands out among sports-themed documentaries by offering a clear-eyed look at its subject's physical deterioration -- and an intimate portrait of the family affected by his ordeal.,96.0
glengarry glen ross,"This adaptation of David Mamet's play is every bit as compelling and witty as its source material, thanks in large part to a clever script and a bevy of powerhouse actors.",95.0
gloria,"Marvelously directed by Sebastian Lelio and beautifully led by a powerful performance from Paulina Garcia, Gloria takes an honest, sweetly poignant look at a type of character that's all too often neglected in Hollywood.",99.0
god said ha,"God Said, Ha! plumbs poignant depths, but Julia Sweeney's sharp, graceful wit makes this one-woman monologue a wise, big-hearted burst of uplifting -- and perhaps therapeutic -- entertainment.",86.0
the godfather,"One of Hollywood's greatest critical and commercial successes, The Godfather gets everything right; not only did the movie transcend expectations, it established new benchmarks for American cinema.",98.0
the godfather part ii,"Drawing on strong performances by Al Pacino and Robert De Niro, Francis Ford Coppola's continuation of Mario Puzo's Mafia saga set new standards for sequels that have yet to be matched or broken.",98.0
the godfather part iii,"The final installment of The Godfather saga recalls its predecessors' power when it's strictly business, but underwhelming performances and confused tonality brings less closure to the Corleone story.",68.0
gods not dead,"Deploying sledgehammer theatrics instead of delivering its message with a dose of good faith, God's Not Dead makes for bad drama and an unconvincing argument to the unconverted.",12.0
gods of egypt,"Look on Gods of Egypt, ye filmgoers, and despair! Nothing beside remains. Round the decay of this colossal wreck, boundless and bare. The lone and level sands stretch far away. (Apologies to Shelley.)",16.0
godzilla,"With just enough human drama to anchor the sweeping spectacle of giant monsters smashing everything in sight, Gareth Edwards' Godzilla satisfyingly restores the franchise's fire-breathing glory.",76.0
the golden bowl,"Coming from the Merchant-Ivory team, The Golden Bowl is visually stunning, but the filmmakers have difficulty in transporting the characterizations of the Henry James novel to the screen.",53.0
goldeneye,"The first and best Pierce Brosnan Bond film, GoldenEye brings the series into a more modern context, and the result is a 007 entry that's high-tech, action-packed, and urbane.",78.0
goldfinger,"Goldfinger is where James Bond as we know him comes into focus - it features one of 007's most famous lines (""A martini. Shaken, not stirred"") and a wide range of gadgets that would become the series' trademark.",99.0
gone baby gone,"Ben Affleck proves his directing credentials in this gripping dramatic thriller, drawing strong performances from the excellent cast and bringing working-class Boston to the screen.",94.0
gone with the wind,Gone with the Wind's epic grandeur and romantic allure encapsulate an era of Hollywood filmmaking -- but that can't excuse a blinkered perspective that stands on the wrong side of history.,91.0
gonzo the life and work of hunter s thompson,"While not the comprehensive profile of the man that his die-hard fans might have hoped for, Gonzo remains an insightful introduction to the life of rebellious writer Hunter S. Thompson and his influences.",87.0
good burger,"Good Burger might please hardcore fans of the 1990s Nickelodeon TV series that launched leads Kenan and Kel to stardom, but for all others, it will likely prove a comedy that is neither satisfyingly rare nor well done.",32.0
the good german,"Though Steven Soderbergh succeeds in emulating the glossy look of 1940s noirs, The Good German ultimately ends up as a self-conscious exercise in style that forgets to develop compelling characters.",34.0
good time,"A visual treat filled out by consistently stellar work from Robert Pattinson, Good Time is a singularly distinctive crime drama offering far more than the usual genre thrills.",92.0
good will hunting,"It follows a predictable narrative arc, but Good Will Hunting adds enough quirks to the journey -- and is loaded with enough powerful performances -- that it remains an entertaining, emotionally rich drama.",97.0
goodbye christopher robin,"Goodbye Christopher Robin struggles to balance wartime tension and childlike wonder, but offers valuable insight into the darkness shadowing the creation of a classic children's tale.",63.0
goon last of the enforcers,"Seann William Scott remains as watchable as ever in the title role, but Goon: Last of the Enforcers repeats its predecessor's violent and profane formula to diminishing effect.",43.0
il vangelo secondo matteo the gospel according to st matthew,"The Gospel According to St. Matthew forgoes the pageantry of biblical epics in favor of a naturalistic retelling of the Christ story, achieving a respectful if not reverent interpretation with political verve.",91.0
grandma,"Boasting a stellar performance from Lily Tomlin and some powerfully empathetic work from writer-director Paul Weitz, Grandma is a dramedy that shouldn't have to ask you to visit.",91.0
grease 2,"Grease 2 is undeniably stocked with solid songs and well-choreographed dance sequences, but there's no getting around the fact that it's a blatant retread of its far more entertaining predecessor.",36.0
grease live,Grease: Live took the pressure and threw away conventionality -- it belongs to yesterday. There was a chance that it could make it so far; we started believin' we can be who we are. Grease: Live is the word.,92.0
the great dictator,"Charlie Chaplin demonstrates that his comedic voice is undiminished by dialogue in this rousing satire of tyranny, which may be more distinguished by its uplifting humanism than its gags.",93.0
great expectations,"Furnished with striking visual detail and told with great narrative economy by director David Lean, Great Expectations is an exemplary adaptation of Charles Dickens' dense and episodic novel.",100.0
great expectations,"Not the best version of the oft-filmed Dickens classic but far from the worst, Mike Newell's Great Expectations breathes just enough life into the source material to justify yet another adaptation.",68.0
the great muppet caper,"The Great Muppet Caper is overplotted and uneven, but the appealing presence of Kermit, Miss Piggy and the gang ensure that this heist flick is always breezily watchable.",76.0
the great new wonderful,"Set in post-9/11 New York, this largely evocative dramedy interweaves the stories of five disconnected individuals who share an unspoken emotional malaise that shadows their attempts at returning to normal life.",73.0
green dragon,"Green Dragon struggles to control its sentimental tendencies, but its flaws are just outweighed by an affecting -- and often overlooked -- perspective on the Vietnam War.",61.0
grey gardens,"Edith and Edie Beale are eccentric subjects who offer a generous amount of themselves in Grey Gardens, an inquisitive and nonjudgmental exploration of the isolated socialites' lifestyle.",94.0
gridiron gang,"The role of probation officer Sean Porter fits Dwayne ""The Rock"" Johnson like a glove; however, the execution is so cliched, the youths' stories (based on real events), fail to inspire.",42.0
gringo,"Gringo rounds up a bafflingly overqualified cast for a misfire of a comedy that's fatally undermined by its messy plot, poorly conceived characters, and obvious debts to better films.",40.0
grown ups 2,"While it's almost certainly the movie event of the year for filmgoers passionate about deer urine humor, Grown Ups 2 will bore, annoy, and disgust audiences of nearly every other persuasion.",8.0
guardians of the galaxy,"Guardians of the Galaxy is just as irreverent as fans of the frequently zany Marvel comic would expect -- as well as funny, thrilling, full of heart, and packed with visual splendor.",91.0
guardians of the galaxy vol 2,"Guardians of the Galaxy Vol. 2's action-packed plot, dazzling visuals, and irreverent humor add up to a sequel that's almost as fun -- if not quite as thrillingly fresh -- as its predecessor.",85.0
guess whos coming to dinner,"More well-intentioned than insightful in its approach to interracial marriage, Guess Who's Coming to Dinner succeeds thanks to the fizzy chemistry of its star-studded ensemble.",70.0
guest of cindy sherman,"The filmmakers' motivations may be suspect, but this inside look at New York art legend Cindy Sherman -- and, by extension, the culture she inhabits -- is undeniably satisfying.",71.0
gullivers travels,"Though Jack Black is back doing what he does best, Gulliver's Travels largely fails to do any justice to its source material, relying instead on juvenile humor and special effects.",20.0
hacksaw ridge,"Hacksaw Ridge uses a real-life pacifist's legacy to lay the groundwork for a gripping wartime tribute to faith, valor, and the courage of remaining true to one's convictions.",84.0
hairspray,"Hairspray is an energetic, wholly entertaining musical romp; a fun Summer movie with plenty of heart. Its contagious songs will make you want to get up and start dancing.",91.0
hall pass,"Some filmgoers may be surprised by the Farrellys' defense of traditional domestic values in Hall Pass -- unfortunately, they'll probably also be dismayed by the absence of laughs.",33.0
halloween,"Halloween largely wipes the slate clean after decades of disappointing sequels, ignoring increasingly elaborate mythology in favor of basic - yet still effective - ingredients.",79.0
halloween 4 the return of michael myers,"Halloween 4: The Return Of Michaels Myers may bring the series' masked killer back into the fold, but fails to offer the visceral scares and inventiveness of the original.",29.0
hanging up,"Though the screenplay and the novel it's based on were both written by the same person, critics say Hanging Up is an unsuccessful adaptation. The acting is praised as solid, but is ultimately unable to save the film.",12.0
happy death day 2u,"A funnier follow-up with a sci-fi bent, Happy Death Day 2U isn't as fiendishly fresh as its predecessor, but fans of the original may still find this a sequel worth celebrating.",71.0
happy gilmore,"Those who enjoy Adam Sandler's schtick will find plenty to love in this gleefully juvenile take on professional golf; those who don't, however, will find it unfunny and forgettable.",61.0
happy texas,"A smart, light-hearted romantic comedy, Happy, Texas uses its well-written script and exceptional cast to prove there's still life left in the fish-out-of-water caper genre.",81.0
hard candy,"Disturbing, controversial, but entirely engrossing, Hard Candy is well written with strong lead performances, especially that of newcomer Ellen Page. A movie that stays with the viewer long after leaving the theater.",67.0
hard target,"Hard Target gets a boost from John Woo's stylish direction, but at heart, it's still another silly, explosion-dependent action thriller in the Jean-Claude Van Damme oeuvre.",57.0
harry brown,"Its lurid violence may put off some viewers, but Harry Brown is a vigilante thriller that carries an emotional as well as a physical punch, thanks to a gripping performance from Michael Caine in the title role.",63.0
harry potter and the chamber of secrets,"Though perhaps more enchanting for younger audiences, Chamber of Secrets is nevertheless both darker and livelier than its predecessor, expanding and improving upon the first film's universe.",82.0
harry potter and the deathly hallows part 1,"It can't help but feel like the prelude it is, but Deathly Hallows: Part I is a beautifully filmed, emotionally satisfying penultimate installment for the Harry Potter series.",77.0
harry potter and the goblet of fire,"The main characters are maturing, and the filmmakers are likewise improving on their craft; vibrant special effects and assured performances add up to what is the most complex yet of the Harry Potter films.",88.0
harry potter and the order of the phoenix,"It's not easy to take the longest Harry Potter book and streamline it into the shortest HP movie, but director David Yates does a bang up job of it, creating an Order of the Phoenix that's entertaining and action-packed.",78.0
harry potter and the prisoner of azkaban,"Under the assured direction of Alfonso Cuaron, Harry Potter and the Prisoner of Azkaban triumphantly strikes a delicate balance between technical wizardry and complex storytelling.",90.0
harry potter and the sorcerers stone,Harry Potter and the Sorcerer's Stone adapts its source material faithfully while condensing the novel's overstuffed narrative into an involving -- and often downright exciting -- big-screen magical caper.,81.0
haywire,"MMA star and first-time actress Gina Carano displays ample action-movie chops in Haywire, a fast-paced thriller with a top-notch cast and outstanding direction from Steven Soderbergh.",80.0
he got game,"Though not without its flaws, He Got Game finds Spike Lee near the top of his game, combining trenchant commentary with his signature visuals and a strong performance from Denzel Washington.",81.0
head count,"Head Count doesn't wrack up enough punchy scares to be an unqualified success as a horror outing, but an engaging cast and textured characters make it a refreshing genre exercise with something on its mind.",68.0
hearts and minds,"A powerful, unflinching exploration of the Vietnam War, with first-person stories from both sides of the conflict, Hearts and Minds still hits the mark decades after its release.",90.0
hearts of darkness a filmmakers apocalypse,"Chronicling the filming of Apocalypse Now through Eleanor Coppola's empathetic and frank point of view, Hearts of Darkness is a revelatory investigation of moviemaking and how creative obsession can impact an artist's family.",100.0
heaven is for real,"Heaven Is for Real boasts a well-written screenplay and a talented cast, but overextends itself with heavy-handed sequences depicting concepts it could have trusted the audience to take on faith.",51.0
heavy metal in baghdad,"Despite being a Gonzo-esque rockumentary following the fortunes of Iraq's one and only heavy metal band, Acrassicauda, Heavy Metal is actually a moving and impassioned account of the middle-east crisis.",83.0
heli,"There's no denying the seriousness of Heli's story or the raw power of its more uncomfortable moments, but they're used in service of a grimly alienating film that many viewers may ultimately find unrewarding.",59.0
hell baby,"Though its brand of immature comedy may appeal to some, Hell Baby misses the mark with much of its humor, rendering it a largely ineffective -- and often crass -- genre sendup.",31.0
hello i must be going,"Hello I Must Be Going offers an offbeat twist to the romance genre, a solid character study for fans of grown-up drama, and a career-making breakout vehicle for Melanie Lynskey.",75.0
hemingway gellhorn,"Nicole Kidman's poised performance provides some measure of reclamation for Martha Gellhorn, but this trite historical melodrama reduces Ernest Hemingway and the era that the two war correspondents lived through into a broad caricature.",49.0
henry v the chronicle history of king henry the fift with his battell fought at agincourt in france,"A patriotic booster, Laurence Olivier's directorial debut and star turn as Henry V result in a sharply realized and resonant take on Shakespeare's deeply British warrior king.",100.0
hercules,Hercules has Brett Ratner behind the cameras and Dwayne Johnson rocking the loincloth -- and delivers exactly what any reasonable person reading that description might expect.,58.0
here comes the boom,Here Comes the Boom benefits from Kevin James's genial presence but the film doesn't deliver enough laughs to live up to its title -- or enough satisfying plot to make up the difference.,41.0
here on earth,"Critics say Here on Earth's weakness comes from its script. The story may appeal to young teenage girls, but it suffers from being overly sentimental and formulaic. The cinematography, however, is lovely in how it captures its Minnesota setting.",17.0
hereafter,"Despite a thought-provoking premise and Clint Eastwood's typical flair as director, Hereafter fails to generate much compelling drama, straddling the line between poignant sentimentality and hokey tedium.",47.0
high life,"High Life is as visually arresting as it is challenging, confounding, and ultimately rewarding - which is to say it's everything film fans expect from director Claire Denis.",82.0
highrise,"High-Rise may not quite live up to its classic source material, but it still offers an energetic, well-acted, and thought-provoking take on its timely socioeconomic themes.",60.0
himalaya lenfance dun chef caravan,"Unlike the overproduced and overbudgeted Hollywood blockbusters, Himalaya is a stunningly photographed movie that offers an intimate look into the lives of a Dolpo tribe.",87.0
hiroshima mon amour,"Distinguished by innovative technique and Emmanuelle Riva's arresting performance, Hiroshima Mon Amour is a poignant love story as well as a thoughtful meditation on international trauma.",97.0
history of the worldpart i,"History of the World: Part I may not have enough comedic inspiration to merit a Part II, but the sporadic cleverness of these anachronistic skits are still a testament to Mel Brooks' gift for farce.",58.0
a history of violence,"A History of Violence raises compelling and thoughtful questions about the nature of violence, while representing a return to form for director David Cronenberg in one of his more uncharacteristic pieces.",87.0
hitman agent 47,"Hitman: Agent 47 fails to clear the low bar set by its predecessor, forsaking thrilling action in favor of a sleekly hollow mélange of dull violence and product placement.",9.0
hobo with a shotgun,"It certainly isn't subtle -- or even terribly smart -- but as a gleefully gory homage to low-budget exploitation thrillers, Hobo with a Shotgun packs plenty of firepower.",66.0
holiday inn,"With the combined might of Bing Crosby, Fred Astaire, and Irving Berlin working in its favor, Holiday Inn is a seasonal classic -- not least because it introduced ""White Christmas"" to the world.",100.0
holy motors,"Mesmerizingly strange and willfully perverse, Holy Motors offers an unforgettable visual feast alongside a spellbinding -- albeit unapologetically challenging -- narrative.",92.0
home alone 3,"Macaulay Culkin's precocious charisma is sorely missed in this hollow sequel, which doubles down on the broad comedy while lacking all the hallmarks that made the original a classic.",29.0
a home at the end of the world,"A Home at the End of the World aims for profundity, but settles for stale melodrama, yielding a slew of sensitive performances that are nevertheless in service of characters who prove to be ciphers.",50.0
home sweet hell,"Home Sweet Hell mistakes misogyny for subversive wit, aiming for black comedy but ending up with a grueling test of viewer endurance that wastes game efforts from its likable leads.",5.0
homeward bound the incredible journey,"Disney's remake of The Incredible Journey successfully replicates, and in some ways improves upon, the simple charms of the original, with its cross-country animal odyssey sure to delight kids.",87.0
hoop dreams,"One of the most critically acclaimed documentaries of all time, Hoop Dreams is a rich, complex, heartbreaking, and ultimately deeply rewarding film that uses high school hoops as a jumping-off point to explore issues of race, class, and education in modern America.",98.0
hope springs,"Led by a pair of mesmerizing performances from Meryl Streep and Tommy Lee Jones, Hope Springs offers filmgoers some grown-up laughs -- and a thoughtful look at mature relationships.",75.0
horror of dracula,"Trading gore for grandeur, Horror of Dracula marks an impressive turn for inveterate Christopher Lee as the titular vampire, and a typical Hammer mood that makes aristocracy quite sexy.",90.0
hot fuzz,The brilliant minds behind Shaun of the Dead successfully take a shot at the buddy cop genre with Hot Fuzz. The result is a bitingly satiric and hugely entertaining parody.,91.0
hot summer nights,"Hot Summer Nights is easy on the eyes and clearly indebted to some great films, but its strengths -- including a charismatic young cast -- are often outweighed by its uninspired story.",43.0
hotel artemis,"Hotel Artemis has a few flashes of wit and an intriguing cast, but mostly it's just a serviceable chunk of slightly futuristic violence -- which might be all its audience is looking for.",58.0
hotel transylvania 2,"Hotel Transylvania 2 is marginally better than the original, which may or may not be enough of a recommendation to watch 89 minutes of corny, colorfully animated gags from Adam Sandler and company.",56.0
hotel transylvania 3 summer vacation,Hotel Transylvania 3: Summer Vacation delivers exactly what fans will expect - which means another 97 agreeably lightweight minutes of fast-paced gags and colorful animation.,62.0
the hottie and the nottie,"The Hottie and the Nottie is a crass, predictable, and ineptly staged gross-out comedy that serves little purpose beyond existing as another monument to Paris Hilton's vanity.",6.0
hounds of love,"Smartly constructed and powerfully acted, Hounds of Love satisfies as a psychological thriller with a few nasty surprises -- and marks writer-director Ben Young as a promising talent.",88.0
how to lose friends alienate people,"A decent performance from Pegg in a disappointing film. Neither sharp nor satirical, Weide's adaptation relies too heavily on slapstick, and misses the point of the source material in the process.",37.0
howards end,"A superbly-mounted adaptation of E.M. Forster's tale of British class tension, with exceptional performances all round, Howard's End ranks among the best of Merchant-Ivory's work.",94.0
howls moving castle,"Exquisitely illustrated by master animator Miyazaki, Howl's Moving Castle will delight children with its fantastical story and touch the hearts and minds of older viewers as well.",87.0
hunger,"Unflinching, uncompromising, vivid and vital, Steve McQueen's challenging debut is not for the faint hearted, but it's still a richly rewarding retelling of troubled times.",90.0
hyde park on hudson,"Though bolstered by a thoroughly charming performance by Bill Murray in the central role, Hyde Park on Hudson is an FDR biopic that lets down both its audience and its subject.",37.0
i am chris farley,I Am Chris Farley lives up to its title by taking a poignant look at the life of the deceased star that should prove affecting and illuminating for novicers and longtime fans alike.,71.0
i am michael,"I Am Michael takes a determinedly balanced approach to its complex subject, and although the results don't always add up, they're anchored by strong work from James Franco.",64.0
i am not your negro,I Am Not Your Negro offers an incendiary snapshot of James Baldwin's crucial observations on American race relations -- and a sobering reminder of how far we've yet to go.,99.0
i am number four,"It's positioned as the start of a franchise, but I Am Number Four's familiar plot and unconvincing performances add up to one noisy, derivative, and ultimately forgettable sci-fi thriller.",33.0
i can only imagine,"I Can Only Imagine's message will have the most impact among Christian audiences, but overall, its performances and storytelling represent a notable evolution in faith-based cinema.",63.0
i dont feel at home in this world anymore,"I don't feel at home in this world anymore. transcends its unwieldy title to offer timely, intoxicatingly dark observations on gender dynamics and social norms in modern America.",89.0
i feel pretty,"I Feel Pretty has a charming star and the outline of a worthwhile comedy -- but unlike its suddenly confident central character, it suffers from a fundamental lack of conviction.",35.0
i hope they serve beer in hell,"I Hope They Serve Beer in Hell fails in its attempts at raunchy humor, and Tucker Max comes across so unlikable and outrageous that the film's inevitable story arc feels forced.",20.0
i lost my body,"Beautifully animated and utterly unique, I Lost My Body takes audiences on a singularly strange journey whose unexpected contours lead to a wholly satisfying destination.",96.0
i melt with you,"Presenting itself as profound while relying entirely on shock factor, I Melt With You subjects its audience to a misanthropic marathon of bad behavior that's about as fun as a mid-life crisis.",16.0
i saw the light,"I Saw the Light boasts a terrifically talented cast, but their performances aren't enough to enliven an unfocused biopic that never comes close to capturing its subject's timeless appeal.",18.0
i see you,"I See You gets tripped up on its own narrative contortions, but a solid cast and an effective blend of scares and suspense make this slow-building mystery worth watching.",78.0
i tonya,"Led by strong work from Margot Robbie and Alison Janney, I, Tonya finds the humor in its real-life story without losing sight of its more tragic -- and emotionally resonant -- elements.",89.0
i walked with a zombie,"Evocative direction by Jacques Tourneur collides with the low-rent production values of exploitateer Val Lewton in I Walked with a Zombie, a sultry sleeper that's simultaneously smarmy, eloquent and fascinating.",93.0
i wish,"Elliptical and deliberately paced yet steadily absorbing, I Wish presents a beguiling portrait of childhood that grounds its sweetly nostalgic glow with well-rounded characters and attention to detail.",93.0
icarus,"Icarus is eye-opening viewing for professional sports enthusiasts, yet it should also prove thoroughly gripping even for filmgoers who might not necessarily be drawn to the subject.",94.0
ice age collision course,"Unoriginal and unfunny, Ice Age: Collision Course offers further proof that not even the healthiest box office receipts can keep a franchise from slouching toward creative extinction.",18.0
if i stay,"Although Chloë Grace Moretz gives it her all and the story adds an intriguing supernatural twist to its melodramatic YA framework, If I Stay is ultimately more manipulative than moving.",35.0
il divo,"While the web of corruption in this Italian political thriller can be hard for a non-native to follow, the visuals and the intrigue are compelling and thrilling in equal measure.",92.0
ill see you in my dreams,"I'll See You in My Dreams would be worth watching even if Blythe Danner's central performance was all it had going for it, but this thoughtful drama satisfies on multiple levels.",93.0
ill sleep when im dead,"I'll Sleep When I'm Dead's spare performances and slick style are undermined by a lack of cohesive story, yielding a neatly packaged noir with little substance beneath its polished surface.",44.0
im not there,"I'm Not There's unique editing, visuals, and multiple talented actors portraying Bob Dylan make for a deliciously unconventional experience. Each segment brings a new and fresh take on Dylan's life.",77.0
im still here,"As unkempt and inscrutable as Joaquin Phoenix himself, I'm Still Here raises some interesting questions about its subject, as well as the nature of celebrity, but it fails to answer many of them convincingly.",53.0
imperium,The unsettling Imperium boasts troublingly timely themes and a talented cast led by Daniel Radcliffe as an undercover FBI agent infiltrating a ring of white supremacists.,85.0
the importance of being earnest,"Oliver Parker's adaptation of Oscar Wilde's classic play is breezy entertainment, helped by an impressive cast, but it also suffers from some peculiar directorial choices that ultimately dampen the film's impact.",57.0
in out,"It doesn't always find comfortable ground between broad comedy and social commentary, but lively performances -- especially from Kevin Kline and Joan Cusack -- enrich In & Out's mixture of laughs and sexual tolerance.",71.0
in another country,In Another Country offers intelligent observations throughout its trio of overlapping stories -- and demonstrates again just how much Isabelle Huppert's presence can improve a film.,82.0
in search of beethoven,"With a wealth of insightful talking heads and deft musical performances, In Search of Beethoven is a thorough, thoughtful examination of the great composer's life and times.",93.0
in search of greatness,"Gabe Polsky's persuasive documentary comes close to Greatness, making a strong case for its intriguing thesis and chock full of refreshing insights into some of the world's most admired athletes.",92.0
in search of mozart,"In Search of Mozart may not be quite as exhilarating as its subject's classic compositions, but it offers an enlightening, entertaining primer on the life of a brilliant artist.",81.0
in the army now,This 1994 Pauly Shore vehicle stretches its star's thin shtick to the breaking point with a laugh-deficient screenplay that borrows shamelessly from Bill Murray's far superior Stripes.,6.0
in the company of men,"Neil LaBute's pitch-black comedy is a masterful exploration of male insecurity, and it's elevated by a breakout performance by Aaron Eckhart as a businessman who likes to play psychological games.",89.0
in the heart of the sea,"The admirably old-fashioned In the Heart of the Sea boasts thoughtful storytelling to match its visual panache, even if it can't claim the depth or epic sweep to which it so clearly aspires.",43.0
in the heat of the night,"Tense, funny, and thought-provoking all at once, and lifted by strong performances from Sydney Poitier and Rod Steiger, director Norman Jewison's look at murder and racism in small-town America continues to resonate today.",95.0
in the land of blood and honey,"Angelina Jolie displays a deft directorial hand in her feature debut, but In the Land of Blood and Honey's contrived love story never mixes in comfortably with depictions of the Bosnian genocide.",57.0
in the line of fire,"A straightforward thriller of the highest order, In the Line of Fire benefits from Wolfgang Peterson's taut direction and charismatic performances from Clint Eastwood and John Malkovich.",96.0
in the name of the father,"Impassioned and meticulously observed, In the Name of the Father mines rousing drama from a factual miscarriage of justice, aided by scorching performances and director Jim Sheridan's humanist focus.",94.0
in the valley of elah,"Though some of Paul Haggis's themes are heavy-handed, In the Valley of Elah is otherwise an engrossing murder mystery and antiwar statement, featuring a mesmerizing performance from Tommy Lee Jones.",74.0
incredibles 2,"Incredibles 2 reunites Pixar's family crimefighting team for a long-awaited follow-up that may not quite live up to the original, but comes close enough to earn its name.",93.0
indiana jones and the kingdom of the crystal skull,"Though the plot elements are certainly familiar, Indiana Jones and the Kingdom of the Crystal Skull still delivers the thrills and Harrison Ford's return in the title role is more than welcome.",78.0
indiana jones and the last crusade,"Lighter and more comedic than its predecessor, Indiana Jones and the Last Crusade returns the series to the brisk serial adventure of Raiders, while adding a dynamite double act between Harrison Ford and Sean Connery.",88.0
indiana jones and the temple of doom,"It may be too ""dark"" for some, but Indiana Jones and the Temple of Doom remains an ingenious adventure spectacle that showcases one of Hollywood's finest filmmaking teams in vintage form.",84.0
inequality for all,"While it arrives in a glut of similarly themed documentaries, Inequality for All distinguishes itself with a compelling presentation of an important message, as well as much-needed splashes of wit.",90.0
inherent vice,"Inherent Vice may prove frustrating for viewers who demand absolute coherence, but it does justice to its acclaimed source material -- and should satisfy fans of director P.T. Anderson.",74.0
innerspace,"A manic, overstuffed blend of sci-fi, comedy, and romance, Innerspace nonetheless charms, thanks to Martin Short's fine performance and the insistent zaniness of the plot.",82.0
inside deep throat,"A documentary on the film that brought smut mainstream, Inside Deep Throat is gaining praise as an entertaining look at a pop culture milestone. However, some critics say the film could have gone a little deeper into the people involved.",82.0
inside man,"Spike Lee's energetic and clever bank-heist thriller is a smart genre film that is not only rewarding on its own terms, but manages to subvert its pulpy trappings with wit and skill.",86.0
instant family,"Instant Family may not quite capture the complexity of real-life adoption, but fittingly for the unconditional bond it honors, this flawed yet well-intentioned dramedy is ultimately worth the investment.",80.0
interstellar,"Interstellar represents more of the thrilling, thought-provoking, and visually resplendent filmmaking moviegoers have come to expect from writer-director Christopher Nolan, even if its intellectual reach somewhat exceeds its grasp.",72.0
interview with the vampire,"Despite lacking some of the book's subtler shadings, and suffering from some clumsy casting, Interview with a Vampire benefits from Neil Jordan's atmospheric direction and a surfeit of gothic thrills.",63.0
intimate strangers,"Intimate Strangers is Hitchcockian noir with a Gallic twist: Rather than simply imitating the genre's form, director/screenwriter Patrice Leconte delves into the underlying psychological drama.",86.0
into the forest,"Into the Forest grounds its familiar apocalyptic framework with a relatable look at the bond between two sisters, compellingly brought to life by Ellen Page and Evan Rachel Wood.",76.0
into the inferno,Into the Inferno finds director Werner Herzog observing some of the most beautiful -- and terrifying -- wonders of the natural world with his signature blend of curiosity and insight.,92.0
into the woods,"On the whole, this Disney adaptation of the Sondheim classic sits comfortably at the corner of Hollywood and Broadway -- even if it darkens to its detriment in the final act.",71.0
invictus,"Delivered with typically stately precision by director Clint Eastwood, Invictus may not be rousing enough for some viewers, but Matt Damon and Morgan Freeman inhabit their real-life characters with admirable conviction.",77.0
invincible,"As simple and authentic as the gritty South Philly invirons in which it's set in, Invincible sends a uplifting and heartfelt message packed with an athletic enthusiasm that shouldn't be missed.",72.0
the invisible circus,"Despite Jordana Brewster's strong performance, The Invisible Circus lacks the necessary dramatic tension to be interesting. Also, the cultural and political contexts of the period are barely explored.",22.0
ip man,"At once beholden to the established conventions of the genre and delightfully subversive of them, Ip Man is one of the most exciting -- and refreshingly character-driven -- martial arts films in years.",85.0
iron man 3,"With the help of its charismatic lead, some impressive action sequences, and even a few surprises, Iron Man 3 is a witty, entertaining adventure and a strong addition to the Marvel canon.",79.0
is the man who is tall happy an animated conversation with noam chomsky,"An unlikely pairing of form and style, Michel Gondry's Is the Tall Man Happy? successfully gives Noam Chomsky's philosophical musings an expressive canvas with a delightfully anarchic animation style.",92.0
ishtar,"Warren Beatty, Dustin Hoffman, and laughter itself get lost in the desert during a flawed spoof of classic road movies that proves ill-suited for its mismatched and miscast stars.",37.0
island of lemurs madagascar,"Brief enough for the youngest viewers yet informative and visually spectacular enough for all ages, Island of Lemurs: Madagascar is educational entertainment for the whole family.",81.0
it,"Well-acted and fiendishly frightening with an emotionally affecting story at its core, It amplifies the horror in Stephen King's classic story without losing touch with its heart.",85.0
it comes at night,It Comes at Night makes lethally effective use of its bare-bones trappings while proving once again that what's left unseen can be just as horrifying as anything on the screen.,87.0
the italian,"Poignant and unforgettable, The Italian stands out from other European melodramas. Like its extraordinary child lead, this Russian drama about an orphan's search for his birth mother is small in size and monumental in pathos.",91.0
its kind of a funny story,"It's amiable, and it does a surprisingly good job of sidestepping psych ward comedy cliches, but given its talented cast and directors, It's Kind of a Funny Story should be more than just mildly entertaining.",57.0
its all gone pete tong,"Part raucous mockumentary, part drama-filled biopic, It's All Gone Pete Tong amuses and warms hearts with its touching, comic, and candid look at a musician faced with a career-ending handicap.",76.0
ivory tower,"Although Ivory Tower makes it clear that there isn't enough room in a 90-minute film to tackle spiraling student loan debt, it also serves as a compelling call for deeper investigation.",83.0
j edgar,"Leonardo DiCaprio gives a predictably powerhouse performance, but J. Edgar stumbles in all other departments with cheesy makeup, poor lighting, confusing narrative, and humdrum storytelling.",43.0
jack brooks monster slayer,"A sincere but sometimes-excessive send up of low-rent horror hokum, Jack Brooks: Monster Slayer features some sharp laughs and features a scene-stealing performance by Robert Englund.",61.0
jackass 3,"The Jackass gang might be running out of gross-out stunts, but this installment contains plenty of brilliantly brain-dead comedy -- and the 3-D adds a pungent new dimension.",65.0
jackass presents bad grandpa,"Never quite as funny as it wants to be, Jackass Presents: Bad Grandpa still offers viewers the timeless pleasures of seeing an old man get his privates stuck in a vending machine.",61.0
james white,"Led by powerfully complementary performances from Christopher Abbott and Cynthia Nixon, James White offers an affecting calling card for debuting writer-director Josh Mond.",92.0
jane eyre,"Cary Fukunaga directs a fiery and elegant adaptation of Charlotte Bronte's classic novel, and Mia Wasikowska delivers possibly the best portrayal of the title character ever.",84.0
janis little girl blue,"Respectful without veering into hagiography and inquisitive without being intrusive, Janis: Little Girl Blue offers an insightful glimpse into the life of a rock 'n' roll legend.",94.0
jaws,"Compelling, well-crafted storytelling and a judicious sense of terror ensure Steven Spielberg's Jaws has remained a benchmark in the art of delivering modern blockbuster thrills.",98.0
jaws 3,"A cheese-soaked ocean thriller with no evident reason to exist, Jaws 3 bellows forth with a plaintive yet ultimately unheeded cry to put this franchise out of viewers' misery.",12.0
jay and silent bob strike back,Fans can expect a good laugh as the cast from Smith's previous films reunite for Jay and Silent Bob's last bow. The loose plotting and crude language may be too much for others though.,52.0
jayne mansfields car,"Jayne Mansfield's Car assembles an impressive number of talented actors, but the screenplay -- co-written by director and star Billy Bob Thornton -- never gives them much of anything to do.",35.0
jeremiah johnson,"Jeremiah Johnson's deliberate pace demands an investment from the viewer, but it's rewarded with a thoughtful drama anchored by a starring performance from Robert Redford.",95.0
the jewel of the nile,"The sense of romantic spark has waned and the prevalence of stereotypes has grown in Jewel of the Nile, although there is still plenty of swooning action for fans of the first adventure.",48.0
jim andy the great beyond featuring a very special contractually obligated mention of tony clifton,Jim & Andy: The Great Beyond offers a fascinating behind-the-scenes glimpse of method acting in action -- and one star's journey toward something like personal acceptance.,94.0
jingle all the way,"Arnold Schwarzenegger tries his best, but Jingle All the Way suffers from an uneven tone, shifting wildly from a would-be satire on materialism to an antic, slapstick yuk-fest.",15.0
joan didion the center will not hold,Joan Didion: The Center Will Not Hold pays tribute to an American literary legend with a richly personal perspective that should thrill devotees while enlightening newcomers.,89.0
joe strummer the future is unwritten,"Displaying Joe Strummer warts and all, The Future is Unwritten succeeds as both an engrossing documentary and a comprehensive examination of one of music's most legendary figures.",89.0
joe versus the volcano,"Joe Versus the Volcano erupts with plenty of screwball energy and thoughtful observations about living to the fullest, but its existential ambition may prove too goofy for some audiences.",61.0
john carpenters ghosts of mars,"John Carpenter's Ghosts of Mars is not one of Carpenter's better movies, filled as it is with bad dialogue, bad acting, confusing flashbacks, and scenes that are more campy than scary.",21.0
john carter,"While John Carter looks terrific and delivers its share of pulpy thrills, it also suffers from uneven pacing and occasionally incomprehensible plotting and characterization.",52.0
john mulaney the sack lunch bunch,"With spectacular musical numbers, a smartly silly sensibility, and just the right amount of existential dread, John Mulaney & The Sack Lunch Bunch is a joyous reminder that kindness and comedy can in fact go hand in hand.",96.0
rambo rambo iv,"Sylvester Stallone knows how to stage action sequences, but the movie's uneven pacing and excessive violence (even for the franchise) is more nauseating than entertaining.",38.0
john wick chapter 2,"John Wick: Chapter 2 does what a sequel should -- which in this case means doubling down on the non-stop, thrillingly choreographed action that made its predecessor so much fun.",89.0
johnny english reborn,"Arguably a marginal improvement on its mostly-forgotten predecessor, Johnny English Reborn nonetheless remains mired in broad, tired spy spoofing that wastes Rowan Atkinson's once considerable comedic talent.",38.0
joker,Joker gives its infamous central character a chillingly plausible origin story that serves as a brilliant showcase for its star -- and a dark evolution for comics-inspired cinema.,68.0
the joneses,"It doesn't pursue its subversive premise as far as it should, but The Joneses benefits from its timely satire of consumer culture -- as well as a pair of strong performances from David Duchovny and Demi Moore.",63.0
journey to the west,"As sweet, silly, action-packed and ridiculous as director Steven Chow's best work, Journey to the West serves up dazzling action sequences while playing its disparate elements against each other with thrilling abandon.",94.0
journeys end,"Journey's End brings R.C. Sherriff's 90-year-old play to the screen with thrilling power, thanks to director Saul Dibb's hard-hitting urgency and brilliant work from a talented cast.",92.0
joy,"Joy is anchored by a strong performance from Jennifer Lawrence, although director David O. Russell's uncertain approach to its fascinating fact-based tale only sporadically sparks bursts of the titular emotion.",61.0
joyful noise,"Joyful Noise's musical numbers are solidly entertaining, and it benefits from Queen Latifah and Dolly Parton's sizable chemistry; unfortunately, they aren't enough to make up for the rest of the film.",32.0
jt leroy,"While it may leave some viewers wishing for a more in-depth exploration of its story and themes, J.T. Leroy offers a diverting dramatization of incredible real-life events.",55.0
juanita,"Juanita's refreshing journey of self-actualization may lead to a predictable destination, but a sterling star turn by Alfre Woodard gives this sojourn an invaluable spark.",81.0
jungfrukällan the virgin spring,"The Virgin Spring marks one of Ingmar Bergman's most controversial dramas, although its uncomfortable exploration of divine justice -- or lack thereof -- is undeniably thought-provoking.",87.0
juno,"One of the brightest, funniest comedies of the year, Juno's smart script and direction are matched by assured performances in a coming of age story with a 21st century twist.",94.0
jurassic world,"Jurassic World can't match the original for sheer inventiveness and impact, but it works in its own right as an entertaining -- and visually dazzling -- popcorn thriller.",70.0
just getting started,"A thoroughly unfunny misfire, Just Getting Started manages the incredible feat of wasting more than a century of combined acting experience from its three talented leads.",4.0
just like heaven,"Delightfully sweet like a lollipop, Just Like Heaven is a dreamy romantic comedy that may give you a toothache when it attempts to broach difficult end of life issues by throwing a cherry on top.",55.0
justice league,"Justice League leaps over a number of DC movies, but its single bound isn't enough to shed the murky aesthetic, thin characters, and chaotic action that continue to dog the franchise.",40.0
kabluey,"An effecting treatise on modern alienation, Scott Prendergast's story of a hapless loser who finds recognition by donning a featureless suit is full of whimsy and sorrow.",84.0
katy perry part of me,"Katy Perry: Part of Me succeeds on the strengths of the pop star's genuine likability, inspiring work ethic, and dazzling stage show, even if it plays somewhat like a PR puff piece at times.",76.0
kazaam,"Crafted from a mix of genre clichés, Kazaam doesn't know what kind of film it wants to be, and Shaq's larger-than-life charisma is stifled by rote filmmaking and an unimaginative story.",5.0
keane,"The scrutinizing camera angles of Keane might at first feel too close for comfort, but this powerful portrait of a man distraught by the abduction of his child plumbs the depths of mental illness and the corners of fleabag hotels in an intimate and touching examination of the seedier side of life.",81.0
kedi,"Kedi is a cat fancier's dream, but this thoughtful, beautifully filmed look at Istanbul's street feline population offers absorbing viewing for filmgoers of any purr-suasion.",98.0
kellys heroes,"Kelly's Heroes subverts its World War II setting with pointed satirical commentary on modern military efforts, offering an entertaining hybrid of heist caper and battlefield action.",78.0
kevin hart let me explain,"It's ironically rather short on standup from Mr. Hart himself, but structural problems aside, Kevin Hart: Let Me Explain offers another example of why he's achieved mainstream success on his own terms.",61.0
kids for cash,"Dispassionately presented yet frequently enraging, Kids for Cash uses the fallout from one horrific scandal to offer a thought-provoking critique of the justice system in general.",92.0
kill me three times,"Kill Me Three Times offers Simon Pegg an opportunity to play against type as a villain; unfortunately, its derivative storyline fails to offer much of anything to viewers.",16.0
kill the irishman,"Kill the Irishman may not add much in the way of new ingredients to its crowded genre, but the admirable efforts of a solidly assembled cast add extra depth to a familiar story.",62.0
kill your darlings,"Bolstered by the tremendous chemistry between Daniel Radcliffe and Dane DeHaan, Kill Your Darlings casts a vivid spotlight on an early chapter in the story of the Beat Generation.",77.0
the killing fields,"Artfully composed, powerfully acted, and fueled by a powerful blend of anger and empathy, The Killing Fields is a career-defining triumph for director Roland Joffé and a masterpiece of American cinema.",93.0
killing ground,Killing Ground unnerves and compels in equal measure with a grimly intense story that may be too disturbing for some but delivers a white-knuckle experience for fans of brutally realistic thrillers.,75.0
kin,"Part family drama, part sci-fi adventure, Kin struggles to balance its narrative until a late twist that suggests it all might have worked better as the first episode of a TV series.",34.0
king kong,"Featuring state-of-the-art special effects, terrific performances, and a majestic sense of spectacle, Peter Jackson's remake of King Kong is a potent epic that's faithful to the spirit of the 1933 original.",84.0
king of california,"A quirky and often touching comedy about a mature teenager and her manic depressive father, King of California is a charming tale of familial relations and treasure hunting.",63.0
king of devils island,"Scandinavian in the most bleakly satisfying way, King of Devil's Island satisfies with a richly layered narrative and a typically strong performance from Stellan Skarsgard.",94.0
the king of kong a fistful of quarters,The King of Kong is funny and compelling with more than a few poignant insights into human behavior. Director Seth Gordon presents the dueling King Kong players in all their obsessive complexity and with perfectly al dente observations.,97.0
kinky boots,"Kinky Boots relies heavily on the Full Monty formula of Britcoms, while playing it too safe in a desperate attempt not to offend. Ejiofor's performance is its redeeming virtue.",56.0
klute,"Donald Sutherland is coolly commanding and Jane Fonda a force of nature in Klute, a cuttingly intelligent thriller that generates its most agonizing tension from its stars' repartee.",93.0
knight day,"It's pure formula, but thanks to its breezy pace and a pair of charming performances from Tom Cruise and Cameron Diaz, Knight and Day offers some agreeably middle-of-the-road summer action.",52.0
knight of cups,"Knight of Cups finds Terrence Malick delving deeper into the painterly visual milieu he's explored in recent efforts, but even hardcore fans may struggle with the diminishing narrative returns.",47.0
knock knock,"Knock Knock brings a lot of talent to bear on its satirical approach to torture horror, but not effectively enough to overcome its repetitive story or misguidedly campy tone.",37.0
knocked up,"Knocked Up is a hilarious, poignant and refreshing look at the rigors of courtship and child-rearing, with a sometimes raunchy, yet savvy script that is ably acted and directed.",90.0
kon tiki,"A well-crafted retelling of an epic true story, Kon Tiki is a throwback to old-school adventure filmmaking that's exciting and entertaining in spite of its by-the-book plotting.",81.0
kong skull island,"Offering exhilarating eye candy, solid acting, and a fast-paced story, Kong: Skull Island earns its spot in the movie monster's mythos without ever matching up to the classic original.",75.0
kpax,"For those who have seen One Flew Over the Cuckoo's Nest or Starman, K-Pax may not hold anything new. The movie works best as a showcase for Kevin Spacey and Jeff Bridges.",42.0
krampus,"Krampus is gory good fun for fans of non-traditional holiday horror with a fondness for Joe Dante's B- movie classics, even if it doesn't have quite the savage bite its concept calls for.",66.0
kung fu panda 3,"Kung Fu Panda 3 boasts the requisite visual splendor, but like its rotund protagonist, this sequel's narrative is also surprisingly nimble, adding up to animated fun for the whole family.",87.0
kaidan kwaidan ghost stories,"Exquisitely designed and fastidiously ornate, Masaki Kobayashi's ambitious anthology operates less as a frightening example of horror and more as a meditative tribute to Japanese folklore.",90.0
la bamba,"Elevated by a perceptive performance by a perfectly cast Lou Diamond Phillips, La Bamba distills its subject's creative energy -- and reflects his music's enduring appeal.",91.0
la grande illusion grand illusion,"Jean Renoir's Grand Illusion is a masterful anti-war statement, bringing humane insight and an undercurrent of ironic humor to an unusual relationship between captor and captive.",97.0
la vie en rose la mome,"The set design and cinematography are impressive, but the real achievement of La Vie en Rose is Marion Cotillard's mesmerizing, wholly convincing performance as Edith Piaf.",74.0
ladies in black,"Ladies in Black gleans socially relevant observations from Australian history with entertaining flair, embroidering a tale that touches on immigration and female empowerment with a fashionable pizazz.",88.0
lady and the tramp,"A nostalgic charmer, Lady and the Tramp's token sweetness is mighty but the songs and richly colored animation are technically superb and make for a memorable experience.",93.0
the lady eve,"A career highlight for Preston Sturges, The Lady Eve benefits from Barbara Stanwyck and Henry Fonda's sparkling chemistry -- and a script that inspired countless battle-of-the-sexes comedies.",100.0
lake placid,"Betty White's delightful supporting turn may be worth the price of admission alone, but Lake Placid is swamped by a smarmy script and inability to deliver on the creature feature mayhem.",47.0
lambert stamp,"A sharp accounting of an era framed through the early adventures of the Who and the managers who helped make them famous, Lambert & Stamp should prove fascinating for fans and novices alike.",89.0
land of mine under sandet,Land of Mine uses an oft-forgotten chapter from the aftermath of World War II to tell a hard-hitting story whose period setting belies its timeless observations about bloodshed and forgiveness.,92.0
land of the dead,"George A. Romero's latest entry in his much-vaunted Dead series is not as fresh as his genre-inventing original, Night of the Living Dead. But Land of the Dead does deliver on the gore and zombies-feasting-on-flesh action.",74.0
landline,Landline's talented cast -- and a fast-paced approach from director/co-writer Gillian Robespierre -- help this charming multi-generational dramedy overcome a familiar storyline.,74.0
heartbreaker larnacoeur,"While definitely on the fluffier side of French comedy, Heartbreaker benefits from never taking itself too seriously -- and from the performance of the ever-charming Romain Duris.",68.0
the last king of scotland,"Forest Whitaker's performance as real-life megalomaniac dictator Idi Amin powers this fictionalized political thriller, a blunt and brutal tale about power and corruption.",87.0
the last kiss,You'll either find the The Last Kiss to be a phony bore or a refreshing take about young 20-somethings at the crossroads between their carefree lifestyle and responsibility. Zach Braff and the rest of the appealing cast make the case for the latter.,46.0
last man standing,Last Man Standing's brooding atmosphere and bursts of artfully arranged action prove intriguing yet ultimately insufficient substitutes for a consistently compelling story.,37.0
the last unicorn,"The Last Unicorn lacks the fluid animation to truly sparkle as an animated epic, but offbeat characters and an affecting story make it one of a kind for the true believers.",71.0
lawrence of arabia,"The epic of all epics, Lawrence of Arabia cements director David Lean's status in the filmmaking pantheon with nearly four hours of grand scope, brilliant performances, and beautiful cinematography.",98.0
le cercle rouge,"Melville is at the top of his game, giving us his next-to-last entry into the world of deception, crime, and extreme suspense that made him a maestro of the French heist genre.",95.0
le weekend,"Topped with bittersweet humor but possessing surprisingly thorny depths, Le Week-End offers a sophisticated, well-acted portrait of late-life struggles and long-term marriage.",89.0
leap,"From its bland story to its unremarkable animation, Leap! does little to distinguish itself from a long list of like-minded -- and superior -- family-friendly alternatives.",42.0
leap year año bisiesto,"Unpredictable, gripping, and ultimately haunting, Leap Year uses a couple's fraught emotional journey as the narrative fuel for a probing look at societal mores and human needs.",92.0
leatherface,"Leatherface may wear the skin of a Texas Chainsaw Massacre prequel, but it proves gutless as an origin story and finds little invention in the horror tropes it's cannibalizing.",30.0
leave it to beaver,"Declining to update the television series' sensibility for modern audiences while lacking in its requisite charm, Leave it to Beaver should have just left these characters in the past.",21.0
leave no trace,Leave No Trace takes an effectively low-key approach to a potentially sensationalistic story -- and further benefits from brilliant work by Ben Foster and Thomasin McKenzie.,100.0
the legend of bagger vance,"Despite the talent involved in The Legend of Bagger Vance, performances are hindered by an inadequate screenplay full of flat characters and bad dialogue. Also, not much happens, and some critics are offended by how the film glosses over issues of racism.",43.0
legends of the fall,"Featuring a swoon-worthy star turn by Brad Pitt, Legends of the Fall's painterly photography and epic sweep often compensate for its lack of narrative momentum and glut of melodramatic twists.",58.0
lemony snickets a series of unfortunate events,"Although it softens the nasty edges of its source material, Lemony Snicket's A Series of Unfortunate Events is a gothic visual treat, and it features a hilariously manic turn from Jim Carrey as the evil Count Olaf.",72.0
lenfant,"The Dardennes continue to excel at presenting works of rigorous naturalism, with detached observations of authentic characters that nevertheless resonate with complex moral issues.",85.0
léon the professional,Pivoting on the unusual relationship between seasoned hitman and his 12-year-old apprentice -- a breakout turn by young Natalie Portman -- Luc Besson's Léon is a stylish and oddly affecting thriller.,74.0
less than zero,"A couple of standout performances -- notably Robert Downey, Jr. and James Spader -- and a killer soundtrack can't quite elevate a somewhat superficial adaptation of Bret Easton Ellis' story of drugged-out LA rich kids.",50.0
let me in,Similar to the original in all the right ways -- but with enough changes to stand on its own -- Let Me In is the rare Hollywood remake that doesn't add insult to inspiration.,88.0
let the fire burn,"Smartly edited and heartbreakingly compelling, Let the Fire Burn uses archival footage to uncover a troubling -- and still deeply resonant -- chapter in American history.",98.0
lethal weapon 2,"Lethal Weapon 2 may sport a thin plot typical of action fare, but its combination of humor and adrenaline, along with the chemistry between its leads, make this a playful, entertaining sequel.",82.0
lethal weapon 3,"Murtaugh and Riggs remain an appealing partnership, but Lethal Weapon 3 struggles to give them a worthy new adventure as it cranks up the camp along with the mean-spiritedness.",60.0
letters from iwo jima,"A powerfully humanistic portrayal of the perils of war, this companion piece to Flags of our Fathers is potent and thought-provoking, and it demonstrates Clint Eastwood's maturity as a director.",91.0
liberal arts,"While it's hard not to wish it had a little more bite, Liberal Arts ultimately succeeds as a good-natured -- and surprisingly clever -- look at the addictive pull of nostalgia for our youth.",71.0
licence to kill,"License to Kill is darker than many of the other Bond entries, with Timothy Dalton playing the character with intensity, but it still has some solid chases and fight scenes.",78.0
life of pi,"A 3D adaptation of a supposedly ""unfilmable"" book, Ang Lee's Life of Pi achieves the near impossible -- it's an astonishing technical achievement that's also emotionally rewarding.",87.0
life,"Life may frustrate viewers seeking a James Dean biopic with its subject's intensity, but it remains a diverting, well-acted effort assembled with admirable craft and ambition.",64.0
the life and death of colonel blimp,"A moving evocation of both British values and the passage of time, The Life and Death of Colonel Blimp is an epic portrait of a singular character by Powell and Pressburger.",96.0
the life aquatic with steve zissou,"Much like the titular oceanographer, The Life Aquatic with Steve Zissou's overt irony may come off as smug and artificial -- but for fans of Wes Anderson's unique brand of whimsy it might be worth the dive.",56.0
life of the party,Life of the Party's good-natured humor and abundance of onscreen talent aren't enough to make up for jumbled direction and a script that misses far more often than it hits.,38.0
lights out,"Lights Out makes skillful use of sturdy genre tropes -- and some terrific performances -- for an unsettling, fright-filled experience that delivers superior chills without skimping on story.",76.0
lila eve,"Lila & Eve gets some mileage out of its formidable stars, with Viola Davis in particular proving that she will commandingly commit to any material, but this is a revenge flick served stale due to a lackluster script.",40.0
the lincoln lawyer,"It doesn't offer any twists on the predictable courtroom thriller formula, but with a charming Matthew McConaughey leading its solid cast, The Lincoln Lawyer offers briskly enjoyable entertainment.",83.0
listen up philip,"As thought-provoking as it is uncompromising, Listen Up Philip finds writer-director Alex Ross Perry taking a creative step forward while hearkening back to classic neurotic comedies of '70s cinema.",82.0
little,"A disappointingly uneven but overall agreeable spin on a familiar formula, Little benefits from a big heart -- and a story that makes good use of its talented, well-matched cast.",46.0
little buddha,"Little Buddha's storytelling may be too childlike to best service its audacious plot, but Bernardo Bertolucci's direction and Vittorio Storaro's cinematography conspire to deliver a visually strong epic.",68.0
little men,Little Men takes a compassionate look at the ways in which adult problems impact childhood friendships -- and offers another affecting New York drama from director Ira Sachs.,97.0
little miss sunshine,"Little Miss Sunshine succeeds thanks to a strong ensemble cast that includes Greg Kinnear, Steve Carell, Toni Collette, Alan Arkin, and Abigail Breslin, as well as a delightfully funny script.",91.0
little sister,Little Sister subverts indie drama expectations with a refreshingly off-kilter look at family dynamics that makes its points through solid characterizations and earnest effort.,94.0
little white lies,"Little White Lies luxuriates in the company of its impressive cast and small-scale dilemmas to its detriment, yielding a comedy of initial charm that meanders into boredom.",42.0
live by night,"Live by Night boasts visual style and an impressive cast, but they're lost in a would-be crime saga that finds producer, director, and star Ben Affleck revisiting familiar themes to diminishing effect.",35.0
live die repeat edge of tomorrow,"Gripping, well-acted, funny, and clever, Edge of Tomorrow offers entertaining proof that Tom Cruise is still more than capable of shouldering the weight of a blockbuster action thriller.",91.0
live free or die hard,"Live Free or Die Hard may be preposterous, but it's an efficient, action-packed summer popcorn flick with thrilling stunts and a commanding performance by Bruce Willis. Fans of the previous Die Hard films will not be disappointed.",82.0
living in oblivion,Living in Oblivion dives into the folly of filmmaking with a sharp satire that sends up indie cinema while working as an entertaining independent picture in its own right.,88.0
lo and behold reveries of the connected world,Lo and Behold: Reveries of the Connected World finds Werner Herzog bringing his distinctive documentarian gifts to bear on a timely topic with typically thought-provoking results.,93.0
logan,"Hugh Jackman makes the most of his final outing as Wolverine with a gritty, nuanced performance in a violent but surprisingly thoughtful superhero action film that defies genre conventions.",93.0
logan lucky,"High-octane fun that's smartly assembled without putting on airs, Logan Lucky marks a welcome end to Steven Soderbergh's retirement -- and proves he hasn't lost his ability to entertain.",92.0
lola versus,It's fun to see Greta Gerwig mature her acting career but Lola Versus -- with its unpleasant characters and completely familiar script -- does not succeed as her first major leading role.,36.0
london has fallen,London Has Fallen traps a talented cast -- and all who dare to see it -- in a mid-1990s basic-cable nightmare of a film loaded with xenophobia and threadbare action-thriller clichés.,28.0
the loneliness of the long distance runner,"Dry and full of angst, this British New Wave classic features potent social commentary and a star making performance by Tom Courtenay as a textbook example of the ""angry young man.""",73.0
long way north tout en haut du monde,"Smart and refreshingly free of sentimentality, Long Way North takes viewers on a beautifully animated adventure grounded in fully realized characters and genuine emotion.",98.0
look whos talking,"Look Who's Talking holds some appeal thanks to its affable stars and Amy Heckerling's energetic direction, but a silly script doesn't allow wit to get a word in edgewise.",56.0
looking glass,"Looking Glass gives Nicolas Cage a chance to turn in an atypically understated performance, but this is still a suspense thriller with a fatal dearth of suspense or thrills.",21.0
the lord of the rings,"Ralph Bakshi's valiant attempt at rendering Tolkein's magnum opus in rotoscope never lives up to the grandeur of its source material, with a compressed running time that flattens the sweeping story and experimental animation that is more bizarre than magical.",52.0
lore,"Newcomer Saskia Rosendahl gives an astonishingly assured performance in the title role, and director Cate Shortland establishes a delicate, disturbingly ominous tone in the powerful World War II drama Lore.",94.0
lorenzos oil,"A harrowing tribute to the heroism of parental love, Lorenzo's Oil is kept from abject misery by George Miller's sensitive direction and outstanding performances from Nick Nolte and Susan Sarandon.",92.0
the lost boys,"Flawed but eminently watchable, Joel Schumacher's teen vampire thriller blends horror, humor, and plenty of visual style with standout performances from a cast full of young 1980s stars.",76.0
lost highway,"Marking a further escalation in David Lynch's surrealist style, Lost Highway is a foreboding mystery that arguably leads to a dead end, although it is signposted throughout with some of the director's most haunting images yet.",61.0
lost in la mancha,"A remarkable behind-the-scenes look at a movie that wasn't, Lost in La Mancha is an incisive, entertaining document of the difficulties inherent in the moviemaking process.",94.0
lost river,"Lost River suggests that debuting writer-director Ryan Gosling may have a bright future as a filmmaker, but it doesn't hold together well enough to recommend on its own merit.",31.0
the lost weekend,"Director Billy Wilder's unflinchingly honest look at the effects of alcoholism may have had some of its impact blunted by time, but it remains a powerful and remarkably prescient film.",97.0
the lost world jurassic park,"The Lost World demonstrates how far CG effects have come in the four years since Jurassic Park; unfortunately, it also proves how difficult it can be to put together a truly compelling sequel.",53.0
loudquietloud a film about the pixies,"Although it'll be primarily of interest to longtime fans, LoudQUIETloud: A Film About the Pixies also serves as a decent introduction to the band's music and enduring appeal.",68.0
love and death,"Woody Allen plunks his neurotic persona into a Tolstoy pastiche and yields one of his funniest films, brimming with slapstick ingenuity and a literary inquiry into subjects as momentous as Love and Death.",100.0
love gilda,"Love, Gilda pays gentle, unequivocal tribute to its subject with more than enough of her genuine spirit to compensate for a lack of critical distance or truly fresh insight.",88.0
love is strange,"Held aloft by remarkable performances from John Lithgow and Alfred Molina, Love Is Strange serves as a graceful tribute to the beauty of commitment in the face of adversity.",93.0
love simon,"Love, Simon hits its coming-of-age beats more deftly than many entries in this well-traveled genre -- and represents an overdue, if not entirely successful, milestone of inclusion.",91.0
love the coopers,"Love the Coopers has a talented cast and a uniquely bittersweet blend of holiday cheer in its better moments, but they're all let down by a script content to settle for cloying smarm.",18.0
loving,"Loving takes an understated approach to telling a painful -- and still relevant -- real-life tale, with sensitive performances breathing additional life into a superlative historical drama.",89.0
lu over the wall yoake tsugeru rû no uta,"Lu Over the Wall can be more fun to watch than to follow, but director Masaaki Yuasa's distinctive visual style offers colorful compensation for an occasionally scattered story.",78.0
lucky numbers,"Nora Ephron's attempt at dark comedy is an uneven product, both in terms of the direction and the acting. The characters are unlikable to the point where you don't care what happens to them, and Ephron condescends to the material.",22.0
m butterfly,"David Cronenberg reins in his provocative sensibility and handles delicate material with restraint, yielding a disappointing adaptation that flattens M. Butterfly into a tedious soap opera.",43.0
macbeth,"Faithful to the source material without sacrificing its own cinematic flair, Justin Kurzel's Macbeth rises on the strength of a mesmerizing Michael Fassbender performance to join the upper echelon of big-screen Shakespeare adaptations.",80.0
mad max,"Staging the improbable car stunts and crashes to perfection, director George Miller succeeds completely in bringing the violent, post-apocalyptic world of Mad Max to visceral life.",90.0
madagascar,"Though its story is problematic in spots and its humor is hit-or-miss for the adult crowd, Madagascar boasts impressive visuals and enough spunky charm to keep children entertained.",54.0
the madness of king george,"Thanks largely to stellar all-around performances from a talented cast, The Madness of King George is a funny, entertaining, and immensely likable adaptation of the eponymous stage production.",93.0
magic mike xxl,"Magic Mike XXL has enough narrative thrust and beefy charm to deliver another helping of well-oiled entertainment, even if this sequel isn't quite as pleasurable as its predecessor.",65.0
magician the astonishing life and work of orson welles,"It may not quite live up to the superlative in its title, but Magician: The Astonishing Life and Work of Orson Welles serves as a passable primer for those seeking an introduction to the legendary filmmaker.",73.0
major league,"Major League may be predictable and formulaic, but buoyed by the script's light, silly humor -- not to mention the well-built sports action sequences and funny performances.",83.0
mala noche,"Mala Noche is a raw and gritty portrait of desire, doomed romance, and rejection -- and marks debuting director Gus Van Sant as a filmmaker with a gratifyingly personal touch.",96.0
man of tai chi,"It may not be groundbreaking, but Man of Tai Chi represents an agreeably old-fashioned picture for martial arts fans -- and a solid debut for first-time director Keanu Reeves.",70.0
man of the year,"Weakened by second-half attempts at thriller and romance, this presidential comedy also fails to hit any sharp political notes, resulting in a confused and unsatisfying mess.",22.0
the man who shot liberty valance,"Featuring a trio of classic leading men and a rich story captured by a director at the peak of his craft, The Man Who Shot Liberty Valance is one of the finest Westerns ever filmed.",94.0
man with a movie camera,"Groundbreaking in its exploration of the medium, Man with a Movie Camera is proof that cinema in and of itself can be a source of grand entertainment and sociological value.",97.0
mandela long walk to freedom,"It might be too respectful to truly soar, but there's no denying Idris Elba's impressive work in Mandela: Long Walk to Freedom -- or the inspirational power of the life it depicts.",61.0
manufactured landscapes,"Manufactured Landscapes leaves the work of drawing conclusions mostly to the viewer, although the imagery makes director Jennifer Baichwal's arguments well enough on its own.",84.0
marathon man,"Marathon Man runs the gamut from patient mystery to pulse-pounding thriller, aided by Laurence Oliver's coldly terrifying performance and a brainy script by William Goldman.",81.0
mars attacks,Tim Burton's alien invasion spoof faithfully recreates the wooden characters and schlocky story of cheesy '50s sci-fi and Ed Wood movies -- perhaps a little too faithfully for audiences.,54.0
marvels the avengers,"Thanks to a script that emphasizes its heroes' humanity and a wealth of superpowered set pieces, The Avengers lives up to its hype and raises the bar for Marvel at the movies.",92.0
mary shelley,"Mary Shelley smooths out its subject's fascinating life and fails to communicate the spark of her classic work, undermining fine period detail and a solid Elle Fanning performance.",38.0
masters of the universe,"Masters of the Universe is a slapdash adaptation of the He-Man mythos that can't overcome its cynical lack of raison d'etre, no matter how admirably Frank Langella throws himself into the role of Skeletor.",17.0
maudie,Maudie's talented cast -- particularly Sally Hawkins in the title role -- breathe much-needed depth into a story that only skims the surface of a fascinating life and talent.,89.0
max,"Max has good intentions and tries to hearken back to classic family-friendly features, but its disjointed, manipulative plot overwhelms the efforts of its talented human and canine stars.",38.0
maze runner the death cure,"Maze Runner: The Death Cure may offer closure to fans of the franchise, but for anyone who hasn't already been hooked, this bloated final installment is best left unseen.",43.0
mcfarland usa,"Disney's inspirational sports drama formula might be old hat, but McFarland, USA proves it still works -- especially with a talented director and eminently likable star in the mix.",81.0
mean dreams,"Mean Dreams enlivens its familiar premise with rich details, strong performances from a talented cast playing fully realized characters, and sensitive work from director Nathan Morlando.",78.0
mean streets,Mean Streets is a powerful tale of urban sin and guilt that marks Scorsese's arrival as an important cinematic voice and features electrifying performances from Harvey Keitel and Robert De Niro.,95.0
meatballs,"Meatballs is a summer camp comedy with few surprises, but Bill Murray's riffing adds a spark that sets it apart from numerous subpar entries in a frequently uninspired genre.",72.0
meet the parents,"Despite sometimes sitcom-like execution, Meet the Parents is a hilarious look at familial relationships that works mostly because the chemistry between its two leads is so effective.",84.0
meet the patels,"Meet the Patels works on multiple levels, offering an affably entertaining documentary about one man looking for love while posing thoughtful questions about cultural assimilation and modern romance.",87.0
megamind,"It regurgitates plot points from earlier animated efforts, and isn't quite as funny as it should be, but a top-shelf voice cast and strong visuals help make Megamind a pleasant, if unspectacular, diversion.",72.0
melancholia,"Melancholia's dramatic tricks are more obvious than they should be, but this is otherwise a showcase for Kirsten Dunst's acting and for Lars von Trier's profound, visceral vision of depression and destruction.",79.0
menashe,Menashe offers an intriguing look at a culture whose unfamiliarity to many viewers will be rendered irrelevant by the story's universally affecting themes and thoughtful approach.,96.0
the mexican,"Though The Mexican makes a good attempt at originality, its ponderous length makes it wear out its welcome. Also, those looking forward to seeing Roberts and Pitt paired up may end up disappointed, as they are kept apart for most of the movie.",54.0
miami vice,"Miami Vice is beautifully shot but the lead characters lack the charisma of their TV series counterparts, and the underdeveloped story is well below the standards of Michael Mann's better films.",47.0
michael clayton,"Michael Clayton is one of the most sharply scripted films of 2007, with an engrossing premise and faultless acting. Director Tony Gilroy succeeds not only in capturing the audience's attention, but holding it until the credits roll.",91.0
michael collins,"As impressively ambitious as it is satisfyingly impactful, Michael Collins honors its subject's remarkable achievements with a magnetic performance from Liam Neeson in the title role.",77.0
michael jacksons this is it,"While it may not be the definitive concert film (or the insightful backstage look) some will hope for, Michael Jackson's This Is It packs more than enough entertainment value to live up to its ambitious title.",81.0
midnight cowboy,"John Schlesinger's gritty, unrelentingly bleak look at the seedy underbelly of urban American life is undeniably disturbing, but Dustin Hoffman and Jon Voight's performances make it difficult to turn away.",88.0
midnight in the garden of good and evil,"Clint Eastwood's spare directorial style proves an ill fit for this Southern potboiler, which dutifully trudges through its mystery while remaining disinterested in the cultural flourishes that gave its source material its sense of intrigue.",50.0
midnights children,"Though Midnight's Children is beautiful to look at and poignant in spots, its script is too indulgent and Deepa Mehta's direction, though ambitious, fails to bring the story together cohesively.",41.0
mifune the last samurai,"Capturing the breadth of Toshiro Mifune's storied career, if not fully reckoning with the depth of the man, The Last Samurai is a compelling celebration of one of cinema's greatest stars.",83.0
the mighty quinn,"A deft hybrid of laughs, espionage, and music, The Mighty Quinn is a smart, pleasant entertainment that offers an early example of Denzel Washington's onscreen magnetism.",88.0
mike and dave need wedding dates,"Mike and Dave Need Wedding Dates benefits from the screwball premise and the efforts of a game cast, even if the sporadically hilarious results don't quite live up to either.",38.0
mile 22,Mile 22 lets the bullets fly -- and not much else -- in a thrill-deficient action thriller whose title proves sadly fitting for a film that feels close to a marathon endurance test.,23.0
miles ahead,"Miles Ahead is worth watching for Don Cheadle's strong work on both sides of the camera, even if this unconventional biopic doesn't quite capture its subject's timeless appeal.",74.0
millennium actress sennen joyû,The story of an aging movie actress' complicated personal saga unfolds in this sophisticated anime film that deftly blurs memory and make-believe into a meditation on the nature of cinema itself.,93.0
millers crossing,"Though possibly more notable for its distinctive style than an airtight story, this Coen brothers take on the classic gangster flick features sharp dialogue, impressive cinematography, and a typically quirky cast of characters.",92.0
million dollar arm,"Pleasant to a fault, Million Dollar Arm is a middle-of-the-plate pitch that coasts on Jon Hamm's considerable charm without adding any truly original curves to Disney's inspirational sports formula.",65.0
million dollar baby,"Clint Eastwood's assured direction - combined with knockout performances from Hilary Swank and Morgan Freeman - help Million Dollar Baby to transcend its clichés, and the result is deeply heartfelt and moving.",91.0
the last mimzy,"The Last Mimzy makes efforts to be a fun children's movie, but unsuccessfully juggles too many genres and subplots -- eventually settling as an unfocused, slightly dull affair.",55.0
minions,"The Minions' brightly colored brand of gibberish-fueled insanity stretches to feature length in their self-titled Despicable Me spinoff, with uneven but often hilarious results.",55.0
miracle on 34th street,"Irrefutable proof that gentle sentimentalism can be the chief ingredient in a wonderful film, Miracle on 34th Street delivers a warm holiday message without resorting to treacle.",96.0
miracles from heaven,"Miracles from Heaven makes the most out of an outstanding performance from Jennifer Garner, but it isn't quite enough to keep this faith-based drama from preaching to the choir.",45.0
miral,"Miscast and dramatically inert, Miral is a thin chronicle of geopolitical history that offers only shallow insight into the Israeli-Palestinian conflict and characters with even less depth.",17.0
mirror mirror,"Like most of Tarsem Singh's films, Mirror Mirror is undeniably beautiful -- but its treatment of the age-old Snow White fable lacks enough depth or originality to set it apart from the countless other adaptations of the tale.",50.0
miss peregrines home for peculiar children,"Miss Peregrine's Home for Peculiar Children proves a suitable match for Tim Burton's distinctive style, even if it's on stronger footing as a visual experience than a narrative one.",64.0
miss you already,"Miss You Already isn't shy about going for filmgoers' tear ducts, but its solid script and talented cast are often powerful enough to make up for its more manipulative moments.",71.0
mission impossible iii,"Fast-paced, with eye-popping stunts and special effects, the latest Mission: Impossible installment delivers everything an action fan could ask for. A thrilling summer popcorn flick.",71.0
mission impossible fallout,"Fast, sleek, and fun, Mission: Impossible - Fallout lives up to the ""impossible"" part of its name by setting yet another high mark for insane set pieces in a franchise full of them.",97.0
mo better blues,"Mo' Better Blues is rich with vibrant hues and Denzel Washington's impassioned performance, although its straightforward telling lacks the political punch fans expect from a Spike Lee joint.",71.0
moana,"With a title character as three-dimensional as its lush animation and a story that adds fresh depth to Disney's time-tested formula, Moana is truly a family-friendly adventure for the ages.",95.0
mollys game,"Powered by an intriguing story and a pair of outstanding performances from Jessica Chastain and Idris Elba, Molly's Game marks a solid debut for writer-director Aaron Sorkin.",81.0
mommie dearest,"Mommie Dearest certainly doesn't lack for conviction, and neither does Faye Dunaway's legendary performance as a wire-wielding monster; unfortunately, the movie is too campy and undisciplined to transcend guilty pleasure.",49.0
mondays in the sun los lunes al sol,Javier Bardem gives an outstanding performance in this hought-provoking (though occasionally plodding) movie about the effects of unemployment on a group of former shipyard workers.,80.0
money monster,Money Monster's strong cast and solidly written story ride a timely wave of socioeconomic anger that's powerful enough to overcome an occasionally muddled approach to its worthy themes.,59.0
monsieur verdoux,"Charles Chaplin adds an undercurrent of malice to his comedic persona in Monsieur Verdoux, an unsettling satire that subverts the tramp's image to perversely amusing effect.",97.0
monster,"Charlize Theron gives a searing, deglamorized performance as real life serial killer Aileen Wuornos in Monster, an intense, disquieting portrait of a profoundly damaged soul.",81.0
monster family,"Monster Family promises a family-friendly animated monster mash, but succeeds only in delivering a viewing experience so lackluster that parents may find it genuinely frightening.",10.0
monster hunt zhuo yao ji,"This freewheeling adventure may be too daffy for some audiences, but flamboyant creature designs and an irrepressible sense of playfulness make Monster Hunt undeniably fun.",66.0
more than a game,"Though the film may not delve as deep as some would prefer, More Than a Game is an inspiring documentary featuring likable youngsters, a positive message, and some exciting in-game footage.",71.0
mortal engines,"Mortal Engines has no shortage of eye-catching special effects, but lacks enough high-octane narrative fuel to give this futuristic fantasy sufficient cinematic combustion.",26.0
mortal kombat,"Despite an effective otherwordly atmosphere and appropriately cheesy visuals, Mortal Kombat suffers from its poorly constructed plot, laughable dialogue, and subpar acting.",48.0
mortal kombat annihilation,"With its shallow characters, low budget special effects, and mindless fight scenes, Mortal Kombat - Annihilation offers minimal plot development and manages to underachieve the low bar set by its predecessor.",2.0
moscow on the hudson,"With Robin Williams' affecting portrayal as a Russian immigrant at the center of its fish-out-of-water story, Moscow on The Hudson soars with an abundance of laughs and heart.",86.0
mother and child,"Though it occasionally veers into unnecessary melodrama, Mother and Child benefits from a stellar cast and writer-director Rodrigo Garcia's finely detailed, bravely unsentimental script.",78.0
mother of tears the third mother,"As excessive and ketchup laden as predecessors Suspiria and Inferno, Dario Argento's Mother of Tears completes the trilogy with the same baroque grandeur and soggy 1970s sensibilities.",48.0
la moustache,"Though the premise may be modest on the surface, Carrere uses a man and his mustache that may or may not exist as a springboard into psychological suspense and unsettling questions.",86.0
moving midway,"This strange, heartfelt documentary from film critic Godfrey Cheshire is a fascinating examination of his family roots, as well as an evocative meditation on the complexities of the South.",100.0
mowgli legend of the jungle,"Mowgli: Legend of the Jungle brings impressive special effects to bear on the darker side of its classic source material, but loses track of the story's heart along the way.",53.0
mr mrs smith,"Although this action-romance suffers from weak writing and one too many explosions, the chemistry generated by onscreen couple Pitt and Jolie is palpable enough to make this a thoroughly enjoyable summer action flick.",60.0
mr magoo,"Leslie Nielsen's affability can't save this dunderheaded update of Mr. Magoo, which delivers a stream of slapstick gags so lame that audiences will feel like they've stepped on a rake.",7.0
mr nobody,"Mr. Nobody's narrative tangles may bedevil as much as they entertain, but its big ambitions and absorbing visuals make for an intriguing addition to director Jaco Van Dormael's filmography.",68.0
mr saturday night,"Billy Crystal's flawed directorial debut can't seem to decide whether it wants the viewer to love its protagonist or hate him, but it features fine work from Crystal and his co-stars.",58.0
mr wrong,"A mean-spirited joke without a punchline, Mr. Wrong is so painfully unfunny that Ellen DeGeneres and Bill Pullman's lack of chemistry feels like a total drag despite being the point.",7.0
mrs brown,"Thanks to some top notch acting, the chemistry between its stars, and a witty, thoughtful script, Mrs. Brown delivers a nuanced and entertaining, if not entirely factual, account of a seldom explored historical relationship.",92.0
mrs hyde madame hyde,"Madame Hyde has a handful of interesting ideas and a typically radiant performance from Isabelle Huppert, although it's all still a little less than the sum of its parts.",58.0
much ado about nothing,"Lighthearted to a fault, Much Ado About Nothing's giddy energy and intimate charm make for an entertaining romantic comedy -- and a Shakespearean adaptation that's hard to resist.",86.0
mud,"Bolstered by a strong performance from Matthew McConaughey in the title role, Mud offers an engaging Southern drama that manages to stay sweet and heartwarming without being sappy.",97.0
mugabe and the white african,"As much legal thriller as objective documentary, this account of a farmer's battle with Zimbabwe's regime serves as a powerful and emotional attack upon President Mugabe.",97.0
mulholland drive,David Lynch's dreamlike and mysterious Mulholland Drive is a twisty neo-noir with an unconventional structure that features a mesmirizing performance from Naomi Watts as a woman on the dark fringes of Hollywood.,83.0
munich,"Munich can't quite achieve its lofty goals, but this thrilling, politically even-handed look at the fallout from an intractable political conflict is still well worth watching.",78.0
the muppet christmas carol,"It may not be the finest version of Charles Dickens' tale to grace the screen, but The Muppet Christmas Carol is funny and heartwarming, and serves as a good introduction to the story for young viewers.",76.0
muppet treasure island,"Though less Muppet-centric than the original trilogy, Muppet Treasure Island is an energetic, cheerful take on Robert Louis Stevenson's classic adventure, with typically solid gags.",73.0
muppets from space,"If Muppets from Space lacks the magic and wit of its cinematic predecessors, this pleasingly silly space romp is funny and clever enough to make for better-than-average family entertainment.",63.0
muppets most wanted,"While it may not reach the delirious heights of The Muppets, Muppets Most Wanted still packs in enough clever gags, catchy songs, and celebrity cameos to satisfy fans of all ages.",80.0
the muppets take manhattan,"If it's not quite as sharp as The Muppet Movie, The Muppets Take Manhattan is still a smart, delightfully old-fashioned tale that follows the formula established by the first two movies -- a madcap adventure assisted by a huge group of human stars.",83.0
murder on the orient express,"Murder, intrigue, and a star-studded cast make this stylish production of Murder on the Orient Express one of the best Agatha Christie adaptations to see the silver screen.",90.0
murder on the orient express,"Stylish production and an all-star ensemble keep this Murder on the Orient Express from running off the rails, even if it never quite builds up to its classic predecessor's illustrious head of steam.",61.0
muscle shoals,"Essential for soul fans and entertaining for novices, Muscle Shoals offers a compelling, warts-and-all glimpse at one of the most fascinating stories in modern American music.",97.0
music and lyrics,Music & Lyrics is a light and pleasant romantic comedy that succeeds because of the considerable charm of its co-stars. The music segments featuring Hugh Grant are worth the price of admission.,63.0
music from the inside out,"Music from the Inside Out lets the act of making music -- and the work that goes into it -- speak for itself, offering an engaging look at the life of an orchestra member along the way.",82.0
mute,"Visually polished but narratively derivative and overall muddled, Mute is a would-be sci-fi epic whose title serves as an unfortunate guide to how it might be best enjoyed.",21.0
my big fat greek wedding,"Though it sometimes feels like a television sitcom, My Big Fat Greek Wedding is good-hearted, lovable, and delightfully eccentric, with a sharp script and lead performance from Nia Vardalos.",76.0
my big fat greek wedding 2,"My Big Fat Greek Wedding 2 is as sweet and harmless as the original, but its collection of sitcom gags and stereotypes never coalesces into anything resembling a story with a purpose.",27.0
my date with drew,"A love-it-or-hate-it stalkerazzi documentary, My Date With Drew effectively draws on America's celeb-obsessed pop culture so that viewers either unabashedly identify with it, or are filing restraining orders on Drew Barrymore's behalf.",71.0
my dinner with hervé,"My Dinner with Hervé offers a standard narrative on celebrity and infamy, but formidable performances by Peter Dinklage and Jamie Dornan find the dimensionality and pathos of Hervé Villechaize the man.",83.0
my dog skip,"Critics say My Dog Skip is cute, wholesome entertainment for the family. It's especially designed to appeal to your sentiment, but you might find yourself choking up just the same.",73.0
my entire high school sinking into the sea,My Entire High School Sinking Into the Sea's attention-getting visual style matches debuting writer-director Dash Shaw's distinctive narrative approach -- and signals a bright future for a promising talent.,85.0
my journey through french cinema voyage à travers le cinéma français,"Bertrand Tavernier is an engaging guide through this Journey Through French Cinema, curating a revelatory tour through his homeland's film history with a personal touch that will delight movie fans and the culturally curious alike.",100.0
my kid could paint that,Director Amir Bar-Lev grapples with exposing the authenticity of four-year-old Marla's paintings at the sake of burdening her publicly shamed family to transfixing results.,94.0
my own private idaho,"A tantalizing glimpse of a talented director and his stars all at the top of their respective games, Gus Van Sant's loose reworking of Henry IV is smart, sad and audacious.",80.0
my son my son what have ye done,"Enigmatic and digressive, this mystical potboiler possesses director Werner Herzog's penchant for offbeat atmosphere, but lacks the absurdist humor and profundity that makes his previous trips into madness compelling.",49.0
mysteries of lisbon,"Mysteries of Lisbon achieves an epic heft through an unhurried pace and lush photography, its beguiling episodes culminating in an impressive whole that justifies a lengthy runtime.",86.0
the mysteries of pittsburgh,"A listless interpretation of Michael Chabon's first novel, Mysteries of Pittsburgh features none of the source material's charm, but has coming-of-age film cliches in abundance.",12.0
mystery road,Mystery Road evokes classic Westerns while using its Australian outback setting to delve into a surprisingly layered -- and powerfully impactful -- array of social issues.,92.0
nacho libre,"At times hilarious, but other times offensive, Director Jared Hess is unable to recapture the collective charisma of his Napoleon characters, instead relying on a one-joke concept that runs out of steam. Sure to entertain the adolescents, however.",40.0
nancy drew,"Emma Roberts is bubbly and charming as Nancy Drew, the junior detective. But despite her best efforts, Nancy Drew still lacks excitement, surprise, and compelling secondary characters.",50.0
national lampoons animal house,"The talents of director John Landis and Saturday Night Live's irrepressible John Belushi conspired to create a rambunctious, subversive college comedy that continues to resonate.",90.0
national lampoons vacation,"Blessed by a brilliantly befuddled star turn from Chevy Chase, National Lampoon's Vacation is one of the more consistent -- and thoroughly quotable -- screwball comedies of the 1980s.",93.0
national velvet,"National Velvet makes the most of a breakout performance from Elizabeth Taylor, delivering a timeless family-friendly tearjerker that avoids straying into the sentimental.",100.0
natural born killers,"Natural Born Killers explodes off the screen with style, but its satire is too blunt to offer any fresh insight into celebrity or crime -- pummeling the audience with depravity until the effect becomes deadening.",48.0
nerve,"Nerve's fast pace and charming leads help overcome a number of fundamental flaws, adding up to a teen-friendly thriller with enough energy to occasionally offset its muddled execution.",67.0
network,"Driven by populist fury and elevated by strong direction, powerful acting, and an intelligent script, Network's searing satire of ratings-driven news remains sadly relevant more than four decades later.",91.0
never apologize a personal visit with lindsay anderson,"Essentially a stage production of Malcolm Macdowell musing over his departed friend, and brit director Lindsey Anderson. Macdowell makes for an engaging raconteur, but only for Anderson fans.",67.0
never let me go,"With Never Let Me Go, Mark Romanek has delivered a graceful adaptation that captures the spirit of the Ishiguro novel -- which will be precisely the problem for some viewers.",70.0
never say never again,"While the rehashed story feels rather uninspired and unnecessary, the return of both Sean Connery and a more understated Bond make Never Say Never Again a watchable retread.",67.0
the next karate kid,"The Next Karate Kid is noteworthy for giving audiences the chance to see a pre-Oscars Hilary Swank, but other than a typically solid performance from Pat Morita, this unnecessary fourth installment in the franchise has very little to offer.",7.0
the next three days,"Russell Crowe and Elizabeth Banks give it their all, but their solid performances aren't quite enough to compensate for The Next Three Days' uneven pace and implausible plot.",50.0
nick of time,"It isn't the worst '90s action thriller, but by bungling a story pitting Johnny Depp against Christopher Walken, the rote Nick of Time ranks among the most disappointing.",32.0
night at the museum,"Parents might call this either a spectacle-filled adventure or a shallow and vapid CG-fest, depending on whether they choose to embrace this on the same level as their kids.",43.0
night at the museum 2 battle of the smithsonian,Night at the Museum: Battle at the Smithsonian is busy enough to keep the kids interested but the slapstick goes overboard and the special effects (however well executed) throw the production into mania.,45.0
night comes on,"Steadily drawing viewers into its harrowing tale with equal parts grim intensity and startling compassion, Night Comes On heralds the arrivals of debuting director Jordan Spiro and her magnetic young stars.",98.0
night moves,"A uniquely character-driven thriller with a finely composed cast and some outstanding direction from Kelly Reichardt, Night Moves bolsters its thought-provoking themes with compelling drama.",86.0
il portiere di notte the night porter,"The Night Porter's salaciousness gives its exploration of historical trauma a bitter aftertaste, but audiences seeking provocation are unlikely to forget the sting of this erotic drama.",64.0
night watch,"This Russian horror/fantasy film pits darkness and light against each other using snazzy CGI visuals to create an extraordinary atmosphere of a dank, gloomy city wrestling with dread.",60.0
a nightmare on elm street,"Visually faithful but lacking the depth and subversive twists that made the original so memorable, the Nightmare on Elm Street remake lives up to its title in the worst possible way.",15.0
nights in rodanthe,"Derivative and schmaltzy, Nicholas Sparks' Nights in Rodanthe is strongly mottled by contrivances that even the charisma of stars Diane Lane and Richard Gere can't repair.",31.0
nights of cabiria le notti di cabiria,Giulietta Masina is remarkable as a chronically unfortunate wretch with an indomitable spirit in Federico Fellini's unrelentingly bleak -- yet ultimately uplifting -- odyssey through heartbreak.,97.0
the ninth gate,"Even though the film is stylish and atmospheric, critics say The Ninth Gate meanders aimlessly and is often ludicrous. And despite the advertising, there's hardly any chills.",43.0
nixon,"Much like its subject's time in office, Nixon might have ended sooner -- but what remains is an engrossing, well-acted look at the rise and fall of a fascinating political figure.",74.0
no country for old men,"Bolstered by powerful lead performances from Javier Bardem, Josh Brolin, and Tommy Lee Jones, No Country for Old Men finds the Coen brothers spinning cinematic gold out of Cormac McCarthy's grim, darkly funny novel.",93.0
no end in sight,"Charles Ferguson's documentary provides a good summary of the decisions that led to the mess in post-war Iraq, and offers politically interested audiences something they'd been looking for: a lowdown on the decision making.",96.0
no no a dockumentary,"While taking full advantage of its subject's colorful baseball career, No No: A Dockumentary also imparts broader, thought-provoking messages that should resonate with viewers who aren't sports fans.",97.0
no one knows about persian cats les chats persans,"Bringing a dose of humor and a fresh perspective to a very serious subject, No One Knows About Persian Cats is an exhilarating, quietly powerful tribute to the courage of Iran's underground musicians.",95.0
no strings attached,"It benefits from the presence of Natalie Portman and director Ivan Reitman's steady hand, but No Strings Attached doesn't have the courage or conviction to follow through on its ribald premise.",49.0
noah,"With sweeping visuals grounded by strong performances in service of a timeless tale told on a human scale, Darren Aronofsky's Noah brings the Bible epic into the 21st century.",76.0
nobodys fool,Nobody's Fool has a pair of strong leads and a smattering of scenes that highlight Tiffany Haddish's talents -- all of which only make the uninspired end results more frustrating.,24.0
nonstop,"While Liam Neeson is undoubtedly an asset, Non-Stop wastes its cast -- not to mention its solid premise and tense setup -- on a poorly conceived story that hinges on a thoroughly unbelievable final act.",62.0
norbit,"Coming off his Oscar-nominated performance in Dreamgirls, the talented-but-inconsistent Eddie Murphy plays three roles in Norbit, a cruel, crass, stereotype-filled comedy that's more depressing than funny.",9.0
norm of the north,"A pioneering feat in the field of twerking polar bear animation but blearily retrograde in every other respect, Norm of the North should only be screened in case of parental emergency.",9.0
north dallas forty,"Muddled overall, but perceptive and brutally realistic, North Dallas Forty also benefits from strong performances by Nick Nolte and Charles Durning. Football fans will likely find it fascinating.",84.0
nosferatu a symphony of horror nosferatu eine symphonie des grauens nosferatu the vampire,"One of the silent era's most influential masterpieces, Nosferatu's eerie, gothic feel -- and a chilling performance from Max Schreck as the vampire -- set the template for the horror films that followed.",97.0
not another teen movie,"NATM has some funny moments, but the movie requires the audience to have familiarity with the movies being spoofed and a tolerance for toilet and sexual humor to be truly effective.",29.0
nutty professor ii the klumps,"While Eddie Murphy is still hilarious as the entire Klump family, the movie falls apart because of uneven pacing, a poor script, and skits that rely on being gross rather than funny.",26.0
the object of my affection,"Despite heartfelt performances from Jennifer Aniston and Paul Rudd, The Object of My Affection suffers from too many plot contrivances and frequent turns into rom-com sappiness.",52.0
oceans 8,"Ocean's 8 isn't quite as smooth as its predecessors, but still has enough cast chemistry and flair to lift the price of a ticket from filmgoers up for an undemanding caper.",69.0
october sky,"Rich in sweet sincerity, intelligence, and good old-fashioned inspirational drama, October Sky is a coming-of-age story with a heart to match its Hollywood craftsmanship.",91.0
oculus,"With an emphasis on dread over gore and an ending that leaves the door wide open for sequels, Oculus could be just the first spine-tingling chapter in a new franchise for discerning horror fans.",74.0
office christmas party,"Its cast of gifted comics is good for a handful of laughs, but Office Christmas Party's overstuffed plot ultimately proves roughly as disappointing as its clichéd gags and forced sentimentality.",41.0
okja,Okja sees Bong Joon-ho continuing to create defiantly eclectic entertainment -- and still hitting more than enough of his narrative targets in the midst of a tricky tonal juggling act.,86.0
old yeller,"Old Yeller is an exemplary coming of age tale, packing an emotional wallop through smart pacing and a keen understanding of the elemental bonding between humanity and their furry best friends.",100.0
oliver company,"Predictable and stodgy, Oliver & Company isn't one of Disney's best, though its colorful cast of characters may be enough to entertain young viewers looking for a little adventure.",50.0
oliver twist,"David Lean brings the grimy beauty of Charles Dickens' Victorian England to vivid cinematic life in Oliver Twist, a marvelous adaptation that benefits from Guy Green's haunting cinematography and Alec Guinness' off-kilter performance.",100.0
olympus has fallen,"It's far from original, but Olympus Has Fallen benefits from Antoine Fuqua's tense direction and a strong performance from Gerard Butler -- which might just be enough for action junkies.",49.0
on her majestys secret service,"George Lazenby's only appearance as 007 is a fine entry in the series, featuring one of the most intriguing Bond girls in Tracy di Vincenzo (Diana Rigg), breathtaking visuals, and some great ski chases.",81.0
on the basis of sex,"On the Basis of Sex is nowhere near as groundbreaking as its real-life subject, but her extraordinary life makes a solid case for itself as an inspirational, well-acted biopic.",73.0
on the beach at night alone bamui haebyuneoseo honja,On the Beach at Night Alone finds writer-director Sang-soo Hong working in a more personal vein -- without losing the singular sensibilities that have informed much of his acclaimed earlier work.,92.0
on the waterfront,"With his electrifying performance in Elia Kazan's thought-provoking, expertly constructed melodrama, Marlon Brando redefined the possibilities of acting for film and helped permanently alter the cinematic landscape.",99.0
once in the life,Once in a Life is a promising directorial effort by Laurence Fishburne. But the story is too conventional and similar to the many ghetto action/dramas that come before it.,28.0
once upon a forest,Inert animation and generically chipper characters rob Once Upon a Forest of any personality despite its well-intentioned message and critter appeal for very young children.,22.0
once upon a time in america,"Sergio Leone's epic crime drama is visually stunning, stylistically bold, and emotionally haunting, and filled with great performances from the likes of Robert De Niro and James Woods.",87.0
once upon a time in venice,"Once Upon a Time in Venice has a little more of a spark than typical late-period Bruce Willis tough guy movies, but it's still a steep, disappointing tumble from his best work.",21.0
one flew over the cuckoos nest,The onscreen battle between Jack Nicholson and Louise Fletcher serves as a personal microcosm of the culture wars of the 1970s -- and testament to the director's vision that the film retains its power more than three decades later.,94.0
one from the heart,"One from the Heart belies its reputation as a flop with Francis Ford Coppola's earnest intentions and technical virtuosity, but not even the director's ardor for the genre is enough to make audiences feel much for these characters.",52.0
ongbak ong bak muay thai warrior,"While Ong-Bak: The Thai Warrior may be no great shakes as a movie, critics are hailing the emergence of a new star in Tony Jaa, whose athletic performance is drawing comparisons with Bruce Lee, Jackie Chan, and Jet Li.",85.0
only god forgives,"Director Refn remains as visually stylish as ever, but Only God Forgives fails to add enough narrative smarts or relatable characters to ground its beautifully filmed depravity.",41.0
only lovers left alive,"Worth watching for Tom Hiddleston and Tilda Swinton's performances alone, Only Lovers Left Alive finds writer-director Jim Jarmusch adding a typically offbeat entry to the vampire genre.",85.0
onward,"It may suffer in comparison to Pixar's classics, but Onward makes effective use of the studio's formula -- and stands on its own merits as a funny, heartwarming, dazzlingly animated adventure.",88.0
open city,Open City fills in the familiar contours of its storyline with three-dimensional characters and a narrative depth that add up to a towering -- and still powerfully resonant -- cinematic achievement.,100.0
opening night,"Opening Night is as dense and difficult as one would expect from John Cassavetes, but even the director's detractors will be unable to deny the power of Gena Rowlands' performance.",96.0
operation finale,"Operation Finale is well-intentioned, well-acted, and overall entertaining, even if the depth and complexity of the real-life events depicted can get a little lost in their dramatization.",60.0
the opposite of sex,The Opposite of Sex smartly lightens a bitter story with sharp insights and strong dialogue - as well as a startlingly mature performance from former child actor Christina Ricci.,80.0
oranges and sunshine,"Grounded in a heartwrenching fact-based story, steered by Loach's sensitive direction, and led by a powerful performance from Watson, Oranges and Sunshine sidesteps its pacing problems and occasionally clichéd screenplay.",69.0
orgazmo,"More juvenile than provocative, Orgazmo may have enough good-natured raunch to satisfy writer-director Trey Parker's fans, but its satire is too soft to compete with the South Park co-creator's best work.",48.0
oss 117 rio ne répond plus lost in rio,"Led by another appealing performance from Jean Dujardin, this sequel offers more absurdly fun action -- and more politically incorrect humor -- for fans of '60s spy films.",75.0
the other guys,"A clever parody of cop-buddy action-comedies, The Other Guys delivers several impressive action set pieces and lots of big laughs, thanks to the assured comic chemistry between Will Ferrell and Mark Wahlberg.",78.0
ouija origin of evil,Ouija: Origin of Evil swerves its franchise's planchette unexpectedly to YES with a surprisingly scary and dramatically satisfying follow-up to its lackluster predecessor.,82.0
our brand is crisis,"Riveting and enraging, Our Brand Is Crisis peers behind the curtain of modern political campaigning and reveals a story that should be seen by citizens of all persuasions.",93.0
our brand is crisis,"Our Brand Is Crisis offers sporadic amusement and benefits from a talented cast, but ultimately lacks enough of a bite to add much of interest to the political satire genre.",36.0
our kind of traitor,Our Kind of Traitor relies on solid writing and acting rather than action to deliver its spy-movie thrills -- and thankfully has the pedigree to pull it off on both fronts.,72.0
our nixon,"Our Nixon offers a privileged personal perspective on a White House soon to be derailed by scandal, giving viewers an intimate look at the people behind the political legend.",91.0
out of africa,"Though lensed with stunning cinematography and featuring a pair of winning performances from Meryl Streep and Robert Redford, Out of Africa suffers from excessive length and glacial pacing.",59.0
the outlaw josey wales,"Recreating the essence of his iconic Man With No Name in a post-Civil War Western, director Clint Eastwood delivered the first of his great revisionist works of the genre.",90.0
overboard,Overboard makes poor use of the ever-charming Anna Faris -- and chooses questionable source material -- to offer a remake that fails to clear the fairly low bar set by the original.,24.0
oz the great and powerful,"It suffers from some tonal inconsistency and a deflated sense of wonder, but Oz the Great and Powerful still packs enough visual dazzle and clever wit to be entertaining in its own right.",57.0
pacific rim uprising,"Pacific Rim Uprising won't win any points for subtlety or originality, but it delivers enough of the rock 'em-sock 'em robots-vs.-kaiju thrills that fans of the original will be looking for.",43.0
paddington 2,Paddington 2 honors its star's rich legacy with a sweet-natured sequel whose adorable visuals are matched by a story perfectly balanced between heartwarming family fare and purely enjoyable all-ages adventure.,100.0
paddington,"Paddington brings a beloved children's character into the 21st century without sacrificing his essential charm, delivering a family-friendly adventure as irresistibly cuddly as its star.",98.0
the painted veil,"Visually, The Painted Veil has all the trappings of a stuffy period drama, but Norton's and Watts's deft portrayals of imperfect, complicated characters give the film a modern-day spark.",74.0
pale rider,"Nearly a decade after The Outlaw Josey Wales, Clint Eastwood returns as a director to the genre that made his name with this elegant, spiritual Western that riffs on the classic Shane.",93.0
paper towns,"Paper Towns isn't as deep or moving as it wants to be, yet it's still earnest, well-acted, and thoughtful enough to earn a place in the hearts of teen filmgoers of all ages.",58.0
paper clips,"A touching, though somewhat flat, documentary that follows a homogenous class of white Protestant eighth graders as they learn the importance of tolerance by erecting a monument to the 6 million victims of the Holocaust.",72.0
paradise,Paradise rounds up an impressive array of talent on either side of the camera -- all of whom would presumably prefer that audiences forget their involvement in this misfire.,22.0
the parallax view,The Parallax View blends deft direction from Alan J. Pakula and a charismatic Warren Beatty performance to create a paranoid political thriller that stands with the genre's best.,90.0
paranoid park,"Director Gus Van Sant once again superbly captures the ins and outs of teenage life in Paranoid Park, a quietly devastating portrait of a young man living with guilt and anxiety.",77.0
paranormal activity 3,"While the jolts and thrills are undeniably subject to the diminishing returns that plague most horror sequels, Paranormal Activity 3 is a surprisingly spine-tingling treat.",66.0
paranormal activity 4,"While it does manage to wring a few more screams out of the franchise's surprisingly durable premise, Paranormal Activity 4 provides fans of the series with dismayingly diminishing returns.",23.0
paranormal activity the marked ones,"A change of setting breathes some new life into the franchise, but Paranormal Activity: The Marked Ones fails to provide enough consistent thrills to justify a fifth film in the series.",39.0
pariah,"Pulsing with authenticity and led by a stirring lead performance from Adepero Oduye, Pariah is a powerful coming out/coming-of-age film that signals the arrival of a fresh new talent in writer/director Dee Rees.",95.0
parkland,"Although its decision to look at John F. Kennedy's assassination through uncommon perspectives is refreshing, Parkland never achieves the narrative cohesion its subject deserves.",50.0
particle fever,"The concepts behind its heady subject matter may fly over the heads of most viewers, but Particle Fever presents it in such a way that even the least science-inclined viewers will find themselves enraptured.",96.0
a passage to india,"A Passage to India is a visually striking exploration of colonialism and prejudice, although it doesn't achieve the thematic breadth of director David Lean's finest work.",76.0
passion,"For better as well as worse, Passion is vintage De Palma sexploitation -- although with a storyline sillier than most, it fails to generate as much heat as his steamiest work.",33.0
pat garrett billy the kid,"Sam Peckinpah tips his hat in mournful salute to the bygone West in this somber showdown, pitting a James Coburn against Kris Kristofferson in a meditative game of cat and mouse.",86.0
path to war,Path to War brings Lyndon B. Johnson's full term to vivid life with terrific performances and a screenplay that provides an intimate look into a president's psyche along with the far-reaching consequences of his decisions.,100.0
patriot games,"Patriot Games doesn't win many points for verisimilitude, but some entertaining set pieces -- and Harrison Ford in the central role -- more than compensate for its flaws.",73.0
patton,"George C. Scott's sympathetic, unflinching portrayal of the titular general in this sprawling epic is as definitive as any performance in the history of American biopics.",94.0
paul apostle of christ,"Paul, Apostle of Christ proves a well-intentioned yet disappointingly diffuse interpretation of a Bible story whose flashes of potential never come close to living up to the source material.",46.0
peaceful warrior,"Based on a best-selling memoir, Peaceful Warrior loses something in the transition from page to screen. It hits the viewer over the head with philosophical jargon, and ultimately fails to live up to its source material.",25.0
the pelican brief,"Julia Roberts and Denzel Washington are a compelling team in the overlong Pelican Brief, a pulpy thriller that doesn't quite justify the intellectual remove of Alan J. Pakula's direction.",53.0
people places things,People Places Things finds writer-director Jim Strouse in peak form -- and makes the most of talented stars who help breathe fresh life into familiar narrative territory.,76.0
the people under the stairs,"Held aloft by gonzo black comedy and socially conscious subtext, The People Under The Stairs marks a unique -- though wildly uneven -- change of pace for director Wes Craven.",66.0
peoples republic of desire,People's Republic of Desire fascinates and repels in equal measure with a sadly illuminating look at the intersection between technology and our relationship with celebrity.,97.0
the perfect storm,"While the special effects are well done and quite impressive, this film suffers from any actual drama or characterization. The end result is a film that offers nifty eye-candy and nothing else.",47.0
a perfect world,"Despite some formulaic touches, Clint Eastwood's haunting, ambiguous crime drama is smart and gritty, and features a bravura performance from Kevin Costner as a prison escapee on the run.",79.0
performance,"Performance is an exuberant and grimy ode to the sexual revolution, evoking cultural upheaval and identity crisis with rock 'n' roll verve and a beguiling turn by Mick Jagger.",85.0
perfume the story of a murderer,"Perfume is what you'd expect from a Tom Twyker-directed movie glamorizing a serial killer: a kinetic visual feast, with a dark antihero that's impossible to feel sympathy for.",59.0
the pest,"The Pest aims for zany comedy with social commentary, misses, and lands squarely at offensive misfire thanks to John Leguizamo's over-caffeinated performance and a script laden with stereotypes.",8.0
peter rabbit,Peter Rabbit updates Beatrix Potter's classic characters with colorfully agreeable results that should entertain younger viewers while admittedly risking the wrath of purists.,63.0
petes dragon,"Pete's Dragon continues Disney's current live-action winning streak with an update that gives the original a visual overhaul without overwhelming its sweet, soulful charm.",88.0
phantom,"A cast of solid actors do what they can to elevate the material, but Phantom's script is too clunky and devoid of tension to bear comparison to its thematic predecessors.",25.0
the phantom of the opera,"The music of the night has hit something of a sour note: Critics are calling the screen adaptation of Andrew Lloyd Webber's popular musical histrionic, boring, and lacking in both romance and danger. Still, some have praised the film for its sheer spectacle.",33.0
phantom of the paradise,"Brian De Palma's subversive streak is on full display in Phantom of the Paradise, an ebullient rock opera that rhapsodizes creativity when it isn't seething with disdain for the music industry.",85.0
phantom thread,"Phantom Thread's finely woven narrative is filled out nicely by humor, intoxicating romantic tension, and yet another impressively committed performance from Daniel Day-Lewis.",91.0
philadelphia,"Philadelphia indulges in some unfortunate clichés in its quest to impart a meaningful message, but its stellar cast and sensitive direction are more than enough to compensate.",80.0
philomena,"Based on a powerful true story and led by note-perfect performances from Judi Dench and Steve Coogan, Philomena offers a profoundly affecting drama for adult filmgoers of all ages.",90.0
ping pong playa,"A gentle, light, kid friendly comedy about a Chinese-American hoopster turned ping pong pro, Playa is a charming but considerable digression from director Jessica Yu's previous works.",64.0
pinocchio,"Ambitious, adventurous, and sometimes frightening, Pinocchio arguably represents the pinnacle of Disney's collected works -- it's beautifully crafted and emotionally resonant.",100.0
pirates of the caribbean dead men tell no tales,Pirates of the Caribbean: Dead Men Tell No Tales proves that neither a change in directors nor an undead Javier Bardem is enough to drain this sinking franchise's murky bilge.,29.0
a place in the sun,"Director George Stevens' stately treatment of A Place in the Sun buffs out some of the novel's nuance with blunt moralizing, but riveting performances by Montgomery Clift and company give the drama a bruising punch.",77.0
places in the heart,"Places in the Heart is a quiet character piece with grand ambitions that it more than fulfills, thanks to absorbing work from writer-director Robert Benton and a tremendous cast.",89.0
plan 9 from outer space,"The epitome of so-bad-it's-good cinema, Plan 9 From Outer Space is an unintentionally hilarious sci-fi ""thriller"" from anti-genius Ed Wood that is justly celebrated for its staggering ineptitude.",67.0
planes,"Planes has enough bright colors, goofy voices, and slick animation to distract some young viewers for 92 minutes -- and probably sell plenty of toys in the bargain -- but on nearly every other level, it's a Disney disappointment.",25.0
planes trains and automobiles,"Thanks to the impeccable chemistry between Steve Martin and John Candy, as well as a deft mix of humor and heart, Planes, Trains and Automobiles is a hilarious, heartfelt holiday classic.",91.0
platoon,"Informed by director Oliver Stone's personal experiences in Vietnam, Platoon forgoes easy sermonizing in favor of a harrowing, ground-level view of war, bolstered by no-holds-barred performances from Charlie Sheen and Willem Dafoe.",88.0
playing it cool,"Playing It Cool pits Chris Evans and Michelle Monaghan's easy chemistry against a screenplay that tries too hard to be quirky and clever, and the results are disappointingly lukewarm.",14.0
pleasantville,"Filled with lighthearted humor, timely social commentary, and dazzling visuals, Pleasantville is an artful blend of subversive satire and well-executed Hollywood formula.",85.0
point break,"Loaded with dazzling action but bereft of purpose, the Point Break remake will be remembered as the first film to make audiences pine for the simultaneous presences of Keanu Reeves and Gary Busey.",11.0
pokémon 3 the movie,"Critics say that the third Pokemon movie has a better plot than its two predecessors. This is not enough, however, to recommend it to those not already fans of the franchise.",21.0
pokémon detective pikachu,"Pokémon Detective Pikachu may not take its wonderfully bizarre premise as far as it could have, but this offbeat adaptation should catch most -- if not all -- of the franchise's fans.",68.0
polar,"An action thriller starring Mads Mikkelsen as the world's most dangerous assassin should be terrifically entertaining, but Polar proves it's possible to ruin anything if you try.",19.0
pollock,"Though Pollock does not really allow audiences a glimpse of the painter as a person, it does powerfully depict the creative process. Harris throws himself into the role and turns in a compelling performance.",81.0
poltergeist,"Paying competent homage without adding anything of real value to the original Poltergeist, this remake proves just as ephemeral (but half as haunting) as its titular spirit.",31.0
polyester,"As proudly tacky as its titular fabric, Polyester finds writer-director John Waters moving ever so slightly into the mainstream without losing any of his subversive charm.",93.0
possession,"It's perhaps a bit tame and uninspiring, considering its subject matter, but Possession manages enough romance and period intrigue to satisfy most fans of its source material.",64.0
post tenebras lux,"Post Tenebras Lux conjures striking imagery amidst its formless exploration into darkness and light, but director Carlos Reygadas paints his abstract work with the slowest of brushstrokes.",53.0
practical magic,Practical Magic's jarring tonal shifts sink what little potential its offbeat story may have -- though Nicole Kidman and Sandra Bullock's chemistry makes a strong argument for future collaborations.,22.0
a prairie home companion,"The final film by the great Robert Altman, A Prairie Home Companion, the big screen adaptation of Garrison Keillor's radio broadcast showcases plenty of the director's strengths: it's got a gigantic cast and plenty of quirky acting and dialogue.",82.0
prayers for bobby,"A devastating true story and terrific performance by Sigourney Weaver give Prayers for Bobby palpable power, although some viewers may find this well-intentioned film too calculating in its efforts to wring tears.",73.0
premonition,"Overdosing on flashbacks, and more portentous than profound, the overly obtuse Premonition weakly echoes such twisty classics as Memento, The Sixth Sense, and Groundhog Day.",8.0
presumed innocent,"Thanks to an outstanding script, focused direction by Alan Pakula, and a riveting performance from Harrison Ford, Presumed Innocent is the kind of effective courtroom thriller most others aspire to be.",87.0
prince avalanche,"A step back in the right direction for director David Gordon Green, Prince Avalanche shambles amiably along with a pair of artfully low-key performances from Paul Rudd and Emile Hirsch.",82.0
prince of darkness,"Prince of Darkness has a handful of chillingly clever ideas, but they aren't enough to put John Carpenter's return to horror at the same level as his classic earlier outings.",58.0
prince of persia the sands of time,"It doesn't offer much in the way of substance, but Prince of Persia is a suitably entertaining swashbuckler -- and a substantial improvement over most video game adaptations.",37.0
the prince of tides,"Although the central romance arguably suffocates the heart of the drama, a moving performance by Nick Nolte and Barbra Streisand's deft direction give The Prince of Tides a soulful edge.",69.0
the princess bride,"A delightfully postmodern fairy tale, The Princess Bride is a deft, intelligent mix of swashbuckling, romance, and comedy that takes an age-old damsel-in-distress story and makes it fresh.",97.0
private benjamin,"Private Benjamin proves a potent showcase for its Oscar-nominated star, with Hawn making the most of a story that rests almost completely on her daffily irresistible charm.",82.0
the private lives of pippa lee,"Reverential and offbeat, the road trip film Private lives of Pippa Lee takes emotional detours and is elevated by great performances, particularly that of Robin Wright-Penn.",69.0
the prize winner of defiance ohio,"Noteworthy for Julianne Moore's performance, Prize Winner is nonetheless a largely indistinct and tentative film that fails to convey the true power of its bittersweet tale.",60.0
problem child,"Mean-spirited and hopelessly short on comic invention, Problem Child is a particularly unpleasant comedy, one that's loaded with manic scenery chewing and juvenile pranks.",0.0
project nim,"Equal parts hilarious, poignant, and heartbreaking, Project Nim not only tells a compelling story masterfully, but also raises the flag on the darker side of human nature.",97.0
project x,"Unoriginal, unfunny, and all-around unattractive, Project X mines the depths of the teen movie and found-footage genres for 87 minutes of predictably mean-spirited debauchery.",28.0
promare,"Visually dazzling and narratively exhilarating, Promare is a colorful thrill ride that should entertain adult anime enthusiasts as well as the teens in its target audience.",97.0
prometheus,"Ridley Scott's ambitious quasi-prequel to Alien may not answer all of its big questions, but it's redeemed by its haunting visual grandeur and compelling performances -- particularly Michael Fassbender as a fastidious android.",73.0
the proposition,"Brutal, unflinching, and violent, but thought-provoking and with excellent performances, this Australian western is the one of the best examples of the genre to come along in recent times.",85.0
the protector tom yum goong warrior king,"Despite some impressive fight scenes, this trimmed-down version of the Thai action pic is an off-putting mix of scant plot, choppy editing, and confusing subtitles and dubbing.",53.0
psycho,"Infamous for its shower scene, but immortal for its contribution to the horror genre. Because Psycho was filmed with tact, grace, and art, Hitchcock didn't just create modern horror, he validated it.",96.0
pulse,"Another stale American remake of a successful Japanese horror film, Pulse bypasses the emotional substance of the original and overcompensates with pumped-up visuals and every known horror cliche.",11.0
pumping iron,"In addition to offering an enlightening early look into the world of future star/politician Arnold Schwarzenegger, Pumping Iron provides a witty and insightful overview of competitive bodybuilding.",91.0
punks not dead,"Susan Dynner's Punk's Not Dead is a thrilling and ambitious overview of the history and resilience of punk music, featuring interviews with an array of the genre's outspoken godfathers.",90.0
purple noon plein soleil,"The talented Tom Ripley is brought to enigmatic life on the screen in Purple Noon, an exquisite thriller wherein the murderous social climber is embodied by an unnerving Alain Delon.",95.0
quantum of solace,"Brutal and breathless, Quantum Of Solace delivers tender emotions along with frenetic action, but coming on the heels of Casino Royale, it's still a bit of a disappointment.",65.0
queen of earth,"Led by a searing performance from Elisabeth Moss, Queen of Earth is a demanding -- and ultimately rewarding -- addition to writer-director Alex Ross Perry's impressive filmography.",93.0
queen of the desert,"Queen of the Desert unites some undeniably talented professionals, but it's difficult to discern what drew them together -- or understand how its compelling real-life story became such a muddled mess.",18.0
quest for fire,"Its characters can't do much more than grunt, but that doesn't keep Quest for Fire from offering a deeply resonant -- and surprisingly funny -- look at the beginning of the human race.",86.0
quincy,"Quincy presents an undeniably entertaining overview of its subject's remarkable life and career, albeit one that may leave some viewers wishing it had dug a little deeper.",82.0
race,"Race is nowhere near as thrillingly fleet or agile as its subject, but the story -- and a winning central performance from Stephan James -- are enough to carry it over the finish line.",62.0
racing dreams,Racing Dreams offers an absorbing peek at the lives of young NASCAR hopefuls that should resonate with racing enthusiasts as well as viewers with no connection to the sport.,100.0
radio flyer,"Overlaying its whimsical concept onto a gritty story of domestic abuse, Radio Flyer is a family film that is too harrowing for children and too saccharine for their parents.",33.0
railroad tigers,"Railroad Tigers throws a few sparks hearkening back to Jackie Chan's glory days as an action comedy star, but they're smothered by an unfocused story and jarring shifts in tone.",38.0
rain man,"This road-trip movie about an autistic savant and his callow brother is far from seamless, but Barry Levinson's direction is impressive, and strong performances from Tom Cruise and Dustin Hoffman add to its appeal.",89.0
ralph breaks the internet,"Ralph Breaks the Internet levels up on its predecessor with a funny, heartwarming sequel that expands its colorful universe while focusing on core characters and relationships.",88.0
rambo first blood part ii,"First Blood Part II offers enough mayhem to satisfy genre fans, but remains a regressive sequel that turns its once-compelling protagonist into just another muscled action berserker.",35.0
rambo iii,Rambo III finds its justice-dispensing hero far from the thoughtful drama that marked the franchise's beginning -- and just as far from quality action thriller entertainment.,39.0
rango,"Rango is a smart, giddily creative burst of beautifully animated entertainment, and Johnny Depp gives a colorful vocal performance as a household pet in an unfamiliar world.",88.0
rashômon,"One of legendary director Akira Kurosawa's most acclaimed films, Rashomon features an innovative narrative structure, brilliant acting, and a thoughtful exploration of reality versus perception.",98.0
ratchet clank,"Ratchet & Clank may satisfy very young viewers, but compared to the many superior options available to families and animation enthusiasts, it offers little to truly recommend.",21.0
rattlesnake,"Carmen Ejogo is stranded in a wasteland both figuratively and literally in this disposable thriller, which lacks the cleverness or specificity to give its thin conceit any bite.",28.0
raw,"Raw's lurid violence and sexuality live up to its title, but they're anchored with an immersive atmosphere and deep symbolism that linger long after the provocative visuals fade.",92.0
reach me,"Featuring a bewildering array of talented actors pummeled by disjointed direction and a dull, hackneyed script, Reach Me is so fundamentally misbegotten that its title reads more like a threat.",4.0
reality bites,"Reality Bites may be too slick to fulfill its promise as a profound statement on Generation X, but an appealing ensemble and romantic sizzle make for an entertaining dive into the ennui of youth.",66.0
the reaping,"It may feature such accomplished actors as Hilary Swank and Stephen Rea, but The Reaping also boasts the apropos tagline ""What hath God wrought?"" It's schlocky, spiritually shallow, and scare-free.",8.0
rebel in the rye,"Rebel in the Rye attempts to dramatize J.D. Salinger's life and creative process, but falters with a lack of dramatic impetus or a cohesive thesis about the reclusive author.",30.0
rec 2,"It lacks the surprising jolt of the first installment, but [REC] 2 almost maintains the original's chilling momentum -- and proves not all horror sequels were made equal.",68.0
rec 3 genesis,"[REC] 3 Genesis discards the handheld POV of its predecessors and loses the franchise's fresh perspective in the bargain, upping the gags and gore to the detriment of the chills that audiences crave.",40.0
red,"It may not be the killer thrill ride you'd expect from an action movie with a cast of this caliber, but Red still thoroughly outshines most of its big-budget counterparts with its wit and style.",72.0
red 2,"While it's still hard to argue with its impeccable cast or the fun they often seem to be having, Red 2 replaces much of the goofy fun of its predecessor with empty, over-the-top bombast.",44.0
red hill,"Though its attempts to rework genre conventions may fall flat with some, Red Hill is a beautifully shot, tightly paced thriller that marks a strong debut for director Patrick Hughes.",79.0
red rock west,"Red Rock West is a hidden neo-noir gem with some delightful cracks in its surface -- and an opportunity to see Lara Flynn Boyle, Nicolas Cage, Dennis Hopper, and J.T. Walsh go toe-to-toe in all their early '90s glory.",95.0
red sparrow,"Red Sparrow aims for smart, sexy spy thriller territory, but Jennifer Lawrence's committed performance isn't enough to compensate for thin characters and a convoluted story.",45.0
reign of fire,"Reign of Fire gains some altitude with its pyrotechnic action and a smolderingly campy Matthew McConaughey, but the feature's wings are clipped by a derivative script and visual effects that fizzle out.",42.0
reign over me,"Reign Over Me is a charming, affecting tale of friendship and loss, with solid performances from Adam Sandler as a broken, grief-stricken man and Don Cheadle as his old friend and savior.",64.0
relic,"Relic ratchets up its slowly building tension in an expertly crafted atmosphere of dread, adding up to an outstanding feature debut for director/co-writer Natalie Erika James.",91.0
remember,"Remember risks wandering into exploitative territory, but it's bolstered by some of Egoyan's best latter-day directing and a typically stellar performance from Christopher Plummer.",70.0
remember the titans,"An inspirational crowd-pleaser with a healthy dose of social commentary, Remember the Titans may be predictable, but it's also well-crafted and features terrific performances.",73.0
renaissance man,"Renaissance Man tries to simultaneously be a literary comedy, an inspirational drama, and a star vehicle that caters to Danny DeVito's strengths, but proves to be a master of none.",12.0
renoir,"Appropriately enough, Renoir offers viewers a drama of sumptuous beauty -- which is more than enough to offset its frustratingly slow pace and rather thinly written screenplay.",72.0
rescue dawn,"Director Werner Herzog has once again made a compelling tale of man versus nature, and Christian Bale completely immerses himself in the role of fighter pilot (and prisoner of war) Dieter Dengler.",90.0
resident evil retribution,Resident Evil: Retribution offers everything one might reasonably expect from the fifth installment in a heavily action-dependent franchise -- which means very little beyond stylishly hollow CGI-enhanced set pieces.,29.0
resident evil the final chapter,"Resident Evil: The Final Chapter may prove mind-numbingly chaotic for the unconverted, but for fans of the venerable franchise, it offers a fittingly kinetic conclusion to its violent post-apocalyptic saga.",37.0
results,"Results moves stubbornly at its own deliberate pace, but the well-chosen cast -- and writer-director Andrew Bujalski's insightful observations -- offer rich rewards for patient viewers.",84.0
return to the blue lagoon,"Despite its lush tropical scenery and attractive leads, Return to the Blue Lagoon is as ridiculous as its predecessor, and lacks the prurience and unintentional laughs that might make it a guilty pleasure.",0.0
revenge of the nerds ii nerds in paradise,"It reunites most of the original cast and rounds them up for a trip to Fort Lauderdale for spring break, but Revenge of the Nerds II: Nerds in Paradise forgets to pack enough jokes or compelling characters to make it through its 89-minute running time.",7.0
ricky gervais humanity,"Ricky Gervais returns to the stage with his characteristic wit and distinct edginess, but the performance verges on cruel when his mockery seemingly overtakes his own Humanity.",47.0
ride along 2,Ride Along 2 presents a cop-comedy sequel whose well-matched stars can't break the law of diminishing returns -- or lock up a script that unabashedly steals from the original.,13.0
riding in cars with boys,"Riding in Cars With Boys suffers from mixing grit and pathos with cuteness and comedy. Ironically, many critics found Zahn's character more compelling and three-dimensional than Barrymore's.",49.0
the ring,"With little gore and a lot of creepy visuals, The Ring gets under your skin, thanks to director Gore Verbinski's haunting sense of atmosphere and an impassioned performance from Naomi Watts.",71.0
the ring two,"Ring Two serves up horror cliches, and not even Hideo Nakata, the director of the movies from which this one is based, can save the movie from a dull screenplay full of absurdities.",20.0
rings,"Rings may offer ardent fans of the franchise a few threadbare thrills, but for everyone else, it may feel like an endless loop of muddled mythology and rehashed plot points.",8.0
rio 2,"Like most sequels, Rio 2 takes its predecessor's basic template and tries to make it bigger -- which means it's even busier, more colorful, and ultimately more exhausting for viewers outside the youthful target demographic.",48.0
ripd,It has its moments -- most of them courtesy of Jeff Bridges' rootin' tootin' performance as an undead Wild West sheriff -- but R.I.P.D. is ultimately too dim-witted and formulaic to satisfy.,13.0
rise of the planet of the apes,"Led by Rupert Wyatt's stylish direction, some impressive special effects, and a mesmerizing performance by Andy Serkis, Rise of the Planet of the Apes breathes unlikely new life into a long-running franchise.",82.0
risen,"Risen benefits from a lighter tone than many faith-based productions, as well as a unique take on the Greatest Story Ever Told and a terrific turn from star Joseph Fiennes.",53.0
rivers edge,"A harrowing tale of aimless youth, River's Edge generates considerable tension and urgency thanks to strong performances from a stellar cast that includes Crispin Glover, Keanu Reeves, and Ione Skye.",87.0
robert the bruce,"It's inspired by epic real-life events, but rich cinematography and the best of intentions aren't enough to carry Robert the Bruce past its leaden pace and bland storytelling.",44.0
robin and marian,"Robin and Marian gives the legendary characters a somber sendoff, finding ample success in the romantic chemistry between Sean Connery and Audrey Hepburn while yielding diminishing returns in its attempts at relevant satire.",73.0
robin hood,"Ridley Scott's revisionist take on this oft-told tale offers some fine acting and a few gripping action sequences, but it's missing the thrill of adventure that made Robin Hood a legend in the first place.",43.0
robin hood,"Robin Hood robs from rich source material, but is ultimately just another poor attempt to needlessly gussy up a classic tale with amped-up action and modern special effects.",15.0
robin hood men in tights,"Undisciplined, scatological, profoundly silly, and often utterly groan-worthy, Robin Hood: Men in Tights still has an amiable, anything-goes goofiness that has made it a cult favorite.",40.0
rock dog,"Rock Dog is amiable enough, but its second-tier animation and uninspired story add up to a movie whose meager charms are likely to escape all but the youngest and least demanding viewers.",47.0
rock of ages,"Its exuberant silliness is almost enough to make up for its utter inconsequentiality, but Rock of Ages is ultimately too bland and overlong to justify its trip to the big screen.",43.0
rock the kasbah,"The Shareef don't like Rock the Kasbah, and neither will viewers hoping for a film that manages to make effective use of Bill Murray's knack for playing lovably anarchic losers.",7.0
rocket science,"Though Rocket Science appears to be a typically quirky indie, the well-rounded performances and director Jeffrey Blitz's clear affection for his characters gives the film its proper human spark.",84.0
the rocketeer,"An action-packed, if anachronistic, look back at pulp matinee serials, The Rocketeer may ring hollow with viewers expecting more than simple fun and gee-whiz special effects.",65.0
rocknrolla,"Mixed reviews for Guy Ritchie's return to his London-based cockney wideboy gangster movie roots, but most agree, it's a step in the right direction following two major turkeys.",60.0
the rocky horror picture show,"Rocky Horror Picture Show brings its quirky characters in tight, but it's the narrative thrust that really drives audiences insane and keeps 'em doing the time warp again.",80.0
rocky iv,"Rocky IV inflates the action to absurd heights, but it ultimately rings hollow thanks to a story that hits the same basic beats as the first three entries in the franchise.",40.0
rocky v,Rocky V's attempts to recapture the original's working-class grit are as transparently phony as each of the thuddingly obvious plot developments in a misguided installment that sent the franchise flailing into longterm limbo.,29.0
rolling thunder revue a bob dylan story by martin scorsese,Rolling Thunder Revue: A Bob Dylan Story by Martin Scorsese lives up to its unwieldy title with a delightfully unorthodox look at a pivotal period in its subject's career.,92.0
romancing the stone,Romancing the Stone reaches back to the classic Saturday morning serials of old with an action-filled adventure enlivened by the sparkling chemistry between its well-matched leads.,85.0
romeo must die,"In his second Hollywood movie, Jet Li impresses. Unfortunately, when he's not on screen, the movie slows to a crawl. Though there's some spark between Jet and Aaliyah, there isn't any threat of a fire. And as impressive as the action sequences are, some critics feel they are over-edited.",32.0
romper stomper,"Relentlessly grim and gripping, Romper Stomper is a disquietingly authentic glimpse into the inner dynamics of a hate group, featuring an electric performance by Russell Crowe.",79.0
romy and micheles high school reunion,"Romy and Michele's High School Reunion has an admittedly slight premise, but it's elevated by ample heart, an infectiously playful spirit, and the buoyant chemistry of Lisa Kudrow and Mira Sorvino.",73.0
rough night,"Rough Night's gifted stars are certainly good for some laughs, but their talents aren't properly utilized in a scattered comedy that suffers from too many missed opportunities.",44.0
roxanne roxanne,Roxanne Roxanne belatedly honors its subject with a gripping character-driven biopic that serves as a primer for a trailblazing career while telling an often tragic story.,70.0
rudderless,"Rudderless asks its cast to carry an awful lot of weight for its occasionally manipulative story; fortunately, this talented bunch -- led by Billy Crudup -- is often more than up to the task.",64.0
rudo y cursi,"Despite its fair share of sports movie cliches, Rudo y Cursi marks an auspicious directing debut for Carlos Cuarón, and features strong performances from García Bernal and Luna.",73.0
rumble the indians who rocked the world,"RUMBLE shines a long overdue spotlight on key contributions to the American musical lexicon, satisfying rock scholars while offering a fascinating -- albeit sobering -- primer on the foundations of a genre.",91.0
run lola run,"More fun than a barrel of Jean-Paul Sartre, pic's energy riffs on an engaging love story and really human performances while offering a series of what-ifs and a blood-stirring soundtrack.",93.0
sabans power rangers,"Power Rangers has neither the campy fun of its TV predecessor nor the blockbuster action of its cinematic superhero competitors, and sadly never quite manages to shift into turbo for some good old-fashioned morphin time.",49.0
sabotage,"Sabotage boasts one of Arnold Schwarzenegger's finer post-political performances, but it's wasted in a movie driven by grueling violence that punishes seemingly without purpose.",22.0
safe,"While hard-hitting and violently inventive, Safe ultimately proves too formulaic to set itself apart from the action thriller pack -- including some of its star's better films.",58.0
salems lot,"Director Tobe Hooper and a devilishly charismatic James Mason elevate this television adaptation of the Stephen King novel, injecting the vampiric tradition with fresh blood and lingering scares.",88.0
salvador,"Despite its somewhat disjointed narrative, Oliver Stone's Salvador is a vivid and powerful political drama that sets an early tone for the director's similarly provocative future projects.",88.0
san andreas,"San Andreas has a great cast and outstanding special effects, but amidst all the senses-shattering destruction, the movie's characters and plot prove less than structurally sound.",50.0
sanjuro tsubaki sanjûrô,"Technically impressive and superbly acted, Sanjuro is a funny, action-packed samurai adventure featuring outstanding cinematography and a charismatic performance from Toshiro Mifune.",100.0
the santa clause 3 the escape clause,"Playing Jack Frost as an evil cross between Liza Minnelli and Liberace, Martin Short is a welcome presence, but this tired series continues drawing from its bag of bland gags and dumb slapstick.",17.0
santa sangre,"Those unfamiliar with Alejandro Jodorowsky's style may find it overwhelming, but Santa Sangre is a provocative psychedelic journey featuring the director's signature touches of violence, vulgarity, and an oddly personal moral center.",86.0
sausage party,"Sausage Party is definitely offensive, but backs up its enthusiastic profanity with an impressively high laugh-to-gag ratio -- and a surprisingly thought-provoking storyline.",82.0
the savages,"Thanks to a tender, funny script from director Tamara Jenkins, and fine performances from Philip Seymour Hoffman and Laura Linney, this film delivers a nuanced, beautifully three-dimensional look at the struggles and comforts of family bonds.",89.0
saw,"Saw ensnares audiences with a deceptively clever plot and a myriad of memorable, nasty set pieces, but its lofty ambitions are undercut by a nihilistic streak that feels more mean than profound.",49.0
say it isnt so,"Those that haven't tired from Farrelly brothers' brand of comedy may still find some laughs here. Otherwise, the slow pacing and unimaginative shock gags will start to wear on the viewer.",9.0
a scanner darkly,"A faithful adaptation of Philip K. Dick's novel, A Scanner Darkly takes the viewer on a visual and mind-blowing journey into the author's conception of a drug-addled and politically unstable world.",68.0
scarface,"Director Brian De Palma and star Al Pacino take it to the limit in this stylized, ultra-violent and eminently quotable gangster epic that walks a thin white line between moral drama and celebratory excess.",82.0
score a film music documentary,SCORE: A Film Music Documentary offers a long-overdue look at an integral component of cinema whose abbreviated overview of the subject should only leave viewers ready for more.,91.0
scream 2,"As with the first film, Scream 2 is a gleeful takedown of scary movie conventions that manages to poke fun at terrible horror sequels without falling victim to the same fate.",81.0
the sea inside mar adentro the sea within,"Held aloft by a transfixing performance from Javier Bardem as a terminally ill man who chooses to die, The Sea Inside transcends its melodramatic story with tenderness and grace.",84.0
searching for bobby fischer,"As sensitive as the young man at its center, Searching for Bobby Fischer uses a prodigy's struggle to find personal balance as the background for a powerfully moving drama.",100.0
seconds,"Featuring dazzling, disorienting cinematography from the great James Wong Howe and a strong lead performance by Rock Hudson, Seconds is a compellingly paranoid take on the legend of Faust.",89.0
the secret in their eyes el secreto de sus ojos,"Unpredictable and rich with symbolism, this Argentinian murder mystery lives up to its Oscar with an engrossing plot, Juan Jose Campanella's assured direction, and mesmerizing performances from its cast.",89.0
secret in their eyes,Secret in Their Eyes wastes its incredible cast on a remake that fails to improve upon -- or even make a compelling case for its own existence in addition to -- the remarkable original.,39.0
secuestro express,"Despite utilizing a visual whirlwind of cinematic tricks, this socio-political thriller falls short of fulfilling its heavier goals but provides a powerful peek into the class issues of modern Venezuela.",52.0
see spot run,"See Spot Run has all the elements chidren enjoy in a movie: a lovable dog, bad things happening to stupid adults, and lots of dog poop. For adults, it's either hit-or-miss.",23.0
see you yesterday,See You Yesterday marries a novel sci-fi premise with urgent social relevance and forges something excitedly new from the union -- providing an impressive showcase for star Eden Duncan-Smith and debut writer-director Stefon Bristol.,95.0
selma,"Fueled by a gripping performance from David Oyelowo, Selma draws inspiration and dramatic power from the life and death of Martin Luther King, Jr. -- but doesn't ignore how far we remain from the ideals his work embodied.",99.0
séraphine,"Seraphine is a well-crafted French film that effectively captures one woman's experience with art, religion, and mental illness, and features a brilliant performance from Yolande Moreau.",88.0
the serpent and the rainbow,"Although it's occasionally overwhelmed by excessive special effects, The Serpent and the Rainbow draws on a chilling atmosphere to deliver a intelligent, politically informed story.",65.0
set it up,"Set It Up follows the long-established outlines of the rom-com template -- and in the process, proves there's still substantial pleasure to be wrought from familiar formulas.",92.0
seven brides for seven brothers,"Buoyed by crowd-pleasing tunes and charming performances, Seven Brides for Seven Brothers makes a successful transition from Broadway to screen that's sure to please the whole family.",88.0
seven samurai shichinin no samurai,"Arguably Akira Kurosawa's masterpiece, The Seven Samurai is an epic adventure classic with an engrossing story, memorable characters, and stunning action sequences that make it one of the most influential films ever made.",100.0
sex drugs rock roll,Sex & Drugs & Rock & Roll pays appropriately uninhibited tribute to a pioneering artist -- and proves Andy Serkis can be every bit as compelling in a non-motion-capture role.,73.0
sex lies and videotape,"In his feature directorial debut, Steven Soderbergh demonstrates a mastery of his craft well beyond his years, pulling together an outstanding cast and an intelligent script for a nuanced, mature film about neurosis and human sexuality.",96.0
sexy beast,Sexy Beast rises above other movies in the British gangster genre due to its performances -- particularly an electrifying one by Ben Kingsley -- and the script's attention to character development.,87.0
sgt peppers lonely hearts club band,"I thought you might like to know that the Beatles (aka the act you've known for all these years) are ill-served by this kitschy, aggressively whimsical fantasy film that's most certainly not a thrill.",12.0
shadow conspiracy,"Rather than exciting audiences with a thrilling race against time, Shadow Conspiracy suggests there may be a secret cabal duping talented actors into selecting woefully deficient scripts.",0.0
shadowlands,"Thanks to brilliant performances from Debra Winger and especially Anthony Hopkins, Shadowlands is a deeply moving portrait of British scholar C.S. Lewis's romance with American poet Joy Gresham.",97.0
shadows and fog,"Shadows and Fog recreates the chiaroscuro aesthetic of German Expressionism, but Woody Allen's rambling screenplay retreads the director's neurotic obsessions with derivative results.",52.0
shanghai noon,"Although the plot is really nothing to brag about, Jackie Chan and Owen Wilson work well together. The cinematography looks great, and Jackie delivers a hilarious performance. This is an old-fashioned crowd-pleaser.",79.0
shaolin soccer,"The plot is utterly ridiculous, and the soccer in the movie is unlike any ever played anywhere on Earth, but watching Shaolin Soccer, you will probably find it impossible to care.",90.0
sherlock holmes,"Guy Ritchie's directorial style might not be quite the best fit for an update on the legendary detective, but Sherlock Holmes benefits from the elementary appeal of a strong performance by Robert Downey, Jr.",69.0
shes funny that way,"She's Funny That Way is an affectionate, talent-filled throwback to screwball comedies of old -- which makes it even more frustrating that the laughs are disappointingly few and far between.",44.0
shes having a baby,"Kevin Bacon and Elizabeth McGovern struggle to sustain a spark in She's Having a Baby, a blasé adult romance that lacks the specificity and style of writer-director John Hughes' more successful forays into teenage angst.",40.0
the shining,"Though it deviates from Stephen King's novel, Stanley Kubrick's The Shining is a chilling, often baroque journey into madness -- exemplified by an unforgettable turn from Jack Nicholson.",84.0
shirkers,"Shirkers uses one woman's interrogation of a pivotal personal disappointment to offer affecting observations on creativity, lost opportunity, and coming to terms with the past.",100.0
shirley,"Elevated by outstanding work from Elisabeth Moss, Shirley pays tribute to its subject's pioneering legacy with a biopic that ignores the commonly accepted boundaries of the form.",88.0
shock and awe,"Shock and Awe has a worthy story to tell and some fine actors trying to bring it to life; unfortunately, the end results are still as derivative as they are dramatically inert.",30.0
shrek,"While simultaneously embracing and subverting fairy tales, the irreverent Shrek also manages to tweak Disney's nose, provide a moral message to children, and offer viewers a funny, fast-paced ride.",88.0
side by side,"Keanu Reeves proves a groovy guide through this informative exploration of how technology is transforming cinema, with an even-handed defense for both the old and the new.",93.0
silence,"Silence ends Martin Scorsese's decades-long creative quest with a thoughtful, emotionally resonant look at spirituality and human nature that stands among the director's finest works.",83.0
the silence of the lambs,"Director Jonathan Demme's smart, taut thriller teeters on the edge between psychological study and all-out horror, and benefits greatly from stellar performances by Anthony Hopkins and Jodie Foster.",96.0
silent hill revelation,"Mediocre effort even by the standards of video game adaptations, Silent Hill: Revelation 3D features weak characters and an incomprehensible plot with a shortage of scares.",10.0
silent running,"It doesn't fulfill the potential of its ambitious themes, butSilent Running stands as a decidedly unique type of sci-fi journey marked by intimate character work and a melancholic mood.",68.0
the simpsons movie,"The Simpsons Movie contains the hearty laughs, biting satire, and honest portrayal of an American family that makes the show so popular. And it boasts slicker animation and polished writing that hearkens back to the show's glory days.",88.0
sin noticias de dios dont tempt me,"More Hellish than it is Heavenly, Agustín Díaz Yanes' black comedy about the Earthly duel between two angels doesn't have enough genuine laughs to support its far-fetched premise.",38.0
sing,"Sing delivers colorfully animated, cheerfully undemanding entertainment with a solid voice cast and a warm-hearted -- albeit familiar -- storyline that lives up to its title.",72.0
single white female,"Single White Female benefits from a pair of outstanding leads, neither of whom are well served by a storyline that wavers between thrillingly tense and utterly ridiculous.",54.0
sinister,"Its plot hinges on typically implausible horror-movie behavior and recycles countless genre cliches, but Sinister delivers a surprising number of fresh, diabolical twists.",63.0
sister act 2 back in the habit,"Sister Act is off-key in this reprise, fatally shifting the spotlight from Whoopi Goldberg to a less compelling ensemble of pupils and trading its predecessor's sharp comedy for unconvincing sentiment.",17.0
the sisterhood of the traveling pants,"This adaptation of a beloved novel charms with its heartwarming tale of friendship and young adulthood; realistic portrayals of the lives of teenage girls lend the comedy-drama sincerity, and may capture hearts outside the female-centric demographic.",77.0
sisters,"Sisters' sharp blend of pathos and vulgarity, along with Tina Fey and Amy Poehler's effervescent chemistry, are more than enough to make up for the handful of laughs this coming-of-age comedy leaves on the table.",60.0
six degrees of separation,"Though it betrays its theatrical roots, Six Degrees of Separation largely succeeds thanks to astute direction and fine performances -- particularly from an against-type Will Smith.",88.0
sixteen candles,"Significantly more mature than the teen raunch comedies that defined the era, Sixteen Candles is shot with compassion and clear respect for its characters and their hang-ups.",84.0
skyscraper,"Well-cast yet derivative, Skyscraper isn't exactly a towering action thriller feat, but it's solidly constructed enough to stand among the genre's more mildly diverting features.",48.0
slacker,Slacker rests its shiftless thumb on the pulse of a generation with fresh filmmaking that captures the tenor of its time while establishing a benchmark for 1990s indie cinema.,85.0
slc punk,"Merging anarchic spirit with straightforward melodrama, SLC Punk is a hit-and-miss odyssey of youthful rebellion elevated by Matthew Lillard's dramatically potent star turn.",63.0
sleepwalk with me,"Laugh-out-loud funny and endearingly messy, Sleepwalk with Me overcomes its tonal inconsistencies to deliver a sweetly melancholic, amiably reassuring indie crowd-pleaser.",84.0
small time crooks,"Woody Allen rises from his recent slump with Small Time Crooks. A simple, funny movie, Crooks proves Allen still has the touch that made his name synonymous with off-beat comedy.",66.0
smashed,"Smashed resists the temptation to play up its serious subject matter for high theatrics, opting instead to let its gentle tone and Mary Elizabeth Winstead's marvelous performance carry the day.",83.0
smiley face,"Although many of the jokes have been done before, Anna Faris's bright performance and Gregg Araki's sharp direction make Smiley Face more than your average stoner comedy.",67.0
smurfs the lost village,"Smurfs: The Lost Village may satisfy very young viewers and hardcore Smurfaholics, but its predictable story and bland animation continue the franchise's recent mediocre streak.",40.0
snitch,"Though it features one of Dwayne Johnson's more thoughtful performances, the presentation of Snitch's underlying message is muddled by lackluster storytelling and some tonal inconsistencies.",57.0
snow white and the huntsman,"While it offers an appropriately dark take on the fairy tale that inspired it, Snow White and the Huntsman is undone by uneven acting, problematic pacing, and a confused script.",49.0
snowden,"Snowden boasts a thrilling fact-based tale and a solid lead performance from Joseph Gordon-Levitt, even if director Oliver Stone saps the story of some of its impact by playing it safe.",61.0
sob,"A sustained blast of unbridled vitriol from writer-director Blake Edwards, S.O.B. is one of the blackest -- and most consistently funny -- Hollywood satires ever put to film.",82.0
a soldiers story,"A meticulously-crafted murder mystery with incisive observations about race in America, A Soldier's Story benefits from a roundly excellent ensemble and Charles Fuller's politically urgent screenplay.",90.0
solo a star wars story,"A flawed yet fun and fast-paced space adventure, Solo: A Star Wars Story should satisfy newcomers to the saga as well as longtime fans who check their expectations at the theater door.",70.0
solomon kane,"Solomon Kane's formulaic and bleak narrative is overcome by an entertaining, straightforward adherence to its genre, exciting gore, and a gratifying lead performance by James Purefoy.",67.0
some velvet morning,"Some Velvet Morning marks writer-director Neil LaBute's welcome return to the mode of challenging chamber piece, but this misanthropic two-hander is too slight to produce the same bite as the filmmakers' best works.",54.0
somers town,"Shane Meadows hits the spot with this short but sweet slice of good natured comedy, surprisingly, as it's essentially an extended black & white advert for a train station.",96.0
something wild,"Boasting loads of quirky charm, a pair of likable leads, and confident direction from Jonathan Demme, Something Wild navigates its unpredictable tonal twists with room to spare.",91.0
somethings gotta give,"Though it occasionally stumbles into sitcom territory, Something's Gotta Give is mostly a smart, funny romantic comedy, with sharp performances from Jack Nicholson, Diane Keaton, and Keanu Reeves.",72.0
somewhere,"It covers familiar territory for Sofia Coppola, but Somewhere remains a hypnotic, seductively pensive meditation on the nature of celebrity, anchored by charming performances from Stephen Dorff and Elle Fanning.",71.0
songs my brothers taught me,"A naturalistic drama that quietly earns its emotional resonance, Songs My Brothers Taught Me further establishes writer-director Chloé Zhao as a gifted filmmaker and empathetic storyteller.",91.0
sonic the hedgehog,"Fittingly fleet and frequently fun, Sonic the Hedgehog is a video game-inspired adventure the whole family can enjoy -- and a fine excuse for Jim Carrey to tap into the manic energy that launched his career.",63.0
sorry to bother you,"Fearlessly ambitious, scathingly funny, and thoroughly original, Sorry to Bother You loudly heralds the arrival of a fresh filmmaking talent in writer-director Boots Riley.",93.0
sound and fury,"This documentary presents its opposing views in an even-handed yet emotionally engaging manner. Critics say it will provoke much thought, as well as emotions, in the audience.",96.0
southbound,"Southbound doesn't entirely avoid the jarring shifts common to anthology films, but thanks to some thrilling twists and turns, this horror road movie is a surprisingly smooth ride.",81.0
southside with you,"Southside With You looks back on a fateful real-life date with strong performances and engaging dialogue, adding up to a romance that makes for a pretty good date movie in its own right.",92.0
space cowboys,"While the plot is overly cliched, the suberb acting by the stars (especially the tense interactions between Clint Eastwood and Tommy Lee Jones) and the spectacular special effects make this a movie worth seeing.",78.0
space jam,"While it's no slam dunk, Space Jam's silly, Looney Toons-laden slapstick and vivid animation will leave younger viewers satisfied -- though accompanying adults may be more annoyed than entertained.",43.0
spaceship earth,Spaceship Earth achieves liftoff as an engaging behind-the-scenes record of an audacious experiment -- and settles into orbit as poignant proof of the power of a shared dream.,87.0
the spanish prisoner,"The Spanish Prisoner delivers just what fans of writer-director David Mamet expect: a smart, solidly constructed drama that keeps viewers guessing... and entertained along the way.",89.0
sparkle,"While undeniably melodramatic and old-fashioned, Sparkle transcends its formulaic trappings thanks to Salim Akil's empathetic direction and strong performances from a committed cast.",56.0
species,"Species shows flashes of the potential to blend exploitation and sci-fi horror in ingenious ways, but is ultimately mainly interested in flashing star Natasha Henstridge's skin.",43.0
spectre,"Spectre nudges Daniel Craig's rebooted Bond closer to the glorious, action-driven spectacle of earlier entries, although it's admittedly reliant on established 007 formula.",63.0
speed 2 cruise control,"Speed 2 falls far short of its predecessor, thanks to laughable dialogue, thin characterization, unsurprisingly familiar plot devices, and action sequences that fail to generate any excitement.",4.0
speed sisters,Speed Sisters honors its incredible subjects with an absorbing stranger-than-fiction look at a real-life story that's equal parts thought-provoking and purely entertaining.,92.0
spice world,"Spice World's lack of cohesive plot will likely lose most viewers, but for fans of the titular girl group there's more than enough fun to be had in their wacky -- albeit superficial -- whirlwind of an adventure.",34.0
spiderman homecoming,"Spider-Man: Homecoming does whatever a second reboot can, delivering a colorful, fun adventure that fits snugly in the sprawling MCU without getting bogged down in franchise-building.",92.0
spotlight,"Spotlight gracefully handles the lurid details of its fact-based story while resisting the temptation to lionize its heroes, resulting in a drama that honors the audience as well as its real-life subjects.",97.0
spread,"Despite occasional detours into surprisingly dark territory, Spread overall is an ineffectual celebration of vacuous Los Angeles high life rather than a deconstruction of it.",21.0
spy,"Simultaneously broad and progressive, Spy offers further proof that Melissa McCarthy and writer-director Paul Feig bring out the best in one another -- and delivers scores of belly laughs along the way.",95.0
the spy who loved me,"Though it hints at the absurdity to come in later installments, The Spy Who Loved Me's sleek style, menacing villains, and sly wit make it the best of the Roger Moore era.",80.0
stake land,"Though the genre is well worn at this point, director Jim Mickle focuses on strong characterization and eerie atmosphere to craft an effective apocalyptic vampire chiller that also manages to pack a mean punch.",74.0
stalingrad,"There's no arguing with its impressive production values, but Stalingrad should have devoted more attention to the screenplay and spent less on special effects-enhanced spectacle.",50.0
stand and deliver,Stand and Deliver pulls off the unlikely feat of making math class the stuff of underdog drama -- and pays rousing tribute to a real-life inspirational figure in the bargain.,82.0
star trek beyond,Star Trek Beyond continues the franchise's post-reboot hot streak with an epic sci-fi adventure that honors the series' sci-fi roots without skimping on the blockbuster action.,86.0
star trek generations,"Generations stands as a mediocre changing of the guard for crews of the Enterprise, with a dull plot that sometimes seems like an expanded episode of the television series.",48.0
star trek ii the wrath of khan,"Considered by many fans to be the best of the Star Trek movies, Khan features a strong plot, increased tension, and a sharp supporting performance from Ricardo Montalban.",88.0
star trek into darkness,"Visually spectacular and suitably action packed, Star Trek Into Darkness is a rock-solid installment in the venerable sci-fi franchise, even if it's not as fresh as its predecessor.",84.0
star trek iv the voyage home,"Star Trek IV: The Voyage Home is perhaps the lightest and most purely enjoyable entry of the long-running series, emphasizing the eccentricities of the Enterprise's crew.",81.0
star trek the motion picture,"Featuring a patchwork script and a dialogue-heavy storyline whose biggest villain is a cloud, Star Trek: The Motion Picture is a less-than-auspicious debut for the franchise.",41.0
star wars episode iv a new hope,"A legendarily expansive and ambitious start to the sci-fi saga, George Lucas opened our eyes to the possibilities of blockbuster filmmaking and things have never been the same.",92.0
star wars episode ii attack of the clones,"Star Wars Episode II: Attack of the Clones benefits from an increased emphasis on thrilling action, although they're once again undercut by ponderous plot points and underdeveloped characters.",65.0
star wars episode iii revenge of the sith,"With Episode III: Revenge of the Sith, George Lucas brings his second Star Wars trilogy to a suitably thrilling and often poignant -- if still a bit uneven -- conclusion.",80.0
star wars episode vii the force awakens,"Packed with action and populated by both familiar faces and fresh blood, The Force Awakens successfully recalls the series' former glory while injecting it with renewed energy.",92.0
stardust,"A faithful interpretation that captures the spirit of whimsy, action, and off-kilter humor of Neil Gaiman, Stardust juggles multiple genres and tones to create a fantastical experience.",76.0
stardust memories,"Woody Allen throws himself a pity party with all the surrealistic trimmings of Federico Fellini in Stardust Memories, a scabrous self-portrait that rankles as often as it impresses stylistically.",68.0
starter for 10,Starter For 10 is a spirited coming-of-age tale that remains charming and witty even as it veers into darker teritory. The unique setting of a quiz show makes the film wittier than your average romantic comedy.,90.0
startupcom,"Startup.com is more than just a look at the rise and fall of the new economy. At its center is a friendship being tested to the limit, and that's what makes it worth viewing.",93.0
steve martin and martin short an evening you will forget for the rest of your life,"Brimming with sidesplitting laughs and off the wall energy, Steve Martin And Martin Short: An Evening You Will Forget For the Rest of Your Life is a nostalgic celebration of two comedy legends.",100.0
stoker,"Its script doesn't quite carry the dramatic heft of his earlier work, but Park Chan-wook's Stoker showcases his eye for sumptuous imagery and his affection for dark, atmospheric narratives populated by mysterious characters.",70.0
stone,"Stone boasts a cast that includes Robert De Niro, Edward Norton, and Milla Jovovich, and it features strong dialogue, but it's ultimately undone by its heavy-handed symbolism and overabundant plot twists.",50.0
the stoning of soraya m,"The Stoning of Soraya M. nearly transcends its deficiencies through the sheer strength of its subject material, but ultimately drowns out its message with an inappropriately heavy-handed approach.",59.0
stories we tell,"In Stories We Tell, Sarah Polley plays with the documentary format to explore the nature of memory and storytelling, crafting a thoughtful, compelling narrative that unfolds like a mystery.",94.0
storks,"Colorful animation and a charming cast help Storks achieve a limited liftoff, but scattershot gags and a confused, hyperactively unspooled plot keep it from truly soaring.",66.0
storytelling,"Todd Solondz's Storytelling boasts an audacious narrative structure, but fails to deliver on the mechanics of its namesake, yielding a creative exercise that is more interested in satisfying the author's interests than the audience's investment.",53.0
stranger than fiction,"A fun, whimsical tale about an office drone trying to save his life from his narrator, Stranger Than Fiction features a subdued performances from Will Ferrell that contributes mightily to its quirky, mind-bending affect.",73.0
streets of fire,"Streets of Fire may sometimes buckle under the strain of its ambitious fusion of disparate genres, but Walter Hill's bravura style gives this motorcycle musical fuel to burn.",67.0
stuber,"Though it makes a strong case for future collaborations between Kumail Nanjiani and Dave Bautista, Stuber fails to mesh its contrasting genres, settling for an overtly violent, mildly entertaining diversion that's far from a five-star ride.",41.0
stuck in love,"It struggles to enliven its uneven script, but Stuck in Love boasts enough winning performances from its solid veteran cast to offer an appealing diversion for rom-com enthusiasts.",57.0
submergence,"A slow-moving misfire, Submergence isn't as deep as it thinks it is -- but still manages to drown its stars in a drama whose admirable ambitions remain almost entirely unfulfilled.",23.0
suburbicon,"A disappointing misfire for director George Clooney, Suburbicon attempts to juggle social satire, racial commentary, and murder mystery -- and ends up making a mess of all three.",28.0
sudden impact,"Sudden Impact delivers all the firepower -- and the most enduring catchphrase -- fans associate with the Dirty Harry franchise, but it's far from the best film in the series.",56.0
sugar spice,"Though this cheerleader comedy has an intriguing premise, it's too empty-headed and saddled with too many lame jokes to live up to it. Also, some critics say the movie is irresponsible in its depiction of teens and guns.",28.0
suicide squad,"Suicide Squad boasts a talented cast and a little more humor than previous DCEU efforts, but they aren't enough to save the disappointing end result from a muddled plot, thinly written characters, and choppy directing.",26.0
sully,"As comfortingly workmanlike as its protagonist, Sully makes solid use of typically superlative work from its star and director to deliver a quietly stirring tribute to an everyday hero.",85.0
sunlight jr,"It doesn't offer much in the way of uplift, but Sunlight Jr.'s grim storyline is offset by Laurie Collyer's empathetic screenplay and strong performances from Naomi Watts and Matt Dillon.",63.0
sunrise a song of two humans,"Boasting masterful cinematography to match its well-acted, wonderfully romantic storyline, Sunrise is perhaps the final -- and arguably definitive -- statement of the silent era.",98.0
sunset boulevard,"Arguably the greatest movie about Hollywood, Billy Wilder's masterpiece Sunset Boulevard is a tremendously entertaining combination of noir, black comedy, and character study.",99.0
sunshine,"Danny Boyle continues his descent into mind-twisting sci-fi madness, taking us along for the ride. Sunshine fulfills the dual requisite necessary to become classic sci-fi: dazzling visuals with intelligent action.",76.0
superbad,"Deftly balancing vulgarity and sincerity while placing its protagonists in excessive situations, Superbad is an authentic take on friendship and the overarching awkwardness of the high school experience.",88.0
superfly,"Superfly updates the blaxploitation original with a stylish remake that's exciting and visually arresting enough to offer its own slickly staged action rewards, but disappointingly short on social subtext.",50.0
surfs up,"Surf's Up is a laid back, visually stunning animated movie that brings a fresh twist to some familiar conventions. Its witty mockumentary format is fun and inventive, and the CGI is breathtakingly realistic.",79.0
sweeney todd the demon barber of fleet street,"Full of pith and Grand Guignol grossness, this macabre musical is perfectly helmed and highly entertaining. Tim Burton masterfully stages the musical in a way that will make you think he has done this many times before.",86.0
sweet bean an,"Sweet Bean's deliberate pace demands patience, but the satisfying simplicity of its story -- and Kirin Kiki's absorbing performance -- yield an array of riches well worth the wait.",84.0
sweet land,"Finding the right balance between subtle and sentimental, Sweet Land moves beyond other similarly-themed dramas with evocative cinematography that plays an equal role to the talented cast.",85.0
sweet smell of success,"Sweet Smell of Success boasts a top-notch cast, sharp direction, atmospheric cinematography, and an appropriately jazzy score, making it one of the best noir crime thrillers ever made.",98.0
swimming with sharks,"Swimming With Sharks is a smart, merciless Hollywood satire that's darkly hilarious and observant, thanks to Kevin Spacey's performance as ruthless studio mogul Buddy Ackerman.",78.0
system crasher systemsprenger,"While it may test viewers' patience, System Crasher is a thoughtful and compassionate portrait of one child's trauma and anger, featuring an enigmatic Helena Zengel in the lead role.",94.0
t2 trainspotting,"T2 Trainspotting adds an intoxicating, emotionally resonant postscript to its classic predecessor, even without fully recapturing the original's fresh, subversive thrill.",81.0
table 19,"Table 19 is marginally more entertaining than actually sitting with a table full of strangers at a wedding -- although most screenings won't come with an open bar, which makes it a wash.",26.0
tadpole,"Presenting a sexual awakening with surprising candor, Tadpole is a spiky coming of age tale that benefits from a deeply felt performance by Aaron Stanford and a script that is unafraid to wade into morally choppy waters.",78.0
taken 3,"Hampered by toothless PG-13 action sequences, incoherent direction, and a hackneyed plot, Taken 3 serves as a clear signal that it's well past time to retire this franchise.",13.0
takers,"Takers boasts some gripping set pieces and keeps things moving quickly, but its two-dimensional characters, clichéd script, and brazenly derivative plot make it hard to recommend.",28.0
the talented mr ripley,"With Matt Damon's unsettling performance offering a darkly twisted counterpoint to Anthony Minghella's glossy direction, The Talented Mr. Ripley is a suspense thriller that lingers.",83.0
tales from the script,"Tales from the Script can be frustratingly preoccupied with the pitfalls of screenwriting at the expense of loving the craft, but this documentary overall offers a wealth of professional pointers for aspiring storytellers.",75.0
talk radio,"The gripping union of a director and star at the peak of their respective powers, Talk Radio offers the viewer a singularly unlikable character and dares you to look away.",82.0
tallulah,"Tallulah's narrative insight, thoughtfully written characters, and talented cast add up to an absorbing family drama that transcends genre tropes and capably overcomes its flirtations with melodrama.",85.0
tampopo,"Thanks to director Juzo Itami's offbeat humor and sharp satirical edge, Tampopo is a funny, sexy, affectionate celebration of food and its broad influence on Japanese culture.",100.0
tangerine,"Tangerine shatters casting conventions and its filmmaking techniques are up-to-the-minute, but it's an old-fashioned comedy at heart -- and a pretty wonderful one at that.",96.0
targets,A startling directorial debut by Peter Bogdanovich mixes an homage to Boris Karloff horror films with a timely sniper story to create a thriller with modern baggage and old school shock and awe.,89.0
tea with the dames nothing like a dame,Tea with the Dames proves there's plenty of entertainment value to be found in rounding up a quartet of screen legends for a chat -- and is likely to leave audiences wishing these stars would keep brewing up pots for an ongoing series.,98.0
ted 2,"Ted 2 reunites Mark Wahlberg and Seth MacFarlane for another round of sophomoric, scatological humor -- and just as before, your enjoyment will depend on your tolerance for all of the above.",45.0
teen spirit,"Teen Spirit tells a story we know by heart, but writer-director Max Minghella's connection to the material and Elle Fanning's remarkable performance add an effective hook.",71.0
teen titans go to the movies,Teen Titans Go! To the Movies distills the enduring appeal of its colorful characters into a charmingly light-hearted adventure whose wacky humor fuels its infectious fun -- and belies a surprising level of intelligence.,91.0
teenage mutant ninja turtles,"Neither entertaining enough to recommend nor remarkably awful, Teenage Mutant Ninja Turtles may bear the distinction of being the dullest movie ever made about talking bipedal reptiles.",21.0
teenage mutant ninja turtles out of the shadows,"Teenage Mutant Ninja Turtles: Out of the Shadows is a slight improvement over its predecessor, but still lacks the wit or anarchic energy of the comics that birthed the franchise.",37.0
tehran taboo,"Tehran Taboo is a marvelous chronicle of a country through the prism of rotoscope, with the overlay of striking animation giving writer-director Ali Soozandeh's acutely observed characters an extra dimension.",97.0
tequila sunrise,Tequila Sunrise unites three of its decade's most in-demand stars for a slickly packaged crime drama that looks great without ever going anywhere particularly interesting.,52.0
the terminator,"With its impressive action sequences, taut economic direction, and relentlessly fast pace, it's clear why The Terminator continues to be an influence on sci-fi and action flicks.",100.0
terminator 2 judgment day,"T2 features thrilling action sequences and eye-popping visual effects, but what takes this sci-fi/ action landmark to the next level is the depth of the human (and cyborg) characters.",93.0
terminator genisys,"Mired in its muddled mythology, Terminator: Genisys is a lurching retread that lacks the thematic depth, conceptual intelligence, or visual thrills that launched this once-mighty franchise.",27.0
terms of endearment,"A classic tearjerker, Terms of Endearment isn't shy about reaching for the heartstrings -- but is so well-acted and smartly scripted that it's almost impossible to resist.",78.0
texas chainsaw massacre the next generation,"The Next Generation has the fortune of starring early-career Matthew McConaughey and Renée Zellweger, but it services neither headliner well in a convoluted and cheap-looking slasher that doesn't live up to the Texas Chainsaw Massacre legacy.",14.0
thank you for smoking,"Loaded with delightfully unscrupulous characters and and a witty, cynical script, Thank You For Smoking is a sharp satire with a brilliantly smarmy lead performance from Aaron Eckhart.",86.0
that evening sun,"Powered by a formidable leading turn from Hal Holbrook, That Evening Sun is a prime cut of southern gothic that offers plenty of meditative atmosphere for audiences to brood over.",82.0
thats my boy,"While it does represent a new foray into raunch for the normally PG-13 Sandler, That's My Boy finds him repeating himself to diminishing effect - and dragging Andy Samberg down with him.",20.0
the company men,"It might be hard for most viewers to identify with The Company Men's well-heeled protagonists, but writer/director John Wells uses their plight to make universally resonant points -- and gets the most out of his excellent cast.",67.0
the croods,"While it may not be as (ahem) evolved as the best modern animated fare, The Croods will prove solidly entertaining for families seeking a fast-paced, funny cartoon adventure.",71.0
the eagle,"The Eagle has a pleasantly traditional action-adventure appeal, but it's drowned out by Kevin Macdonald's stolid direction and Channing Tatum's uninspired work in the central role.",39.0
the family that preys,"Tyler Perry's The Family that Preys treads the filmmaker's established terrain of family loyalty and moral uprightness, though the occasionally predictable plot slides forward, aided by an excess of soapy melodrama.",53.0
the man,"Despite the steely presence of Samuel L. Jackson and the comic timing of Eugene Levy, The Man's plot is pointless and its jokes rehashed, as it ends up playing out like the Odd Couple with gas.",12.0
the romantics,"The Romantics is visually accomplished, but director Galt Niederhoffer's adaptation of her own novel never finds the passion on the page or offers audiences a reason to invest in these limp love affairs.",14.0
the warriors way,"Perfectly, thoroughly divisive, The Warrior's Way will either be delightful or unbearable, depending on your tolerance for surreal, shamelessly over the top collisions of eastern and western clichés.",31.0
the 100yearold man who climbed out the window and disappeared,"Its efforts to earn laughs can be as ungainly as its title, but for viewers in tune with its absurdist humor, The 100-Year-Old Man Who Climbed Out the Window and Disappeared offers much to recommend.",68.0
the 1517 to paris,"The 15:17 to Paris pays clumsily well-intentioned tribute to an act of heroism, but by casting the real-life individuals involved, director Clint Eastwood fatally derails his own efforts.",23.0
the 33,"The 33 offers an appropriately inspirational account of real-life heroism, but its stirring story and solid performances are undermined by a flawed focus and an overreliance on formula.",48.0
the adderall diaries,"Stylistically overwrought and tedious, The Adderal Diaries aspires for profundity but instead feels like a shambolic class project thrown together right before it was due.",23.0
the african queen,"Perfectly cast, smartly written, and beautifully filmed, The African Queen remains thrilling, funny, and effortlessly absorbing even after more than half a century's worth of adventure movies borrowing liberally from its creative DNA.",98.0
the amazing spiderman 2,"While the cast is outstanding and the special effects are top-notch, the latest installment of the Spidey saga suffers from an unfocused narrative and an overabundance of characters.",51.0
the american,"As beautifully shot as it is emotionally restrained, The American is an unusually divisive spy thriller -- and one that rests on an unusually subdued performance from George Clooney.",65.0
the apparition,"The Apparition fails to offer anything original, isn't particularly scary, and offers so little in the way of dramatic momentum that it's more likely to put you to sleep than thrill you.",3.0
the armstrong lie,"Smartly constructed and scathingly sharp, The Armstrong Lie presents an effective indictment of its unscrupulous subject -- as well as the sports culture that spawned him.",82.0
the art of the steal,"It boasts a terrific cast led by the always-watchable Kurt Russell and Terence Stamp, but The Art of the Steal wastes its stars on a formulaic plot that borrows too obviously from superior heist pictures.",44.0
the autopsy of jane doe,"The Autopsy of Jane Doe subverts the gruesome expectations triggered by its title to deliver a smart, suggestively creepy thriller that bolsters director André Ovredal's growing reputation.",87.0
the beach bum,"The role of a lifetime for Matthew McConaughey, The Beach Bum is set apart by Harmony Korine's distinctive style, but that isn't always enough to offset the unfocused story.",56.0
the beguiled,"The Beguiled adds just enough extra depth to its source material to set itself apart, and director Sofia Coppola's restrained touch is enlivened by strong performances from the cast.",79.0
the benefactor,"The Benefactor has Richard Gere and Dakota Fanning, but no clear idea of what to do with either of them, resulting in a drama that never comes anywhere near its intriguing potential.",26.0
the big short,"The Big Short approaches a serious, complicated subject with an impressive attention to detail -- and manages to deliver a well-acted, scathingly funny indictment of its real-life villains in the bargain.",88.0
the big sick,"Funny, heartfelt, and intelligent, The Big Sick uses its appealing leads and cross-cultural themes to prove the standard romcom formula still has some fresh angles left to explore.",98.0
the birth of a nation,"The Birth of a Nation overpowers its narrative flaws and uneven execution through sheer conviction, rising on Nate Parker's assured direction and the strength of its vital message.",72.0
the black panthers vanguard of the revolution,"The Black Panthers: Vanguard Of The Revolution offers a fascinating -- if somewhat rudimentary -- introduction to a movement, and an era, that remains soberingly relevant today.",92.0
the blackcoats daughter february,"Slow-building and atmospheric, The Blackcoat's Daughter resists girls-in-peril clichés in a supernatural thriller that serves as a strong calling card for debuting writer-director Oz Perkins.",72.0
the bling ring,"While it's certainly timely and beautifully filmed, The Bling Ring suffers from director Sofia Coppola's failure to delve beneath the surface of its shallow protagonists' real-life crimes.",59.0
the book of eli,"It's certainly uneven, and many viewers will find that its reach exceeds its grasp, but The Book of Eli finds the Hughes brothers injecting some fresh stylish fun into the kind of post-apocalyptic wasteland filmgoers have seen more than enough of lately.",47.0
the book of henry,"The Book of Henry deserves a few points for ambition, but its tonal juggling act -- and a deeply maudlin twist -- may leave viewers gaping in disbelief rather than choking back tears.",22.0
the boss,"Melissa McCarthy remains as fiercely talented as ever, but her efforts aren't enough to prop up the baggy mess of inconsistent gags and tissue-thin writing that brings down The Boss.",21.0
the boss baby,"The Boss Baby's talented cast, glimmers of wit, and flashes of visual inventiveness can't make up for a thin premise and a disappointing willingness to settle for doody jokes.",53.0
the bourne legacy,"It isn't quite as compelling as the earlier trilogy, but The Bourne Legacy proves the franchise has stories left to tell -- and benefits from Jeremy Renner's magnetic work in the starring role.",55.0
the breaker upperers,"The Breaker Upperers brings the laughs early and often, thanks to the dry wit -- and effervescent chemistry -- of writer-director-star duo Jackie van Beek and Madeleine Sami.",87.0
the broken circle breakdown,"The Broken Circle Breakdown's reach occasionally exceeds its grasp, but overall, it's an intoxicating, finely wrought romance -- and one with a terrific soundtrack to boot.",82.0
the brothers grimsby,"The Brothers Grimsby showers viewers with a steady stream of Sacha Baron Cohen's edgy humor, but too many gags hit the wrong side of the line between audacious and desperate.",37.0
the bye bye man,"The Bye Bye Man clumsily mashes together elements from better horror films, adding up to a derivative effort as short on originality as it is on narrative coherency or satisfying scares.",19.0
the cabinet of dr caligari das cabinet des dr caligari,"Arguably the first true horror film, The Cabinet of Dr. Caligari set a brilliantly high bar for the genre -- and remains terrifying nearly a century after it first stalked the screen.",98.0
the campaign,"Its crude brand of political satire isn't quite as smart or sharp as one might hope in an election year, but The Campaign manages to generate a sufficient number of laughs thanks to its well-matched leads.",66.0
the canyons,"Oppressively misanthropic and ineptly made, The Canyons serves as a sour footnote in Paul Schrader's career -- but it does feature some decent late-period work from Lindsay Lohan.",21.0
the changeup,"There's a certain amount of fun to be had from watching Bateman and Reynolds play against type, but it isn't enough to carry The Change-Up through its crude humor and formulaic plot.",25.0
the choice,"Like the 10 Nicholas Sparks movies before it, The Choice finds tragedy striking star-crossed lovers in the sun-dappled South -- yet even for those who loved its predecessors, this gauzy melodrama may feel painfully formulaic.",11.0
the christmas chronicles,Viewers seeking a fresh holiday viewing option -- or those simply in the mood for Santa Kurt Russell -- should find The Christmas Chronicles well worth a yuletide stream.,67.0
the class,"Energetic and bright, this hybrid of documentary style and dramatic plotting looks at the present and future of France through the interactions of a teacher and his students in an inner city high school.",95.0
the cobbler,"The Cobbler represents a slight step up from Adam Sandler's recent comedies, but while its cloying sentiment proves a more palatable substitute for his usual crass humor, it still isn't terribly compelling.",10.0
the comedy,"Tim Heidecker's misanthropic role proves him capable as a dramatic performer, yet The Comedy's study of privilege unchecked is never as illuminating nor engaging as it should be.",47.0
the commuter,"The Commuter's cast is better than its workmanlike script - which helps make this reasonably diverting Liam Neeson action thriller worth the price of a matinee ticket or rental, if not a full-price ticket.",56.0
the congress,"The Congress rises on the strength of Robin Wright's powerful performance, with enough ambitious storytelling and technical thrills to overcome its somewhat messy structure.",73.0
the conjuring 2,"The Conjuring 2 can't help but lose a bit of its predecessor's chilly sting through familiarity, but what remains is still a superior ghost story told with spine-tingling skill.",80.0
the conquest,"The Conquest commendably dramatizes French President Nicholas Sarkozy's rise to power, with a persuasive ensemble and a politically astute script handsomely compensating for a generic visual presentation.",77.0
the counselor,The Counselor raises expectations with its talented cast and creative crew -- then subverts them with a wordy and clumsy suspense thriller that's mercilessly short on suspense or thrills.,33.0
the crash reel,"Smart, compassionate, and moving, The Crash Reel uses the familiar sport-doc formula to subvert expectations and ask challenging questions about ambition and achievement.",96.0
the dead lands,"The Dead Lands doesn't add anything new to the primeval quest genre, but its battle scenes boast enough visceral thrills to carry viewers through the more mundane moments.",69.0
the deal,"Dense with detail but light on entertainment value, The Deal turns a potentially riveting subject into a sloppily assembled -- and progressively more implausible -- misfire.",21.0
the death and life of marsha p johnson,The Death and Life of Marsha P. Johnson uses its belated investigation into an activist's murder as the framework for a sobering look at the ongoing battle for equal rights.,96.0
the death of stalin,"The Death of Stalin finds director/co-writer Arnando Iannucci in riotous form, bringing his scabrous political humor to bear on a chapter in history with painfully timely parallels.",95.0
the deer hunter,"Its greatness is blunted by its length and one-sided point of view, but the film's weaknesses are overpowered by Michael Cimino's sympathetic direction and a series of heartbreaking performances from Robert De Niro, Meryl Streep, and Christopher Walken.",93.0
the descent 2,"The Descent 2 goes spelunking for its predecessors' unnerving power but never digs beyond surface chills, although this efficient splatterfest contains enough nasty set pieces to sate the gore-prone.",55.0
the devil wears prada,"A rare film that surpasses the quality of its source novel, this Devil is a witty expose of New York's fashion scene, with Meryl Streep in top form and Anne Hathaway more than holding her own.",75.0
the devils double,"The Devil's Double has plenty of gangster spectacle and Dominic Cooper ably playing off his dual roles, but this crime epic struggles to balance the fun of bad behavior with the dead serious crimes of its subject.",54.0
the diary of a teenage girl,"Boldly unconventional and refreshingly honest, Diary of a Teenage Girl is a frank coming-of-age story that addresses its themes -- and its protagonist -- without judgment.",95.0
the dilemma,"It boasts a likable cast and an interesting premise, but The Dilemma can't decide what to do with them; the result is an uneven blend of cheesy slapstick and surprisingly dark comedy.",25.0
the disappointments room,The Disappointments Room lives down to its title with a thrill-free thriller that presumably left its stars filled with regret - and threatens to do the same for audiences.,0.0
the divergent series allegiant,"Allegiant improves on previous entries in The Divergent Series on a few superficial levels, but they aren't enough to counteract a sense of growing boredom with a franchise that's gone on too long.",11.0
the double,"Hauntingly bleak and thrillingly ambitious, The Double offers Jesse Eisenberg a pair of compelling roles while reaffirming writer-director Richard Ayoade's remarkable talent.",83.0
the dresser,"The Dresser brilliantly showcases two of the most gifted actors of their generation within a thoughtful, well-executed production offering intelligent commentary on the human condition.",100.0
the dressmaker,The Dressmaker boasts a strong central performance by Kate Winslet and a captivating array of narrative weirdness -- all of which may or may not be a comfortable fit with viewers.,57.0
the duff,"The DUFF doesn't achieve teen-movie greatness, but offers enough of a postmodern twist on the genre to recommend -- and boasts typically great work from star Mae Whitman.",73.0
the eagle huntress,"Effectively stirring and bolstered by thrilling visuals, The Eagle Huntress uses its heartwarming message to fill up a feature that might have made for an even more powerful short film.",94.0
the edge of democracy,"Assembled with absorbing insight and passion by director Petra Costa, The Edge of Democracy is a disturbing and expansive overview of how a democratic nation can teeter into autocracy.",97.0
the end of the tour,"Brilliantly performed and smartly unconventional, The End of the Tour pays fitting tribute to a singular talent while offering profoundly poignant observations on the human condition.",92.0
the exception the kaisers last kiss,The Exception (The Kaiser's Last Kiss) elegantly blends well-dressed period romance and war drama into a solidly crafted story further elevated by Christopher Plummer's excellent work and the efforts of a talented supporting cast.,73.0
the expendables 2,"Taut, violent, and suitably self-deprecating, The Expendables 2 gives classic action fans everything they can reasonably expect from a star-studded shoot-'em-up -- for better and for worse.",68.0
the expendables 3,"Like its predecessors, Expendables 3 offers a modicum of all-star thrills for old-school action thriller aficionados -- but given all the talent assembled, it should have been a lot more fun.",32.0
the face of love,"Perhaps worth checking out if only for the opportunity to see reliably powerful work from Annette Bening and Ed Harris, The Face of Love undermines its leads' performances with a scattershot script and aimless direction.",42.0
the fearless vampire killers,"This uneven but amiable 1967 vampire picture is part horror spoof, part central European epic, and 100 percent Roman Polanski, whose signature sensibility colors every frame.",69.0
the fifth estate,"Heavy on detail and melodrama but missing the spark from its remarkable real-life inspiration, The Fifth Estate mostly serves as a middling showcase for Benedict Cumberbatch's remarkable talent.",36.0
the 5th wave,"With unimpressive effects and plot points seemingly pieced together from previous dystopian YA sci-fi films, The 5th Wave ends up feeling like more of a limp, derivative wriggle.",15.0
the fighter,"Led by a trio of captivating performances from Mark Wahlberg, Christian Bale, and Amy Adams, The Fighter is a solidly entertaining, albeit predictable, entry in the boxing drama genre.",90.0
the flintstones,The Flintstones wastes beloved source material and imaginative production design on a tepid script that plunks Bedrock's favorite family into a cynical story awash with lame puns.,22.0
the florida project,The Florida Project offers a colorfully empathetic look at an underrepresented part of the population that proves absorbing even as it raises sobering questions about modern America.,96.0
the flower of my secret la flor de mi secreto,"The Flower of My Secret finds Almodóvar revisiting old themes in a new, more subdued key, yielding a slight but vivacious work that delivers the pleasure of a punchy novella.",83.0
the flowers of war,"Zhang Yimou's stylistic flair is in full bloom during The Flowers of War, but his colorful treatment of a historical genocide ultimately does a disservice to the horrifying events' inherent drama.",41.0
the forbidden room,"The Forbidden Room may frustrate viewers looking for a linear experience, but those seeking a challenge -- or already familiar with director Guy Maddin's work -- will be rewarded.",96.0
the forest,"The Forest offers Natalie Dormer a few chances to showcase her range in a dual role, but they aren't enough to offset the fact that the movie's simply not all that scary.",10.0
the founder,"The Founder puts Michael Keaton's magnetic performance at the center of a smart, satisfying biopic that traces the rise of one of America's most influential businessmen -- and the birth of one of its most far-reaching industries.",80.0
the fountain,"The Fountain -- a movie about metaphysics, universal patterns, Biblical symbolism, and boundless love spread across one thousand years -- is visually rich but suffers from its own unfocused ambitions.",52.0
the frisco kid,Not even a genial Gene Wilder or a dashing Harrison Ford can rescue The Frisco Kid from a monotonous procession of gently comedic sketches that never cohere into a memorable yarn.,50.0
hemingways garden of eden,"Garden of Eden dramatizes Ernest Hemingway's clipped storytelling without carrying over the intelligence that undergirded the author's writing, yielding a thin drama full of artifice and no feeling.",4.0
the gatekeepers,"Strikingly stark, brutally honest, and rivetingly assembled, The Gatekeepers offers essential perspective on a seemingly intractable war from some of the men who fought it.",94.0
the ghost of peter sellers,"A soul-searching act of therapy for its director, The Ghost of Peter Sellers offers absorbing insight into how some decisions -- and people -- can haunt us long after they're gone.",95.0
the girl,"The Girl may be too prosaic to properly evoke its subject, but sterling performances by Toby Jones and Sienna Miller bring to life one of cinematic history's most horrific abuses of power.",70.0
the girl who kicked the hornets nest,"Slow and mostly devoid of the stellar chemistry between its two leads, The Girl Who Kicked The Hornet's Nest is a disappointingly uneven conclusion to the Millennium trilogy.",54.0
the girl with all the gifts,The Girl with All the Gifts grapples with thought-provoking questions without skimping on the scares -- and finds a few fresh wrinkles in the well-worn zombie horror genre along the way.,86.0
the girl with the dragon tattoo,"Its graphic violence and sprawling length will prove too much for some viewers to take, but Noomi Rapace's gripping performance makes The Girl with the Dragon Tattoo an unforgettable viewing experience.",85.0
the glass castle,"The Glass Castle has an affecting real-life story and a hard-working cast in its corner, but they aren't enough to outweigh a fundamentally misguided approach to the material.",52.0
the good dinosaur,"The Good Dinosaur delivers thrillingly beautiful animation in service of a worthy story that, even if it doesn't quite live up to the lofty standards set by Pixar, still adds up to charming, family-friendly entertainment.",76.0
the good lie,"The Good Lie sacrifices real-life nuance in order to turn its true story into a Hollywood production, but the results still add up to a compelling, well-acted, and deeply moving drama.",88.0
the gospel of john,"The Gospel of John takes a reverent approach to its story without ever bringing it to life, proving that cribbing from the Good Book isn't enough to guarantee a good movie.",37.0
the grandmaster,"Though its storytelling is a tad muddled, Wong Kar Wai's The Grandmaster still exhibits the auteur's stylistic flourishes in gorgeous cinematography and explosive action set pieces.",78.0
the great gatsby,While certainly ambitious -- and every bit as visually dazzling as one might expect -- Baz Luhrmann's The Great Gatsby emphasizes visual splendor at the expense of its source material's vibrant heart.,48.0
the great train robbery,"Laboriously paced and overly talky, The Great Train Robbery nevertheless pulls off a thrillingly staged finale anchored by winning performances from Donald Sutherland and Sean Connery.",73.0
the great wall,"For a Yimou Zhang film featuring Matt Damon and Willem Dafoe battling ancient monsters, The Great Wall is neither as exciting nor as entertainingly bonkers as one might hope.",36.0
the greatest showman,The Greatest Showman tries hard to dazzle the audience with a Barnum-style sense of wonder -- but at the expense of its complex subject's far more intriguing real-life story.,56.0
the grinch,The Grinch gives the classic Seuss source material a brightly animated update that's solidly suitable for younger viewers without adding substantially to the story's legacy.,60.0
the guardian,"The Coast Guard gets its chance for a heroic movie tribute, but The Guardian does it no justice, borrowing cliche after cliche from other (and better) military branch movies.",37.0
the guardians les gardiennes,The Guardians proves that the oft-unraveled canvas of World War I still has fresh stories to tell -- and adds another gorgeously filmed entry to Xavier Beauvois' filmography.,93.0
the guilt trip,"Seth Rogen and Barbra Streisand have enough chemistry to drive a solidly assembled comedy; unfortunately, The Guilt Trip has a lemon of a script and is perilously low on comedic fuel.",37.0
the gunman,"With an uninspired plot and rote set pieces that are overshadowed by its star's physique, The Gunman proves a muddled misfire in the rapidly aging Over-50 Action Hero genre.",16.0
the hangover part ii,"A crueler, darker, raunchier carbon copy of the first installment, The Hangover Part II lacks the element of surprise -- and most of the joy -- that helped make the original a hit.",33.0
the hateful eight,"The Hateful Eight offers another well-aimed round from Quentin Tarantino's signature blend of action, humor, and over-the-top violence -- all while demonstrating an even stronger grip on his filmmaking craft.",75.0
the help,"Though it fails to fully engage with its racial themes, The Help rises on the strength of its cast -- particularly Viola Davis, whose performance is powerful enough to carry the film on its own.",76.0
the hero,"The Hero rests on Sam Elliott's understated performance, which proves more than capable of carrying the film through the less inspired moments of its somewhat clichéd story.",78.0
the high note,"The High Note doesn't quite soar above rom-com formula, but audiences seeking some comfort viewing should find themselves solidly in harmony with this well-acted genre entry.",70.0
the hobbit the battle of the five armies,"Though somewhat overwhelmed by its own spectacle, The Hobbit: The Battle of the Five Armies ends Peter Jackson's second Middle-earth trilogy on a reasonably satisfying note.",59.0
the hobbit the desolation of smaug,"While still slightly hamstrung by ""middle chapter"" narrative problems and its formidable length, The Desolation of Smaug represents a more confident, exciting second chapter for the Hobbit series.",74.0
the hollars,"The Hollars gathers an impressive assortment of talented stars; unfortunately, it's all in service of a story that's been played out more effectively in countless other indie dramedies.",47.0
the house of the devil,"Though its underlying themes are familiar, House of the Devil effectively sheds the loud and gory cliches of contemporary horror to deliver a tense, slowly building throwback to the fright flicks of decades past.",85.0
the human centipede ii full sequence,"The Human Centipede II (Full Sequence) attempts to weave in social commentary but as the movie wears on, it loses its ability to repulse and shock and ends up obnoxious and annoying.",29.0
the human centipede iii final sequence,"Human Centipede fans may find enough extreme body horror in the third installment to satisfy, but filmgoers of every other persuasion are strongly advised to stay far, far away from Final Sequence.",17.0
the hundredfoot journey,"Director Lasse Hallström does lovely work and Helen Mirren is always worth watching, but The Hundred-Foot Journey travels predictable ground already covered by countless feel-good dramedies.",67.0
the hunger games catching fire,"Smart, smoothly directed, and enriched with a deeper exploration of the franchise's thought-provoking themes, Catching Fire proves a thoroughly compelling second installment in the Hunger Games series.",90.0
the hunger games mockingjay part 1,"The Hunger Games: Mockingjay - Part 1 sets up the franchise finale with a penultimate chapter loaded with solid performances and smart political subtext, though it comes up short on the action front.",69.0
the iceman,"While it deserved stronger direction and a more fully realized script, Michael Shannon's riveting performance in the title role is more than enough to make The Iceman recommended viewing.",66.0
the imaginarium of doctor parnassus,"Terry Gilliam remains as indulgent as ever, but The Imaginarium of Doctor Parnassus represents a return to the intoxicatingly imaginative, darkly beautiful power of his earlier work, with fine performances to match all the visual spectacle.",64.0
the imitation game,"With an outstanding starring performance from Benedict Cumberbatch illuminating its fact-based story, The Imitation Game serves as an eminently well-made entry in the ""prestige biopic"" genre.",89.0
the impossible,"The screenplay isn't quite as powerful as the direction or the acting, but with such an astonishing real-life story at its center, The Impossible is never less than compelling.",81.0
the inbetweeners,"It arguably plays most strongly to fans of the British series, but even viewers who have never seen The Inbetweeners on TV may find themselves won over by the film's surprisingly tender ribaldry.",53.0
the incredible hulk,"The Incredible Hulk may not be quite the smashing success that fans of Marvel's raging behemoth might hope for, but it offers more than enough big green action to make up for its occasionally puny narrative.",67.0
the incredible jessica james,"The Incredible Jessica James makes its standard storyline feel new, almost purely on the strength of a captivating, potentially star-making performance from Jessica Williams.",88.0
the inevitable defeat of mister pete,The Inevitable Defeat of Mister & Pete uses its compelling streetwise setting -- and powerful performances from its young leads -- to offer a refreshing twist on the coming-of-age formula.,86.0
the infiltrator,The Infiltrator's compelling fact-based story and tremendously talented cast are often just enough to balance out its derivative narrative and occasionally clunky execution.,72.0
the insult linsulte,The Insult uses its familiar courtroom drama framework to deliver a hard-hitting statement on modern Middle Eastern politics that's as gripping as it is thought-provoking.,87.0
the internship,The Internship weighs down Vince Vaughn and Owen Wilson's comic charisma with a formulaic script and padded running time that leans heavily on its stars' easygoing interplay.,35.0
the intruder,"The Intruder might appeal to fans of shout-at-the-screen cinema, but this thriller's ludicrous plot robs it of suspense -- and undermines Dennis Quaid's suitably over-the-top performance.",33.0
the inventor out for blood in silicon valley,"Alex Gibey's The Inventor declines to outright condemn the actions by Theranos founder Elizabeth Holmes, but instead provides a comprehensive overview of the scandal that allows viewers to mull over its implications towards the broader Silicon Valley.",78.0
the invisible woman,"Its deliberate pace will frustrate some viewers, but for fans of handsomely mounted period drama, The Invisible Woman offers visual as well as emotional cinematic nourishment.",75.0
the ivory game,"Hard-hitting and ambitious to a fault, The Ivory Game serves as a fittingly urgent call to action against a looming threat against vulnerable wildlife and a fragile ecosystem.",81.0
the jungle book,"As lovely to behold as it is engrossing to watch, The Jungle Book is the rare remake that actually improves upon its predecessors -- all while setting a new standard for CGI.",94.0
the karate kid part iii,"Inspiration is in short supply in this third Karate Kid film, which recycles the basic narrative from its predecessors but adds scenery-chewing performances and a surprising amount of violence.",15.0
the killer inside me,"The Killer Inside Me is stylish and beautifully shot, but Michael Winterbottom's distance from his characters robs this often brutally violent film of crucial emotional context.",55.0
the kindergarten teacher haganenet,"The Kindergarten Teacher's crypticness can needlessly feel like homework, but Nadav Lapid's provocative direction and committed performances give this tale of mentorship and possession a disquieting sting.",77.0
the king of staten island,"The King of Staten Island's uncertain tone and indulgent length blunt this coming-of-age dramedy's ability to find itself, but Pete Davidson's soulful performance holds it together.",74.0
the lady,"Even as The Lady focuses on Aung San Suu Kyi's romantic life parallel to her political ascendancy, Luc Besson's saccharine direction is too concerned with deifying the Nobel Prize-winner for her humanity to actually shine through.",36.0
the last 5 years,"The Last Five Years hits a few awkward notes in its transition from stage to screen, but its freshness and sincere charm -- and well-matched stars -- offer their own rewards.",60.0
the last days on mars,"Neither intelligent enough to work as thought-provoking sci-fi nor trashy enough to provide B-movie thrills, The Last Days on Mars proves as cinematically barren as the titular planet.",18.0
the last dragon,"The Last Dragon is a flamboyant genre mashup brimming with style, romance, and an infectious fondness for kung fu, but audiences may find the tonal whiplash more goofy than endearing.",58.0
the last laugh,"Chevy Chase and Richard Dreyfuss are a sight for sore eyes, but they unfortunately do not get The Last Laugh in a generic buddy comedy that never musters any jokes worthy of their comedic chops.",53.0
the last man on the moon,The Last Man on the Moon takes a justifiably reverent look at a largely unexplored chapter in the history of American space exploration -- and a side of astronaut's lives that's rarely considered.,94.0
the last movie star,"The Last Movie Star has a few poignant moments thanks to Burt Reynolds and Ariel Winter, but their performances are stranded in a middling drama unworthy of their efforts.",59.0
the last of the unjust,"Documentarian Claude Lanzmann brings the ghosts of the Holocaust back to vivid life once again The Last of the Unjust, a dense and haunting investigation into complicity and moral quandary.",96.0
the last witch hunter,"Grim, plodding, and an overall ill fit for Vin Diesel's particular charms, The Last Witch Hunter will bore and/or confuse all but the least demanding action-fantasy fans.",18.0
the legacy of a whitetail deer hunter,The Legacy of a Whitetail Deer Hunter wastes a promising premise and talented cast on a frustratingly uneven comedy that lacks enough laughs to forgive its narrative flaws.,30.0
the legend of cocaine island,"Rodney Hyden's quixotic quest for riches makes The Legend of Cocaine Island a mirthful adventure, although director Theo Love's stylistic flourishes are often counterproductive in conveying the inherent interest of this true story.",78.0
the letters,"The Letters tries to honor Mother Teresa with an unstintingly positive portrayal of her life and works, but ends up smothering a fascinating real-life story under a bland hagiography.",29.0
the light between oceans,"The Light Between Oceans presents a well-acted and handsomely mounted adaptation of its bestselling source material, but ultimately tugs on the heartstrings too often to be effective.",61.0
the lion king,"While it can take pride in its visual achievements,The Lion King is a by-the-numbers retelling that lacks the energy and heart that made the original so beloved--though for some fans that may just be enough.",52.0
the lives of others,"Unlike more traditional spy films, The Lives of Others doesn't sacrifice character for cloak and dagger chases, and the performances (notably that by the late Ulrich Muhe) stay with you.",93.0
the lobster,"As strange as it is thrillingly ambitious, The Lobster is definitely an acquired taste -- but for viewers with the fortitude to crack through Yorgos Lanthimos' offbeat sensibilities, it should prove a savory cinematic treat.",87.0
the lone ranger,"Armie Hammer and Johnny Depp make for an appealing pair of leads, but they're not enough to make up for The Lone Ranger's bland script, bloated length, and blaring action overkill.",30.0
the loneliest planet,"The source material that inspired The Loneliest Planet may be brief, but this adaptation of a Tom Bissell short story compensates with studious, finely detailed filmmaking, haunting visuals, and thought-provoking subtext.",74.0
the longest ride,"The Longest Ride is less manipulative than the average Nicholas Sparks film, but it's still saccharine and hopelessly contrived -- not that it'll matter to the target audience.",31.0
the look of love,While it may not add up to the definitive Paul Raymond biopic -- or take full advantage of Steve Coogan's many gifts -- The Look of Love still proves an entertainingly old-fashioned look at the Swinging London of the 1960s.,54.0
the lost city of z,"The Lost City of Z's stately pace and visual grandeur hearken back to classic exploration epics, and Charlie Hunnam turns in a masterful performance as its complex protagonist.",87.0
the love punch,"In spite of a pair of extremely talented leads and a premise that should lend itself to entertaining action and comedy, The Love Punch manages to waste it all on a bungled attempt at classic caper cinema.",29.0
the lovers and the despot,The Lovers and the Despot offers a compelling -- albeit by no means comprehensive -- look at one of the more bizarrely stranger-than-fiction episodes in cinematic history.,79.0
the lucky one,"While it provides the requisite amount of escapist melodrama, The Lucky One ultimately relies on too many schmaltzy clichés to appeal to anyone not already familiar with the Nicholas Sparks formula.",20.0
the magic of belle isle,"Neither Rob Reiner nor Morgan Freeman are able to conjure up their old magic in this dull trifle, with both director and star appearing content to tread through the paces of the saccharine script.",29.0
the magnificent seven,The Magnificent Seven never really lives up to the superlative in its title -- or the classics from which it draws inspiration -- but remains a moderately diverting action thriller on its own merits.,64.0
the man from uncle,"The Man from U.N.C.L.E. tries to distract from an unremarkable story with charismatic stars and fizzy set pieces, adding up to an uneven action thriller with just enough style to overcome its lack of substance.",67.0
the man who killed hitler and then the bigfoot,"The Man Who Killed Hitler and Then the Bigfoot just about lives up to the wild promise of its title, due in no small part to Sam Elliott's world-weary work in the title role.",75.0
the man who knew infinity,"The Man Who Knew Infinity might be a tad too conventional to truly do its subject justice, but Dev Patel and Jeremy Irons elevate the end result beyond mere biopic formula.",63.0
the man who knew too much,"Remaking his own 1934 film, Hitchcock imbues The Man Who Knew Too Much with picturesque locales and international intrigue, and is helped by a brilliantly befuddled performance from James Stewart.",87.0
the marriage of maria braun die ehe der maria braun,"Hanna Schygulla is a knockout in The Marriage of Maria Braun, an intimate epic that reaffirms Rainer Werner Fassbinder's mastery of examining multifaceted people and a complicated nation.",92.0
the martian,"Smart, thrilling, and surprisingly funny, The Martian offers a faithful adaptation of the bestselling book that brings out the best in leading man Matt Damon and director Ridley Scott.",91.0
the maze runner,"With strong acting, a solid premise, and a refreshingly dark approach to its dystopian setting, The Maze Runner stands out from the crowded field of YA sci-fi adventures.",65.0
the meyerowitz stories new and selected,The Meyerowitz Stories (New and Selected) observes the family dynamic through writer-director Noah Baumbach's bittersweet lens and the impressive efforts of a remarkable cast.,92.0
the monster,The Monster uses its effectively simple setup and a powerful lead performance from Zoe Kazan to deliver a traditional yet subtly subversive -- and thoroughly entertaining -- horror story.,81.0
the mortal instruments city of bones,The Mortal Instruments: City of Bones borrows ingredients from seemingly every fantasy franchise of the last 30 years -- but can't seem to figure out what to do with them.,13.0
the mummy,"Lacking the campy fun of the franchise's most recent entries and failing to deliver many monster-movie thrills, The Mummy suggests a speedy unraveling for the Dark Universe.",16.0
the naked gun 33 13 the final insult,"Naked Gun 33 1/3: The Final Insult can't help but be sporadically funny thanks to Leslie Nielsen's dependably solid work, but it's still a steep comedown from the original.",54.0
the new romantic,"The New Romantic doesn't quite achieve the level of storytelling sophistication it aspires to, but Jessica Barden's performance elevates this enjoyable rom-com with a twist.",62.0
the night before,"The Night Before provokes enough belly laughs to qualify as a worthwhile addition to the list of Christmas comedies worth revisiting, even if it isn't quite as consistent as the classics.",68.0
the night listener,"This psychological thriller compels by blurring the line between truth and fiction; unfortunately, the film itself gets muddled in a hazy account of Maupin's original novel.",40.0
the nines,"Though The Nines doesn't solidify as well as writer/director John August would hope for, Ryan Reynolds's strong performance makes each of the film's intriguing segments worth watching.",65.0
the normal heart,"Thanks to Emmy-worthy performances from a reputable cast, The Normal Heart is not only a powerful, heartbreaking drama, but also a vital document of events leading up to and through the early AIDS crisis.",94.0
the november man,"The November Man has a few of the ingredients necessary for a better-than-average spy thriller, making it all the more disappointing that it falls back on dull genre clichés.",35.0
the number 23,"Jim Carrey has been sharp in a number of non-comedic roles, but this lurid, overheated, and self-serious potboiler is not one of them. The Number 23 is clumsy, unengaging, and mostly confusing.",8.0
the nut job,"Hampered by an unlikable central character and source material stretched too thin to cover its brief running time, The Nut Job will provoke an allergic reaction in all but the least demanding moviegoers.",13.0
the nut job 2 nutty by nature,"The Nut Job 2: Nutty by Nature may be a slight improvement over its predecessor, but its frantic animated antics still offer minimal entertainment to all but the least discriminating viewers.",14.0
the nutcracker and the four realms,"Lacking a transporting yuletide story or dazzling dance routines, The Nutcracker and the Four Realms is a hollow holiday confection that's lovely to look at -- and easy to forget.",32.0
the old man the gun,"A well-told story brought to life by a beautifully matched cast, The Old Man & the Gun is pure, easygoing entertainment for film fans - and a fitting farewell to a legend.",93.0
the one,"The One plays more like a video game than a movie and borrows freely from other, better sci-fi actioners, burying Jet Li's spectacular talents under heaps of editing and special effects.",14.0
the oogieloves in the big balloon adventure,"Although it may serve as a passing diversion for very young viewers, The Oogieloves fails to offer much more than several brightly colored examples of the worst stereotypes of modern children's entertainment.",30.0
the oranges,"Despite the efforts of its accomplished cast, The Oranges suffers from a mediocre script that fails to deliver well-rounded characters, dramatic tension, or sufficient laughs.",31.0
the order of myths,"More than a documentary about the oldest Mardi Gras celebration in the south, Order of Myths encompasses the eccentric characters of Mobile and the still-lingering racial tensions that surround them.",100.0
the other woman,"The Other Woman definitely boasts a talented pedigree, but all that skill is never fully brought to bear on a story that settles for cheap laughs instead of reaching its empowering potential.",25.0
the outsider,"Starring a disengaged Jared Leto and stuffed with gangster cliches, The Outsider never distinguishes itself enough to gain admittance into the inner circle of good yakuza pictures.",17.0
the patience stone,"It may prove frustratingly slow for some viewers, but more contemplative filmgoers will find themselves rewarded by The Patience Stone's quietly fierce storytelling, as well as a searing starring turn from Golshifteh Farahani.",85.0
the peanuts movie,The Peanuts Movie offers a colorful gateway into the world of its classic characters and a sweetly nostalgic -- if relatively unambitious -- treat for the adults who grew up with them.,87.0
the pirates band of misfits,"It may not quite scale Aardman's customary delirious heights, but The Pirates! still represents some of the smartest, most skillfully animated fare that modern cinema has to offer.",86.0
the place beyond the pines,"Ambitious to a fault, The Place Beyond the Pines finds writer/director Derek Cianfrance reaching for -- and often grasping -- thorny themes of family, fatherhood, and fate.",78.0
the possession,"It may be based on a true story, but that doesn't excuse the way The Possession repeatedly falls back on hoary ghost movie clichés -- or the uninentional laughs it provides.",39.0
the possession of hannah grace,The Possession of Hannah Grace feints at real horror just often enough to offer hints of the movie it should have been -- and further frustrate viewers seeking a good scare.,18.0
the predator,"The Predator has violence and quips to spare, but its chaotically hollow action adds up to another missed opportunity for a franchise increasingly defined by disappointment.",32.0
the program,Ben Foster's impressive efforts to channel Lance Armstrong are often enough to power The Program past director Stephen Frears' frustrating unwillingness to delve deeper into its real-life story.,62.0
the purge anarchy,"Gritty, grisly, and uncommonly ambitious, The Purge: Anarchy represents a slight improvement over its predecessor, but it's still never as smart or resonant as it tries to be.",57.0
the raid 2,"Although its high-energy plot and over-the-top violence may play better with genre aficionados, The Raid 2 definitely delivers more of everything audiences loved about its predecessor.",81.0
the red turtle la tortue rouge,The Red Turtle adds to Studio Ghibli's estimable legacy with a beautifully animated effort whose deceptively simple story boasts narrative layers as richly absorbing as its lovely visuals.,93.0
the reluctant fundamentalist,"The Reluctant Fundamentalist is technically proficient, with solid acting and cinematography, but its message is so ambitious and heavy-handed that some of its power is robbed.",57.0
the rescuers,"Featuring superlative animation, off-kilter characters, and affectionate voice work by Bob Newhart and Eva Gabor, The Rescuers represents a bright spot in Disney's post-golden age.",81.0
the revenant,"As starkly beautiful as it is harshly uncompromising, The Revenant uses Leonardo DiCaprio's committed performance as fuel for an absorbing drama that offers punishing challenges -- and rich rewards.",78.0
the rite,"Anthony Hopkins is as excellent as ever, but he's no match for The Rite's dawdling pace and lack of chills -- or Colin O'Donoghue's tentative performance in the leading role.",21.0
the river,"Jean Renoir's first film shot in color takes full advantage of its broadened palette, yielding a visually virtuosic coming of age tale filled with moving performances and vibrant hues.",92.0
the rocky horror picture show lets do the time warp again,"Laverne Cox's fabulous portrayal of Frank N. Furter leads a strong ensemble effort, but the stars can't infuse this reimagining with enough energy, creativity, and quirk to make TRHPS: Let's Do the Time Warp Again a worthwhile endeavor.",28.0
the runaways,"Viewers expecting an in-depth biopic will be disappointed, but The Runaways is as electric as the band's music, largely thanks to strong performances from Michael Shannon, Dakota Fanning, and Kristen Stewart.",69.0
the rundown,"The Rundown doesn't break any new ground, but it's a smart, funny buddy action picture with terrific comic chemistry between Dwayne ""The Rock"" Johnson and Seann William Scott.",69.0
the salesman forushande,"The Salesman takes an ambitiously complex look at thought-provoking themes, and the well-acted results prove another consistently absorbing entry in writer-director Asghar Farhadi's distinguished filmography.",96.0
the salt of the earth,"While the work it honors may pose thorny ethical questions that Salt of the Earth neglects to answer, it remains a shattering, thought-provoking testament to Sebastião Salgado's career.",95.0
the salvation,"It's all but impossible to add anything new or fresh to the traditional Western, but -- thanks in no small part to Mads Mikkelson's performance -- The Salvation comes close.",72.0
the sea of trees,"Dull, maudlin, and fundamentally empty, The Sea of Trees extinguishes the contributions of a talented cast and marks a depressing low point in director Gus Van Sant's career.",17.0
the secret scripture,"The Secret Scripture has acclaimed source material and a well-chosen cast in its corner, but despite its stars' valiant efforts, this adaptation was better left on the page.",36.0
the selfish giant,"Starkly emotional and beautifully directed, The Selfish Giant uses a lovely script and some powerful performances to present some of the best that modern British cinema has to offer.",98.0
the sense of an ending,"Anchored by a strong starring performance by Jim Broadbent, The Sense of an Ending proves consistently gripping even as it skims the narrative surface of its literary source material.",75.0
the sessions,"Tender, funny, and touching, The Sessions provides an acting showcase for its talented stars and proves it's possible for Hollywood to produce a grown-up movie about sex.",91.0
the shape of water,The Shape of Water finds Guillermo del Toro at his visually distinctive best -- and matched by an emotionally absorbing story brought to life by a stellar Sally Hawkins performance.,92.0
the silence,The Silence has nothing new to say with a derivative premise and placid pacing -- even a wasted Stanley Tucci is unable to elevate the stodgy material a decibel above dreadful.,30.0
the single moms club,"The Single Moms' Club finds Tyler Perry avoiding some of the pitfalls of his earlier work, but continuing to rely on heavy-handed melodrama at the expense of sensible characters or absorbing storylines.",18.0
the smurfs,The Smurfs assembles an undeniably talented cast of voice actors and live-action stars -- then crushes them beneath a blue mound of lowest-common-denominator kiddie fare.,21.0
the snowtown murders,"It's a bleak and brutal endurance test, but for viewers with the strength and patience to make it to the end, Snowtown will prove an uncommonly powerful viewing experience.",83.0
the space between us,The Space Between Us strands its star-crossed young lovers in a mind-numbingly vast expanse of shameless cheese that will send all but the most forgiving viewers eye-rolling for the exits.,16.0
the square,The Square finds writer-director Ruben Östlund as ambitious as ever -- and delivering an unforgettably unusual work whose challenging themes pay thought-provoking dividends.,85.0
the strangers prey at night,"The Strangers: Prey at Night may appeal to fans of the original who've been jonesing for a sequel, but its thin story and ironic embrace of genre tropes add up to a bloody step back.",39.0
the sugarland express,"Its plot may ape the countercultural road movies of its era, but Steven Spielberg's feature debut displays many of the crowd-pleasing elements he'd refine in subsequent films.",85.0
the sunset limited,"The Sunset Limited's ambition is undercut by arch dialogue and a claustrophobic setting, but Tommy Lee Jones and Samuel L. Jackson's dueling performances bring heft to this battle of wills.",68.0
the thorn in the heart,"Michel Gondry's directorial style is as bewitching as ever, but his intensely personal subject matter may leave viewers wondering why The Thorn in the Heart didn't stay in the family.",52.0
the three musketeers,"It plays admirably fast and loose with Alexandre Dumas' classic tale, but in every other respect, The Three Musketeers offers nothing to recommend -- or to set it apart from the many other film adaptations.",26.0
the to do list,"The To Do List may play things disappointingly safe given its rather daring premise, but writer-director Maggie Carey's sure hand -- and Aubrey Plaza's performance -- keep the laughs coming.",55.0
the transporter refueled,"The Transporter Refueled has little to offer beyond a handful of decent action sequences, leaving this reboot's title feeling more like wishful thinking than a restatement of purpose.",16.0
the trials of muhammad ali,"Director Bill Siegel doesn't explore any new boundaries of the documentary with The Trials of Muhammad Ali, but his subject is so inherently fascinating that the movie proves gripping in spite of its familiar beats.",89.0
the trip,"Amiable, funny and sometimes insightful, The Trip works as both a showcase for the enduring chemistry between stars Steve Coogan and Rob Brydon and an unexpected perusal of men entering mid-life crises.",89.0
the trip to spain,"The Trip to Spain offers more of the same scenery, food, and conversation that filled Steve Coogan and Rob Brydon's first two Trips -- which is to say, more of a good thing.",83.0
the trust,"The Trust may not be an all-time heist classic, but its solidly workmanlike plot -- and the chemistry between Nicolas Cage and Elijah Wood -- should satisfy genre enthusiasts.",63.0
the twilight saga breaking dawn part 2,"It's the most entertaining Twilight, but that's not enough to make Breaking Dawn Part 2 worth watching for filmgoers who don't already count themselves among the franchise converts.",49.0
the unknown known,Viewers hoping to see Donald Rumsfeld admit making mistakes in public office (or hoping Errol Morris will force him to give straight answers) may find The Unknown Known frustrating -- but no less fascinating.,82.0
the war of the worlds,"Though it's dated in spots, The War of the Worlds retains an unnerving power, updating H.G. Wells' classic sci-fi tale to the Cold War era and featuring some of the best special effects of any 1950s film.",89.0
the way way back,"Despite its familiar themes, The Way Way Back makes use of its talented cast, finely tuned script, and an abundance of charm to deliver a funny and satisfying coming-of-age story.",84.0
the wedding guest,"The Wedding Guest makes a compelling argument for Dev Patel as an actor worthy of diverse leading roles, even if the movie's less than the sum of its action thriller parts.",44.0
the white crow,"The White Crow lacks the nimble grace of its subject, but as a reasonably diverting primer on a pivotal period in the life of a brilliant artist, it just about sticks the landing.",66.0
the wild life,The Wild Life uses its classic source material as a half-hearted springboard into a colorfully animated but essentially empty experience that only the youngest of viewers will find at all entertaining.,17.0
the witch,"As thought-provoking as it is visually compelling, The Witch delivers a deeply unsettling exercise in slow-building horror that suggests great things for debuting writer-director Robert Eggers.",90.0
the witches,"With a deliciously wicked performance from Angelica Huston and imaginative puppetry by Jim Henson's creature shop, Nicolas Roeg's dark and witty movie captures the spirit of Roald Dahl's writing like few other adaptations.",93.0
the wolverine,"Although its final act succumbs to the usual cartoonish antics, The Wolverine is one superhero movie that manages to stay true to the comics while keeping casual viewers entertained.",71.0
the words,"Neither as clever nor as interesting as it appears to think it is, The Words maroons its talented stars in an overly complex, dramatically inert literary thriller that's ultimately a poor substitute for a good book.",24.0
the world before your feet,The World Before Your Feet offers a perspective on New York City that might be entrancingly unfamiliar even to residents -- and beckons viewers toward a more attentive way of life.,100.0
the worlds end,"Madcap and heartfelt, Edgar Wright's apocalypse comedy The World's End benefits from the typically hilarious Simon Pegg and Nick Frost, with a plethora of supporting players.",89.0
the wretched,The Wretched stirs up a savory blend of witch-in-the-woods horror ingredients that should leave genre fans hungry for a second helping from writer-directors Brett and Drew T. Pierce.,74.0
the zero theorem,"Fans of director Terry Gilliam's trademark visual aesthetic will find everything they've bargained for, but for the unconverted, The Zero Theorem may prove too muddled to enjoy.",49.0
thelma louise,"Simultaneously funny, heartbreaking, and peppered with action, Ridley Scott's Thelma & Louise is a potent, well-acted road movie that transcends the feminist message at its core.",84.0
there will be blood,"Widely touted as a masterpiece, this sparse and sprawling epic about the underhanded ""heroes"" of capitalism boasts incredible performances by leads Daniel Day-Lewis and Paul Dano, and is director Paul Thomas Anderson's best work to date.",92.0
these final hours,"Writer-director Zak Hilditch's thought-provoking screenplay -- and a stellar performance from young Angourie Rice -- make These Final Hours worth watching, even if its end-of-the-world premise is overly familiar.",84.0
they came together,"They Came Together is surprisingly messy and perhaps too smart for its own good, but Amy Poehler and Paul Rudd's chemistry is enough to overcome many of the movie's flaws.",68.0
things to come lavenir,"A union to cherish between a writer-director and star working at peak power, Things to Come offers quietly profound observations on life, love, and the irrevocable passage of time.",99.0
third person,"Third Person finds writer-director Paul Haggis working with a stellar cast and a worthy premise; unfortunately, he fails to fashion a consistently compelling movie out of the intriguing ingredients at his disposal.",25.0
this boys life,"A harrowing, moving drama about a young boy, his single mother, and his abusive stepfather, This Boy's Life benefits from its terrific cast, and features a breakout performance from a young Leonardo DiCaprio.",76.0
one direction this is us,"It's mostly for the converted, but One Direction: This Is Us will be fun for fans -- and it offers just enough slickly edited concert footage to entertain the casual viewer.",63.0
this must be the place,"This Must Be the Place may feature too many wayward detours to satisfy some passengers, but Sean Penn's beguiling performance and Paolo Sorrentino's scenic visuals make this a road trip worth following.",67.0
this sporting life,"Appropriately hard-hitting on narrative as well as physical levels, The Sporting Life remains a British ""kitchen sink"" classic that's beautiful to look at and leaves a lingering mark.",95.0
thomas and the magic railroad,"Kids these days demand cutting edge special effects or at least a clever plot with cute charectors. This movie has neither, having lost in its Americanization what the British original did so right.",21.0
thor ragnarok,"Exciting, funny, and above all fun, Thor: Ragnarok is a colorful cosmic adventure that sets a new standard for its franchise -- and the rest of the Marvel Cinematic Universe.",93.0
thor the dark world,"It may not be the finest film to come from the Marvel Universe, but Thor: The Dark World still offers plenty of the humor and high-stakes action that fans have come to expect.",66.0
three colors blue trois couleurs bleu,"Three Colors: Blue contains some of director/co-writer Krzysztof Kieslowski's most visually arresting, emotionally resonant work -- and boasts an outstanding performance from Juliette Binoche in the bargain.",98.0
three colors white trois couleurs blanc,"Taking a lighter tone than the other films of the Three Colors trilogy, White is a witty, bittersweet comedy with heavier themes on its mind than one might at first realize.",87.0
three days of the condor,"This post-Watergate thriller captures the paranoid tenor of the times, thanks to Syndey Pollack's taut direction and excellent performances from Robert Redford and Faye Dunaway.",87.0
three men and a baby 3 men and a baby,"The American remake of the popular French comedy mostly works a charm under the combined talents of the three leads, who play nicely against type -- although forced plot elements and sentimentality at times dampen the fun.",75.0
throw momma from the train,"Danny DeVito's direction is too broad to offer the kind of nastiness that would have made Throw Momma from the Train truly special, but DeVito's on-screen chemistry with co-star Billy Crystal makes this a smoothly entertaining comedy.",63.0
thunderball,"Lavishly rendered set pieces and Sean Connery's enduring charm make Thunderball a big, fun adventure, even if it doesn't quite measure up to the series' previous heights.",86.0
thunderbolt and lightfoot,"This likable buddy/road picture deftly mixes action and comedy, and features excellent work from stars Clint Eastwood and Jeff Bridges and first-time director Michael Cimino.",90.0
la tigre e la neve the tiger and the snow,"The Tiger and the Snow proves Roberto Benigni's antics are bizarrely ill-suited for a film seeking to strike the unwieldy balance between romance, comedy, and wartime drama.",20.0
time share tiempo compartido,"Sharp, funny, and delightfully dark, Time Share (Tiempo Compartido) offers genre fans a complex thriller that sinks its hooks in fast and doesn't let go until the closing credits.",86.0
to all the boys ps i still love you,"To All the Boys: P.S. I Still Love You may feel like little more than an amiable postscript to its predecessor, but fans of the original should still find this a swoonworthy sequel.",75.0
to catch a thief,"It may occasionally be guilty of coasting on pure charm, but To Catch a Thief has it in spades -- as well as a pair of perfectly matched stars in Cary Grant and Grace Kelly.",96.0
to have and have not,"With Howard Hawks directing and Bogey and Bacall in front of the cameras, To Have and Have Not benefits from several levels of fine-tuned chemistry -- all of which ignite on screen.",97.0
to kill a mockingbird,"To Kill a Mockingbird is a textbook example of a message movie done right -- sober-minded and earnest, but never letting its social conscience get in the way of gripping drama.",92.0
to sir with love,"While it's a bit dated and overly schmaltzy, To Sir, With Love remains compelling because of Sidney Poitier's outstanding performance -- and the catchy theme song is a classic.",89.0
tokyo sonata tokyo sonata,J-Horror director Kiyoshi Kurosawa turns successfully to dramedy and gives a unique (and specifically national) perspective to the universal subjects of family and identity.,94.0
tomb raider,Tomb Raider reboots the franchise with a more grounded approach and a star who's clearly more than up to the task -- neither of which are well served by an uninspired origin story.,51.0
tomorrow never dies,"A competent, if sometimes by-the-numbers entry to the 007 franchise, Tomorrow Never Dies may not boast the most original plot but its action sequences are genuinely thrilling.",57.0
too big to fail,"Too Big to Fail has too sharp a script and superlative a cast to ever feel disposable, even when it teeters toward being an efficient explainer of recent history instead of a fully-realized drama.",77.0
top five,"As smart, funny, and trenchant as writer-director-star Chris Rock's best standup work, Top Five is a career highlight for its creator -- and one of the comedy standouts of 2014.",85.0
top gun,"Though it features some of the most memorable and electrifying aereial footage shot with an expert eye for action, Top Gun offers too little for non-adolescent viewers to chew on when its characters aren't in the air.",54.0
top hat,"A glamorous and enthralling Depression-era diversion, Top Hat is nearly flawless, with acrobatics by Fred Astaire and Ginger Rogers that make the hardest physical stunts seem light as air.",100.0
tora tora tora,"Tora! Tora! Tora! is scrupulously accurate and lays out of the tragedy of Pearl Harbor with intricate detail, but the film's clinical approach to the sound and fury signifies little feeling.",55.0
total recall,"While it boasts some impressive action sequences, Total Recall lacks the intricate plotting, wry humor, and fleshed out characters that made the original a sci-fi classic.",31.0
the tourist,"The scenery and the stars are undeniably beautiful, but they can't make up for The Tourist's slow, muddled plot, or the lack of chemistry between Johnny Depp and Angelina Jolie.",20.0
towelhead,"This story of politics, race and, sexual awakening has moments that pack a punch, but overall, Towelhead never quite achieves the nuance of helmer Alan Ball's television work.",49.0
the towering inferno,"Although it is not consistently engaging enough to fully justify its towering runtime, The Towering Inferno is a blustery spectacle that executes its disaster premise with flair.",69.0
town country,"Afflicted with extensive re-editing and re-writing, this sex comedy feels confusingly choppy. Also, the main characters are so wealthy and privileged that it's difficult to feel sympathy for their problems.",13.0
toy story 2,"The rare sequel that arguably improves on its predecessor, Toy Story 2 uses inventive storytelling, gorgeous animation, and a talented cast to deliver another rich moviegoing experience for all ages.",100.0
train to busan busanhaeng,"Train to Busan delivers a thrillingly unique -- and purely entertaining -- take on the zombie genre, with fully realized characters and plenty of social commentary to underscore the bursts of skillfully staged action.",94.0
trainspotting,"A brutal, often times funny, other times terrifying portrayal of drug addiction in Edinburgh. Not for the faint of heart, but well worth viewing as a realistic and entertaining reminder of the horrors of drug use.",91.0
trance,"As stylish as ever, director Danny Boyle seems to be treading water with the surprisingly thinly written Trance -- but for fans of Boyle's work, it should still prove a trippily entertaining distraction.",68.0
transcendence,"In his directorial debut, ace cinematographer Wally Pfister remains a distinctive visual stylist, but Transcendence's thought-provoking themes exceed the movie's narrative grasp.",19.0
transformers age of extinction,"With the fourth installment in Michael Bay's blockbuster Transformers franchise, nothing is in disguise: Fans of loud, effects-driven action will find satisfaction, and all others need not apply.",18.0
transformers the last knight,"Cacophonous, thinly plotted, and boasting state-of-the-art special effects, The Last Knight is pretty much what you'd expect from the fifth installment of the Transformers franchise.",15.0
trespass against us,"Trespass Against Us benefits from Michael Fassbender and Brendan Gleeson's typically strong performances, even when they aren't quite enough to balance the story's narrative drift and awkward tonal shifts.",57.0
triple 9,"Triple 9's pulpy potboiler thrills don't quite live up to the ferocious talents of its cast, but the film's efficient, solidly crafted genre fun is often enough to balance its troublesome flaws.",54.0
triple frontier,An outstanding cast and ambitious story help Triple Frontier overcome an uneven narrative -- and elevate the end result above a crowded field of grim and gritty heist thrillers.,70.0
trolls,"Trolls brings its instantly recognizable characters to the big screen in a colorful adventure that, while geared toward the younger set, isn't without rewards for parents.",76.0
tron,"Though perhaps not as strong dramatically as it is technologically, TRON is an original and visually stunning piece of science fiction that represents a landmark work in the history of computer animation.",72.0
trouble with the curve,"Though predictable and somewhat dramatically underwhelming, Trouble with the Curve benefits from Clint Eastwood's grizzled charisma and his easy chemistry with a charming Amy Adams.",51.0
trucker,Excellent performances by Michelle Monaghan and Nathan Fillion and keenly-observed details of small town life elevate this otherwise predictable and inconsistent melodrama.,59.0
true grit,"Girded by strong performances from Jeff Bridges, Matt Damon, and newcomer Hailee Steinfeld, and lifted by some of the Coens' most finely tuned, unaffected work, True Grit is a worthy companion to the Charles Portis book.",96.0
true story,"James Franco and Jonah Hill make a watchable pair, but True Story loses their performances -- and the viewer's interest -- in a muddled movie that bungles its fact-based tale.",45.0
the truman show,"A funny, tender, and thought-provoking film, The Truman Show is all the more noteworthy for its remarkably prescient vision of runaway celebrity culture and a nation with an insatiable thirst for the private details of ordinary lives.",95.0
trumbo,"Trumbo serves as an honorable and well-acted tribute to a brilliant writer's principled stand, even if it doesn't quite achieve the greatness of its subject's own classic screenplays.",74.0
tucker the man and his dream,"Though it may not be as comprehensive as some would like, Francis Ford Coppola's cheerful biopic of the failed automotive designer features sparkling direction and a strong central performance from Jeff Bridges.",83.0
tully,"Tully delves into the modern parenthood experience with an admirably deft blend of humor and raw honesty, brought to life by an outstanding performance by Charlize Theron.",87.0
turbo,"It's nowhere near as inventive as its off-the-wall premise might suggest, but Turbo boasts just enough colorful visual thrills and sharp voice acting to recommend as undemanding family-friendly fare.",66.0
twelfth night,"Director Trevor Nunn makes some questionable choices, but his stellar cast -- which includes Helena Bonham-Carter, Ben Kingsley, and Nigel Hawthorne -- more than rises to the material.",76.0
the twilight saga new moon,"The Twilight Saga's second installment may satisfy hardcore fans of the series, but outsiders are likely to be turned off by its slow pace, relentlessly downcast tone, and excessive length.",28.0
two can play that game,"As a romantic comedy, Two Can Play That Game is more mean-spirited than romantic. Also, some critics say the movie is misogynistic in its attitudes and has too many blatant product placements.",41.0
two thousand maniacs,"It didn't take much to thrill early splatter fans, and Two Thousand Maniacs! proves it with its shrill soundtrack, basement-level theatrics, and goofy flesh-tearing gore.",41.0
umberto d,"Anchored by Carlo Battisti's moving performance as Umberto D, Vittorio de Sica's deeply empathetic character study is a bracing glimpse into the lives of the downtrodden.",97.0
una,"Una's well-matched leads bring an uncomfortable story fearlessly to life, keeping the movie consistently gripping as it navigates the tricky journey from stage to screen.",76.0
unbreakable,"With a weaker ending, Unbreakable is not as a good as The Sixth Sense. However, it is a quietly suspenseful film that intrigues and engages, taking the audience through unpredictable twists and turns along the way.",70.0
undead,This low-budget homage to the zombie genre borrows heavily from superior predecessors and revels in a pile of its own campiness -- neither original nor watchable enough to entertain.,32.0
under the silver lake,"Under the Silver Lake hits its stride slightly more often than it stumbles, but it's hard not to admire - or be drawn in by - writer-director David Robert Mitchell's ambition.",59.0
under the skin,"Its message may prove elusive for some, but with absorbing imagery and a mesmerizing performance from Scarlett Johansson, Under the Skin is a haunting viewing experience.",85.0
underworld blood wars,"Underworld: Blood Wars delivers another round of the stylized violence that the series is known for, but -- like many fifth franchise installments -- offers precious little of interest to the unconverted.",21.0
unfinished business,"Unfocused and unfunny, Unfinished Business lives down to its title with a slipshod screenplay and poorly directed performances that would have been better left unreleased.",10.0
unforgettable,"Unforgettable's talented cast makes this domestic thriller consistently watchable, even if its failure to fully embrace its premise's campy possibilities prevents it from living up to its title.",28.0
unfriended dark web,"Unfriended: Dark Web is more interested in chills than an exploration of its timely themes, but horror fans should still find this sequel to be steadily, undeniably effective.",59.0
unicorn store,"It'll be best enjoyed by audiences with a high tolerance for colorful whimsy, but Unicorn Store is easy to like -- and it suggests Brie Larson has a future behind the camera.",64.0
universal soldier day of reckoning,"The mooted final installment in the long-running series is a hyper-violent, often grim throwback to action movies of yore -- which will appeal to some audiences just as emphatically as it deters others.",57.0
unlocked,Unlocked strands an all-star cast in a spy thriller whose embrace of old-school formula might be refreshing if it weren't bogged down in genre clichés and a predictable plot.,26.0
client 9 the rise and fall of eliot spitzer,Client 9: The Rise and Fall of Eliot Spitzer finds director Alex Gibney once again probing the dark corners of politics with thought-provoking insights and hard-hitting evidence.,90.0
the untouchables,"Slick on the surface but loaded with artful touches, Brian DePalma's classical gangster thriller is a sharp look at period Chicago crime, featuring excellent performances from a top-notch cast.",82.0
upstream color,"As technically brilliant as it is narratively abstract, Upstream Color represents experimental American cinema at its finest -- and reaffirms Shane Carruth as a talent to watch.",86.0
the us vs john lennon,"Though it glosses over anything negative about Lennon, this documentary offers a lot of fascinating archival footage, plus its political issues still have relevance for today.",77.0
the usual suspects,"Expertly shot and edited, The Usual Suspects gives the audience a simple plot and then piles on layers of deceit, twists, and violence before pulling out the rug from underneath.",89.0
vacation,"Borrowing a basic storyline from the film that inspired it but forgetting the charm, wit, and heart, Vacation is yet another nostalgia-driven retread that misses the mark.",27.0
valentine,Valentine is basically a formulaic throwback to conventional pre-Scream slasher flicks. Critics say it doesn't offer enough suspense or scares to justify its addition to the genre.,12.0
valerian and the city of a thousand planets,Valerian and the City of a Thousand Planets uses sheer kinetic energy and visual thrills to overcome narrative obstacles and offer a viewing experience whose surreal pleasures often outweigh its flaws.,48.0
vampire academy,"Though it may appeal to its built-in fanbase, Vampire Academy's Twilight-meets-Mean Girls conceit borrows lazily from its predecessors and offers few laughs or thrills to complement its overstuffed backstory.",16.0
vanilla sky,"An ambitious mix of genres, Vanilla Sky collapses into an incoherent jumble. Cruise's performance lacks depth, and it's hard to feel sympathy for his narcissistic character.",42.0
vehicle 19,"It starts with an interesting premise and Paul Walker is as handsomely brooding as ever, but Vehicle 19's incoherently shot action sequences make it a poor substitute for his work in the Fast & Furious movies.",23.0
venom,"Venom's first standalone movie turns out to be like the comics character in all the wrong ways - chaotic, noisy, and in desperate need of a stronger attachment to Spider-Man.",30.0
venus,"Audiences may attend to witness Peter O'Toole's Oscar-worthy performance, but they'll also be treated to a humane, tender exploration of maturing with both dignity and irreverence.",88.0
the verdict,"Paul Newman is at the peak of his powers as an attorney who never lived up to his potential in The Verdict, supported by David Mamet's crackling script and Sidney Lumet's confident direction.",88.0
verdict on auschwitz the frankfurt trial 19631965,"Using audiotapes from the Auschwitz Trail, intermixed with archival footage and photographs, Verdict on Auschwitz is an illuminating historical document and a damning indictment of the people who perpetuated those horrors.",100.0
veronica mars,"It might be a more entertaining watch for diehard fans of the show, but Veronica Mars offers enough sharp writing and solid performances to entertain viewers in the mood for a character-driven thriller.",79.0
vertical limit,"The plot in Vertical Limit is ludicrously contrived and cliched. Meanwhile, the action sequences are so over-the-top and piled one on top of another, they lessen the impact on the viewer.",48.0
very good girls,"Resting on a love triangle played out by poorly drawn characters, Very Good Girls succeeds mainly in making viewers want a better project for Dakota Fanning and Elizabeth Olsen.",19.0
victor frankenstein,"A re-imagining without the imagining, Victor Frankenstein plays at providing a fresh perspective on an oft-told tale, but ultimately offers little of interest that viewers haven't already seen in superior Frankenstein films.",26.0
victoria,"Victoria's single-take production is undeniably impressive, but it's also an effective drama in its own right -- and one that juggles its tonal shifts as deftly as its technical complexities.",82.0
vincere,"Part political treatise, part melodrama, Marco Bellocchio's Mussolini biopic forsakes historical details in favor of absorbing emotion -- and provides a showcase for a stunning performance from Giovanna Mezzogiorno.",92.0
the virgin suicides,"The Virgin Suicides drifts with a dreamlike melancholy that may strike some audiences as tedious, but Sofia Coppola's feature debut is a mature meditation on disaffected youth.",77.0
w kamau bell private school negro,"W. Kamau Bell's affable charisma makes Private School Negro a mirthful dissection of modern America, although although seasoned fans may find the material a bit familiar.",82.0
wagons east,"Wagons East! is a witless, toothless satire of Westerns that falls far below the standard set by Blazing Saddles, and is notable only for being John Candy's final screen performance.",0.0
waiting for superman,"Gripping, heartbreaking, and ultimately hopeful, Waiting for Superman is an impassioned indictment of the American school system from An Inconvenient Truth director Davis Guggenheim.",90.0
waking life,Waking Life's inventive animated aesthetic adds a distinctive visual component to a film that could easily have rested on its smart screenplay and talented ensemble cast.,81.0
waking sleeping beauty,"It doesn't probe as deep -- or tell as many hard truths -- as it could have, but Don Hahn's look at Disney's rebirth offers a fascinating and surprisingly candorous glimpse into the studio's past.",71.0
walle,"Wall-E's stellar visuals testify once again to Pixar's ingenuity, while its charming star will captivate younger viewers -- and its timely story offers thought-provoking subtext.",95.0
wall street money never sleeps,"It's more entertaining than many sequels, but with Oliver Stone directing, a terrific cast, and a timely storyline that picks up where the original left off, Wall Street: Money Never Sleeps should be better.",55.0
waltz with bashir,"A wholly innovative, original, and vital history lesson, with pioneering animation, Waltz With Bashir delivers its message about the Middle East in a mesmerizing fashion.",96.0
wanderlust,"It isn't always as funny as it should be, but Wanderlust benefits from an extremely talented cast and some of David Wain's most confident, assured work behind the camera.",59.0
war for the planet of the apes,"War for the Planet of the Apes combines breathtaking special effects and a powerful, poignant narrative to conclude this rebooted trilogy on a powerful -- and truly blockbuster -- note.",94.0
war of the worlds,Steven Spielberg's adaptation of War of the Worlds delivers on the thrill and paranoia of H.G. Wells' classic novel while impressively updating the action and effects for modern audiences.,75.0
war on everyone,War on Everyone boasts just enough dark humor and infectious energy to make this somewhat middling entry from writer-director John Michael McDonagh an entertaining diversion.,61.0
warcraft,"Warcraft has visual thrills to spare, but they -- and director Duncan Jones' distinctive gifts -- are wasted on a sluggish and derivative adaptation of a bestselling game with little evident cinematic value.",28.0
wargames war games,"Part delightfully tense techno-thriller, part refreshingly unpatronizing teen drama, WarGames is one of the more inventive -- and genuinely suspenseful -- Cold War movies of the 1980s.",93.0
watchers of the sky,"Watchers of the Sky offers a consistently gripping look at one man's incredible legacy, even if it can't hope to offer a comprehensive overview of a huge, complicated subject.",86.0
watchmen,"Gritty and visually striking, Watchmen is a faithful adaptation of Alan Moore's graphic novel, but its complex narrative structure may make it difficult for it to appeal to viewers not already familiar with the source material.",65.0
waterworld,"Though it suffered from toxic buzz at the time of its release, Waterworld is ultimately an ambitious misfire: an extravagant sci-fi flick with some decent moments and a lot of silly ones.",46.0
the way of the gun,"Christopher McQuarrie may exhibit a way behind the camera in the stylish The Way of the Gun, but his script falters with dull characterization and a plot so needlessly twisty that most viewers will be ready to tune out before the final reveal.",45.0
the way we were,"The Way We Were is not politically confrontational enough for its story of ideological opposites falling in love to feel authentic, but Barbra Streisand and Robert Redford's beaming star power gives this melodrama romantic lift.",63.0
we are marshall,"Matthew McConaughey almost runs We Are Marshall to the end zone, but can't stop it from taking the easy, feel-good route in memorializing this historic event in American sports.",48.0
we are still here,"Smart, powerfully acted, and devilishly clever, We Are Still Here offers some novel twists on familiar territory -- and heralds the arrival of a major talent in writer-director Ted Geoghegan.",95.0
we need to talk about kevin,"We Need to Talk About Kevin is a masterful blend of drama and horror, with fantastic performances across the board (Tilda Swinton especially, delivering one of her very best).",75.0
we steal secrets the story of wikileaks,"As fascinating as it is provocative, We Steal Secrets: The Story of Wikileaks presents another documentary triumph for director Alex Gibney, as well as a troubling look at one of the more meaningful issues of our time.",92.0
welcome to the punch,Welcome to the Punch is a little deeper and more thoughtful than most police dramas -- but not quite enough to surmount its thinly written characters and numbing violence.,48.0
west of memphis,"Both a sobering look at a true crime story and a scathing indictment of the American justice system, West of Memphis is a real-life horror story told with fury and compassion.",95.0
west side story,"Buoyed by Robert Wise's dazzling direction, Leonard Bernstein's score, and Stephen Sondheim's lyrics, West Side Story remains perhaps the most iconic of all the Shakespeare adaptations to visit the big screen.",92.0
what if,"Its narrative framework may be familiar, but What If transcends its derivative elements with sharp dialogue and the effervescent chemistry of stars Daniel Radcliffe and Zoe Kazan.",74.0
what maisie knew,"It's undeniably difficult to watch at times, but What Maisie Knew ultimately rises on the strength of its solidly sourced script, powerful performances, and empathetic direction.",87.0
what they had,"What They Had finds laughter and tears in its portrait of a family at a crossroads, with writer-director Elizabeth Chomko getting outstanding performances out of a talented cast.",86.0
what to expect when youre expecting,"The cast is stocked with likable performers, but What to Expect When You're Expecting is too disjointed -- and too reliant on stock rom-com cliches -- to live up to its distinguished literary namesake.",22.0
whats cooking,"What's Cooking? is well-acted, but the scenes sometimes sink into melodrama as characters scream at each other, and the movie as a whole is too lightweight and forgettable.",52.0
whats eating gilbert grape,"It's sentimental and somewhat predictable, but those are small complaints, given the tender atmosphere and moving performances at the heart of What's Eating Gilbert Grape.",90.0
when the game stands tall,"An uneasy blend of solid game sequences and threadbare inspirational sports drama clichés, When the Game Stands Tall is overshadowed by better players in a crowded field.",20.0
when we first met,"Much like its protagonist, When We First Met struggles in the cinematic ""friend zone"" -- and will face a slew of viewer breakups before finding much in the way of true love.",43.0
where the wild things are,"Some may find its dark tone and slender narrative off-putting, but Spike Jonze's heartfelt adaptation of the classic children's book is as beautiful as it is uncompromising.",73.0
whered you go bernadette,"Where'd You Go, Bernadette offers dispiriting proof that a talented director, bestselling source material, and terrific cast can add up to far less than the sum of their parts.",49.0
while were young,"Poignant and piercingly honest, While We're Young finds writer-director Noah Baumbach delivering some of his funniest lines through some of his most relatable characters.",84.0
while you were sleeping,"While You Were Sleeping is built wholly from familiar ingredients, but assembled with such skill -- and with such a charming performance from Sandra Bullock -- that it gives formula a good name.",80.0
whiplash,"Intense, inspiring, and well-acted, Whiplash is a brilliant sophomore effort from director Damien Chazelle and a riveting vehicle for stars J.K. Simmons and Miles Teller.",94.0
white bird in a blizzard,"Part suburban thriller, part sexual awakening drama -- and fully convincing as neither -- White Bird in a Blizzard rests a little too heavily on Shailene Woodley's typically superlative work.",54.0
white heat,Raoul Walsh's crime drama goes further into the psychology of a gangster than most fear to tread and James Cagney's portrayal of the tragic anti-hero is constantly volatile.,97.0
white material,"Isabelle Huppert is an immoveable object surrounded by unstoppable forces in White Material, an incendiary character study and political thriller that showcases director Claire Denis' expertise in ratcheting tension.",86.0
white squall,"Though it gets occasionally bogged down by touchy-feely sentiment, White Squall benefits greatly from Jeff Bridges' assured lead performance and Ridley Scott's visceral, exciting direction.",58.0
whitey united states of america v james j bulger,"An admirable yet incomplete effort to cover a sprawling subject, Whitey: United States of America v. James J. Bulger will leave viewers wanting more -- in good ways as well as bad.",80.0
who framed roger rabbit,"Who Framed Roger Rabbit is an innovative and entertaining film that features a groundbreaking mix of live action and animation, with a touching and original story to boot.",97.0
whos afraid of virginia woolf,"Led by a volcanic performance from Elizabeth Taylor, Who's Afraid of Virginia Woolf? is a scathing adaptation of the Edward Albee play that serves as a brilliant calling card for debuting director Mike Nichols.",95.0
why did i get married too,"It's bolstered by a strong performance from Janet Jackson, but ultimately, Tyler Perry's Why Did I Get Married Too? doesn't add anything new to Perry's melodramatic formula.",27.0
wild rose,"There's no shortage of star-is-born stories, but Wild Rose proves they can still be thoroughly entertaining -- and marks its own transcendent moment for lead Jessie Buckley.",92.0
wildlife,Wildlife's portrait of a family in crisis is beautifully composed by director Paul Dano -- and brought brilliantly to life by a career-best performance from Carey Mulligan.,93.0
willow creek,"Writer-director Bobcat Goldthwait's first foray into horror doesn't break any new ground, but it does wring fresh terror from a well-worn genre formula -- and offers a few nasty laughs in the bargain.",81.0
wilson,"Woody Harrelson delivers a solid performance as Wilson's titular grump, but the movie surrounding him can't quite manage to make the character's sour outlook consistently relatable.",47.0
wind river,"Wind River lures viewers into a character-driven mystery with smart writing, a strong cast, and a skillfully rendered setting that delivers the bitter chill promised by its title.",88.0
wings,"Subsequent war epics may have borrowed heavily from the original Best Picture winner, but they've all lacked Clara Bow's luminous screen presence and William Wellman's deft direction.",93.0
winnebago man,"Though it doesn't quite answer all of the questions it raises, Winnebago Man is nevertheless a fascinating, hilarious, and surprisingly poignant look at a geniunely colorful internet celebrity.",90.0
wish you were here,"Smart, slick, and thrilling, Wish You Were Here benefits from a compelling mystery at the center of its tightly wound plot, as well as strong performances from a cast that includes Joel Edgerton.",71.0
withnail and i,"Richard E. Grant and Paul McGann prove irresistibly hilarious as two misanthropic slackers in Withnail and I, a biting examination of artists living on the fringes of prosperity and good taste.",94.0
without limits,This drama about American track star and hero Steve Prefontaine intelligently looks at the character of this oft mythologized athlete and features a fantastic performance by Donald Sutherland as Prefontaine's trainer.,79.0
the wiz,"This workmanlike movie musical lacks the electricity of the stage version (and its cinematic inspiration), but it's bolstered by strong performances by Diana Ross and Michael Jackson.",42.0
woman in gold,"Woman in Gold benefits from its talented leads, but strong work from Helen Mirren and Ryan Reynolds isn't enough to overpower a disappointingly dull treatment of a fascinating true story.",57.0
woman on top,"Despite Penelope Cruz's beauty and charm, the movie is too tepid to be a romance and too silly to be believable. And the movie is too eager to please with an ending that seems more like a cop out.",35.0
a woman under the influence,"Electrified by searing performances from Gena Rowlands and Peter Falk, A Woman Under the Influence finds pioneering independent filmmaker John Cassavetes working at his artistic peak.",90.0
woman walks ahead,"Woman Walks Ahead gets some extra mileage out of watchable work from Jessica Chastain and Michael Greyeyes, but uneven pacing and two-dimensional characters undermine their efforts.",53.0
women in trouble,"Sebastian Gutierrez certainly has an eye for the beauty of the female form, but Women in Trouble lacks a compelling script or point of view to go with its curvaceous visual appeal.",29.0
wonder wheel,"Wonder Wheel gathers a charming cast in an inviting period setting, but they aren't enough to consistently breathe life into a Woody Allen project that never quite comes together.",31.0
wonderstruck,"Wonderstruck's efforts to juggle timelines and tonal shifts aren't always smooth, but the end result still adds up to an emotional journey whose visual thrills live up to its title.",68.0
the woodsman,"Kevin Bacon's performance as a pedophile who is trying to start fresh has drawn raves from critics, who have praised the Woodsman as compelling, creepy, complex and well-crafted.",88.0
woodstock 3 days of peace music,"By documenting arguably the most renowned music festival in history, Woodstock: 3 Days of Peace & Music achieves the rare feat of capturing the unique spirit of its time.",100.0
wordplay,"You see them hunched over with their brows furrowed, folded newspaper in hand as they attempt to complete the crossword puzzle. This may even describe you. This ingeniously edited documentary introduces viewers to some of the more dedicated fans of this solitary pastime, none more well-known the puzzle editor for the New York Times, Will Shortz. This underground world provides a surprising amount of crowd-pleasing entertainment and suspense, especially at the annual crossword tournament. Didn't know there was one, did you?",94.0
words and pictures,"While both talented performers in their own right, Juliette Binoche and Clive Owen are decidedly mismatched in Words and Pictures, and they aren't done many favors by the movie's awkwardly constructed screenplay.",43.0
the world is not enough,"Plagued by mediocre writing, uneven acting, and a fairly by-the-numbers plot, The World Is Not Enough is partially saved by some entertaining and truly Bond-worthy action sequences.",52.0
wreckit ralph,"Equally entertaining for both kids and parents old enough to catch the references, Wreck-It Ralph is a clever, colorful adventure built on familiar themes and joyful nostalgia.",87.0
wrestling ernest hemingway,"Predictable but moving, Wrestling Ernest Hemingway is an understated and melancholic drama that gets plenty of mileage out of an outstanding cast that includes Robert Duvall, Richard Harris, Shirley MacLaine, and Sandra Bullock.",57.0
wristcutters a love story,Wristcutters: A Love Story sounds like a normal enough indie flick. Boy meets girl. Boy gets separated from girl. Boy goes on a road trip with friends to find girl and gains a new perspective on life. Except everybody's dead.,67.0
wrongfully accused,"Wrongfully Accused of being a comedy worthy of Leslie Nielsen's involvement, this misbegotten spoof might have fewer laughs than the straight-faced thriller that inspired it.",21.0
wuthering heights,"Director Andrea Arnold's gritty, naturalistic re-imagining of the Emily Bronte classic stays true to the book's spirit while utilizing an unconventional approach to explore the romantic yearning at the heart of the story.",68.0
the xfiles i want to believe the x files 2,"The chemistry between leads David Duchovny and Gillian Anderson do live up to The X-Files' televised legacy, but the roving plot and droning routines make it hard to identify just what we're meant to believe in.",31.0
xmen apocalypse,"Overloaded action and a cliched villain take the focus away from otherwise strong performers and resonant themes, making X-Men: Apocalypse a middling chapter of the venerable superhero franchise.",47.0
xmen,"Faithful to the comics and filled with action, X-Men brings a crowded slate of classic Marvel characters to the screen with a talented ensemble cast and surprisingly sharp narrative focus.",81.0
xx,XX's array of distinct female filmmaking voices -- and the empowerment their collection represents -- offer enough thrills to make up for the overall uneven quality that plagues most anthology projects.,70.0
xxx,"It has an endearing lack of seriousness, and Vin Diesel has more than enough muscle for the starring role, but ultimately, XXX is a missed opportunity to breathe new life into the spy thriller genre.",48.0
xxx return of xander cage,"xXx: Return of Xander Cage should satisfy fans of the first two installments, but its preponderance of set pieces can't quite make up for a tired storyline that fails to take the franchise -- or action fans -- anywhere new.",45.0
the year of living dangerously,"Both a smart, suspenseful tale of intrigue and a sweeping romance, The Year of Living Dangerously features excellent performances from Mel Gibson and Sigourney Weaver as a pair of journalists covering political unrest in Indonesia.",88.0
year of the fish,"This modernized and rotoscope-animated update on the Cinderella story is charming at times and visually impressive, but audiences may find it to be too coarse for children and too superficial for adults.",58.0
you can count on me,"You Can Count On Me may look like it belongs on the small screen, but the movie surprises with its simple yet affecting story. Beautifully acted and crafted, the movie will simply draw you in.",95.0
you cant take it with you,"It's predictably uplifting fare from Frank Capra, perhaps the most consciously uplifting of all great American directors -- but thanks to immensely appealing performances and a nimble script, You Can't Take It With You is hard not to love.",93.0
you only live twice,"With exotic locales, impressive special effects, and a worthy central villain, You Only Live Twice overcomes a messy and implausible story to deliver another memorable early Bond flick.",73.0
you were never really here,"Bracingly elevated by a typically committed lead performance from Joaquin Phoenix, You Were Never Really Here confirms writer-director Lynne Ramsay as one of modern cinema's most unique -- and uncompromising -- voices.",89.0
young adult,"Despite its somewhat dour approach, Young Adult is a funny and ultimately powerful no-holds-barred examination of prolonged adolescence, thanks largely to a convincing performance by Charlize Theron.",80.0
young beautiful jeune et jolie,"Ozon may not explore his themes as fully as he should, but Young & Beautiful poses enough intriguing questions -- and features a strong enough performance from Marine Vacth -- to compensate for its frustrations.",73.0
young mr lincoln,"Young Mr. Lincoln smartly sidesteps the grandeur of the 16th president's historical significance and instead hones in on his modest decency, powerfully embodied by Henry Fonda.",100.0
your friends neighbors,"Though it may strike some viewers as cold and unpleasant, Neil LaBute's Your Friends & Neighbors is an incisive critique of sexual politics wrapped up in a scathing black comedy.",77.0
your highness,"Big budgets and costumes in service of scatalogical jokes may seem funny on paper, but in execution this is a highly monotonous romp that registers only occasional laughs.",28.0
youth,"Gorgeously filmed and beautifully acted, Youth offers an enticing -- albeit flawed -- opportunity to witness an impressive array of seasoned veterans combining their cinematic might.",72.0
youth in revolt,"It may not entirely do its source material justice, but Miguel Arteta's Youth in Revolt is a fun, funny comic romp that lets Michael Cera stretch a little and introduces filmgoers to a major find in Portia Doubleday.",66.0
zaytoun,"It has a lot on its mind, including a timely storyline with real-world significance; unfortunately, Zaytoun's reach exceeds its grasp, partly due to the presence of a miscast Stephen Dorff.",46.0
zero days,"Factors beyond Gibney's control prevent Zero Days from offering a comprehensive look at its subject, but the partial picture that emerges remains as frightening as it is impossible to ignore.",92.0
zero motivation,"Darkly funny and understatedly absurd, Zero Motivation is a refreshing addition to the canon of irreverent war comedies -- and an intriguing calling card for writer-director Talya Lavie.",88.0
zipper,"Patrick Wilson tries his best to elevate tawdry material, but Zipper is a morality tale that makes its points so clumsily that they inspire more unintentional laughter than thought.",20.0
zodiac,"A quiet, dialogue-driven thriller that delivers with scene after scene of gut-wrenching anxiety. David Fincher also spends more time illustrating nuances of his characters and recreating the mood of the 70s than he does on gory details of murder.",89.0
zoolander 2,Zoolander No. 2 has more celebrity cameos than laughs -- and its meager handful of memorable gags outnumbers the few worthwhile ideas discernible in its scattershot rehash of a script.,22.0
zootopia,"The brilliantly well-rounded Zootopia offers a thoughtful, inclusive message that's as rich and timely as its sumptuously state-of-the-art animation -- all while remaining fast and funny enough to keep younger viewers entertained.",98.0
zulu,"Zulu patiently establishes a cast of colorful characters and insurmountable stakes before unleashing its white-knuckle spectacle, delivering an unforgettable war epic in the bargain.",96.0
